"rule","engine","severity","tags","file","startLine","startColumn","endLine","endColumn","message","resources"
"sort-keys","eslint",3,"BestPractices,JavaScript,TypeScript","force-app/main/default/lwc/installationTimeline/installationTimeline.js",5,21,5,30,"Expected object keys to be in ascending order. 'fieldName' should be before 'label'.","https://eslint.org/docs/latest/rules/sort-keys"
"sort-keys","eslint",3,"BestPractices,JavaScript,TypeScript","force-app/main/default/lwc/installationTimeline/installationTimeline.js",6,22,6,31,"Expected object keys to be in ascending order. 'fieldName' should be before 'label'.","https://eslint.org/docs/latest/rules/sort-keys"
"sort-keys","eslint",3,"BestPractices,JavaScript,TypeScript","force-app/main/default/lwc/installationTimeline/installationTimeline.js",6,61,6,75,"Expected object keys to be in ascending order. 'cellAttributes' should be before 'type'.","https://eslint.org/docs/latest/rules/sort-keys"
"sort-keys","eslint",3,"BestPractices,JavaScript,TypeScript","force-app/main/default/lwc/installationTimeline/installationTimeline.js",7,23,7,32,"Expected object keys to be in ascending order. 'fieldName' should be before 'label'.","https://eslint.org/docs/latest/rules/sort-keys"
"sort-keys","eslint",3,"BestPractices,JavaScript,TypeScript","force-app/main/default/lwc/installationTimeline/installationTimeline.js",8,29,8,38,"Expected object keys to be in ascending order. 'fieldName' should be before 'label'.","https://eslint.org/docs/latest/rules/sort-keys"
"sort-keys","eslint",3,"BestPractices,JavaScript,TypeScript","force-app/main/default/lwc/installationTimeline/installationTimeline.js",20,5,20,11,"Expected object keys to be in ascending order. 'fields' should be before 'relatedListId'.","https://eslint.org/docs/latest/rules/sort-keys"
"sort-keys","eslint",3,"BestPractices,JavaScript,TypeScript","force-app/main/default/lwc/installationTimeline/installationTimeline.js",34,9,34,16,"Expected object keys to be in ascending order. 'arrival' should be before 'quantity'.","https://eslint.org/docs/latest/rules/sort-keys"
"no-undefined","eslint",3,"BestPractices,JavaScript,TypeScript","force-app/main/default/lwc/installationTimeline/installationTimeline.js",37,20,37,29,"Unexpected use of undefined.","https://eslint.org/docs/latest/rules/no-undefined"
"no-magic-numbers","eslint",3,"BestPractices,JavaScript","force-app/main/default/lwc/installationTimeline/installationTimeline.js",45,31,45,32,"No magic number: 0.","https://eslint.org/docs/latest/rules/no-magic-numbers"
"@lwc/lwc-platform/no-process-env","eslint",3,"Recommended,LWC,BestPractices,JavaScript","scripts/badges/parse-claim.mjs",13,14,13,25,"Usage of `process.env.ISSUE_BODY` is not allowed",
"one-var","eslint",3,"BestPractices,JavaScript,TypeScript,Fixable","scripts/badges/parse-claim.mjs",14,1,14,56,"Combine this with the previous 'const' statement.","https://eslint.org/docs/latest/rules/one-var"
"@lwc/lwc-platform/no-process-env","eslint",3,"Recommended,LWC,BestPractices,JavaScript","scripts/badges/parse-claim.mjs",14,17,14,28,"Usage of `process.env.ISSUE_AUTHOR` is not allowed",
"func-style","eslint",3,"BestPractices,JavaScript,TypeScript","scripts/badges/parse-claim.mjs",17,1,29,2,"Expected a function expression.","https://eslint.org/docs/latest/rules/func-style"
"require-unicode-regexp","eslint",3,"BestPractices,JavaScript,TypeScript","scripts/badges/parse-claim.mjs",18,19,18,87,"Use the 'u' flag.","https://eslint.org/docs/latest/rules/require-unicode-regexp"
"one-var","eslint",3,"BestPractices,JavaScript,TypeScript,Fixable","scripts/badges/parse-claim.mjs",19,3,19,37,"Combine this with the previous 'const' statement.","https://eslint.org/docs/latest/rules/one-var"
"no-magic-numbers","eslint",3,"BestPractices,JavaScript","scripts/badges/parse-claim.mjs",23,16,23,17,"No magic number: 1.","https://eslint.org/docs/latest/rules/no-magic-numbers"
"require-unicode-regexp","eslint",3,"BestPractices,JavaScript,TypeScript","scripts/badges/parse-claim.mjs",24,12,24,19,"Use the 'u' flag.","https://eslint.org/docs/latest/rules/require-unicode-regexp"
"func-style","eslint",3,"BestPractices,JavaScript,TypeScript","scripts/badges/parse-claim.mjs",31,1,43,2,"Expected a function expression.","https://eslint.org/docs/latest/rules/func-style"
"no-magic-numbers","eslint",3,"BestPractices,JavaScript","scripts/badges/parse-claim.mjs",35,55,35,57,"No magic number: 36.","https://eslint.org/docs/latest/rules/no-magic-numbers"
"no-magic-numbers","eslint",3,"BestPractices,JavaScript","scripts/badges/parse-claim.mjs",35,65,35,66,"No magic number: 2.","https://eslint.org/docs/latest/rules/no-magic-numbers"
"no-console","eslint",3,"BestPractices,JavaScript,TypeScript","scripts/badges/parse-claim.mjs",36,7,36,18,"Unexpected console statement.","https://eslint.org/docs/latest/rules/no-console"
"no-console","eslint",3,"BestPractices,JavaScript,TypeScript","scripts/badges/parse-claim.mjs",37,7,37,18,"Unexpected console statement.","https://eslint.org/docs/latest/rules/no-console"
"no-console","eslint",3,"BestPractices,JavaScript,TypeScript","scripts/badges/parse-claim.mjs",38,7,38,18,"Unexpected console statement.","https://eslint.org/docs/latest/rules/no-console"
"no-console","eslint",3,"BestPractices,JavaScript,TypeScript","scripts/badges/parse-claim.mjs",40,7,40,18,"Unexpected console statement.","https://eslint.org/docs/latest/rules/no-console"
"func-style","eslint",3,"BestPractices,JavaScript,TypeScript","scripts/badges/parse-claim.mjs",45,1,48,2,"Expected a function expression.","https://eslint.org/docs/latest/rules/func-style"
"sort-keys","eslint",3,"BestPractices,JavaScript,TypeScript","scripts/badges/parse-claim.mjs",46,28,46,34,"Expected object keys to be in ascending order. 'reason' should be before 'valid'.","https://eslint.org/docs/latest/rules/sort-keys"
"@lwc/lwc-platform/no-process-env","eslint",3,"Recommended,LWC,BestPractices,JavaScript","scripts/badges/parse-claim.mjs",47,3,47,15,"Usage of `process.exit` is not allowed",
"no-magic-numbers","eslint",3,"BestPractices,JavaScript","scripts/badges/parse-claim.mjs",47,16,47,17,"No magic number: 0.","https://eslint.org/docs/latest/rules/no-magic-numbers"
"one-var","eslint",3,"BestPractices,JavaScript,TypeScript,Fixable","scripts/badges/parse-claim.mjs",51,1,51,33,"Combine this with the previous 'const' statement.","https://eslint.org/docs/latest/rules/one-var"
"one-var","eslint",3,"BestPractices,JavaScript,TypeScript,Fixable","scripts/badges/parse-claim.mjs",52,1,52,49,"Combine this with the previous 'const' statement.","https://eslint.org/docs/latest/rules/one-var"
"prefer-named-capture-group","eslint",3,"BestPractices,JavaScript,TypeScript","scripts/badges/parse-claim.mjs",52,35,52,47,"Capture group '([123])' should be converted to a named or non-capturing group.","https://eslint.org/docs/latest/rules/prefer-named-capture-group"
"require-unicode-regexp","eslint",3,"BestPractices,JavaScript,TypeScript","scripts/badges/parse-claim.mjs",52,35,52,47,"Use the 'u' flag.","https://eslint.org/docs/latest/rules/require-unicode-regexp"
"one-var","eslint",3,"BestPractices,JavaScript,TypeScript,Fixable","scripts/badges/parse-claim.mjs",63,1,63,37,"Combine this with the previous 'const' statement.","https://eslint.org/docs/latest/rules/one-var"
"no-magic-numbers","eslint",3,"BestPractices,JavaScript","scripts/badges/parse-claim.mjs",63,33,63,34,"No magic number: 1.","https://eslint.org/docs/latest/rules/no-magic-numbers"
"one-var","eslint",3,"BestPractices,JavaScript,TypeScript,Fixable","scripts/badges/parse-claim.mjs",66,1,66,51,"Combine this with the previous 'const' statement.","https://eslint.org/docs/latest/rules/one-var"
"require-unicode-regexp","eslint",3,"BestPractices,JavaScript,TypeScript","scripts/badges/parse-claim.mjs",67,6,67,30,"Use the 'u' flag.","https://eslint.org/docs/latest/rules/require-unicode-regexp"
"one-var","eslint",3,"BestPractices,JavaScript,TypeScript,Fixable","scripts/badges/parse-claim.mjs",81,1,81,48,"Combine this with the previous 'const' statement.","https://eslint.org/docs/latest/rules/one-var"
"one-var","eslint",3,"BestPractices,JavaScript,TypeScript,Fixable","scripts/badges/parse-claim.mjs",82,1,82,132,"Combine this with the previous 'const' statement.","https://eslint.org/docs/latest/rules/one-var"
"prefer-named-capture-group","eslint",3,"BestPractices,JavaScript,TypeScript","scripts/badges/parse-claim.mjs",82,33,82,130,"Capture group '([A-Za-z0-9][A-Za-z0-9-]{0,38})' should be converted to a named or non-capturing group.","https://eslint.org/docs/latest/rules/prefer-named-capture-group"
"prefer-named-capture-group","eslint",3,"BestPractices,JavaScript,TypeScript","scripts/badges/parse-claim.mjs",82,33,82,130,"Capture group '([A-Za-z0-9._-]{1,100}?)' should be converted to a named or non-capturing group.","https://eslint.org/docs/latest/rules/prefer-named-capture-group"
"require-unicode-regexp","eslint",3,"BestPractices,JavaScript,TypeScript","scripts/badges/parse-claim.mjs",82,33,82,130,"Use the 'u' flag.","https://eslint.org/docs/latest/rules/require-unicode-regexp"
"one-var","eslint",3,"BestPractices,JavaScript,TypeScript,Fixable","scripts/badges/parse-claim.mjs",100,1,100,35,"Combine this with the previous 'const' statement.","https://eslint.org/docs/latest/rules/one-var"
"capitalized-comments","eslint",3,"BestPractices,JavaScript,TypeScript,Fixable","scripts/badges/parse-claim.mjs",116,1,116,80,"Comments should not begin with a lowercase character.","https://eslint.org/docs/latest/rules/capitalized-comments"
"capitalized-comments","eslint",3,"BestPractices,JavaScript,TypeScript,Fixable","scripts/badges/parse-claim.mjs",117,1,117,79,"Comments should not begin with a lowercase character.","https://eslint.org/docs/latest/rules/capitalized-comments"
"sort-keys","eslint",3,"BestPractices,JavaScript,TypeScript","scripts/badges/parse-claim.mjs",136,3,136,9,"Expected object keys to be in ascending order. 'reason' should be before 'valid'.","https://eslint.org/docs/latest/rules/sort-keys"
"sort-keys","eslint",3,"BestPractices,JavaScript,TypeScript","scripts/badges/parse-claim.mjs",137,3,137,8,"Expected object keys to be in ascending order. 'level' should be before 'reason'.","https://eslint.org/docs/latest/rules/sort-keys"
"sort-keys","eslint",3,"BestPractices,JavaScript,TypeScript","scripts/badges/parse-claim.mjs",138,3,138,9,"Expected object keys to be in ascending order. 'handle' should be before 'level'.","https://eslint.org/docs/latest/rules/sort-keys"
"sort-keys","eslint",3,"BestPractices,JavaScript,TypeScript","scripts/badges/parse-claim.mjs",140,3,140,7,"Expected object keys to be in ascending order. 'repo' should be before 'trailblazer'.","https://eslint.org/docs/latest/rules/sort-keys"
"sort-imports","eslint",3,"BestPractices,JavaScript,TypeScript,Fixable","scripts/badges/render.mjs",12,1,12,37,"Imports should be sorted alphabetically.","https://eslint.org/docs/latest/rules/sort-imports"
"one-var","eslint",3,"BestPractices,JavaScript,TypeScript,Fixable","scripts/badges/render.mjs",16,1,16,45,"Combine this with the previous 'const' statement.","https://eslint.org/docs/latest/rules/one-var"
"one-var","eslint",3,"BestPractices,JavaScript,TypeScript,Fixable","scripts/badges/render.mjs",17,1,17,42,"Combine this with the previous 'const' statement.","https://eslint.org/docs/latest/rules/one-var"
"one-var","eslint",3,"BestPractices,JavaScript,TypeScript,Fixable","scripts/badges/render.mjs",19,1,19,97,"Combine this with the previous 'const' statement.","https://eslint.org/docs/latest/rules/one-var"
"one-var","eslint",3,"BestPractices,JavaScript,TypeScript,Fixable","scripts/badges/render.mjs",20,1,20,35,"Combine this with the previous 'const' statement.","https://eslint.org/docs/latest/rules/one-var"
"one-var","eslint",3,"BestPractices,JavaScript,TypeScript,Fixable","scripts/badges/render.mjs",21,1,21,47,"Combine this with the previous 'const' statement.","https://eslint.org/docs/latest/rules/one-var"
"one-var","eslint",3,"BestPractices,JavaScript,TypeScript,Fixable","scripts/badges/render.mjs",23,1,27,3,"Combine this with the previous 'const' statement.","https://eslint.org/docs/latest/rules/one-var"
"sort-keys","eslint",3,"BestPractices,JavaScript,TypeScript","scripts/badges/render.mjs",24,48,24,51,"Expected object keys to be in ascending order. 'hue' should be before 'name'.","https://eslint.org/docs/latest/rules/sort-keys"
"sort-keys","eslint",3,"BestPractices,JavaScript,TypeScript","scripts/badges/render.mjs",24,64,24,69,"Expected object keys to be in ascending order. 'blurb' should be before 'hue'.","https://eslint.org/docs/latest/rules/sort-keys"
"sort-keys","eslint",3,"BestPractices,JavaScript,TypeScript","scripts/badges/render.mjs",25,41,25,44,"Expected object keys to be in ascending order. 'hue' should be before 'name'.","https://eslint.org/docs/latest/rules/sort-keys"
"sort-keys","eslint",3,"BestPractices,JavaScript,TypeScript","scripts/badges/render.mjs",25,57,25,62,"Expected object keys to be in ascending order. 'blurb' should be before 'hue'.","https://eslint.org/docs/latest/rules/sort-keys"
"sort-keys","eslint",3,"BestPractices,JavaScript,TypeScript","scripts/badges/render.mjs",26,45,26,48,"Expected object keys to be in ascending order. 'hue' should be before 'name'.","https://eslint.org/docs/latest/rules/sort-keys"
"sort-keys","eslint",3,"BestPractices,JavaScript,TypeScript","scripts/badges/render.mjs",26,61,26,66,"Expected object keys to be in ascending order. 'blurb' should be before 'hue'.","https://eslint.org/docs/latest/rules/sort-keys"
"one-var","eslint",3,"BestPractices,JavaScript,TypeScript,Fixable","scripts/badges/render.mjs",29,1,29,47,"Combine this with the previous 'const' statement.","https://eslint.org/docs/latest/rules/one-var"
"@lwc/lwc-platform/no-process-env","eslint",3,"Recommended,LWC,BestPractices,JavaScript","scripts/badges/render.mjs",29,24,29,36,"Usage of `process.argv.slice` is not allowed",
"no-magic-numbers","eslint",3,"BestPractices,JavaScript","scripts/badges/render.mjs",29,43,29,44,"No magic number: 2.","https://eslint.org/docs/latest/rules/no-magic-numbers"
"no-console","eslint",3,"BestPractices,JavaScript,TypeScript","scripts/badges/render.mjs",31,3,31,16,"Unexpected console statement.","https://eslint.org/docs/latest/rules/no-console"
"@lwc/lwc-platform/no-process-env","eslint",3,"Recommended,LWC,BestPractices,JavaScript","scripts/badges/render.mjs",32,3,32,15,"Usage of `process.exit` is not allowed",
"no-magic-numbers","eslint",3,"BestPractices,JavaScript","scripts/badges/render.mjs",32,16,32,17,"No magic number: 2.","https://eslint.org/docs/latest/rules/no-magic-numbers"
"one-var","eslint",3,"BestPractices,JavaScript,TypeScript,Fixable","scripts/badges/render.mjs",35,1,35,63,"Combine this with the previous 'const' statement.","https://eslint.org/docs/latest/rules/one-var"
"no-console","eslint",3,"BestPractices,JavaScript,TypeScript","scripts/badges/render.mjs",37,3,37,16,"Unexpected console statement.","https://eslint.org/docs/latest/rules/no-console"
"@lwc/lwc-platform/no-process-env","eslint",3,"Recommended,LWC,BestPractices,JavaScript","scripts/badges/render.mjs",38,3,38,15,"Usage of `process.exit` is not allowed",
"no-magic-numbers","eslint",3,"BestPractices,JavaScript","scripts/badges/render.mjs",38,16,38,17,"No magic number: 1.","https://eslint.org/docs/latest/rules/no-magic-numbers"
"one-var","eslint",3,"BestPractices,JavaScript,TypeScript,Fixable","scripts/badges/render.mjs",41,1,41,29,"Combine this with the previous 'const' statement.","https://eslint.org/docs/latest/rules/one-var"
"prefer-destructuring","eslint",3,"BestPractices,JavaScript,Fixable","scripts/badges/render.mjs",41,7,41,28,"Use object destructuring.","https://eslint.org/docs/latest/rules/prefer-destructuring"
"one-var","eslint",3,"BestPractices,JavaScript,TypeScript,Fixable","scripts/badges/render.mjs",42,1,42,27,"Combine this with the previous 'const' statement.","https://eslint.org/docs/latest/rules/one-var"
"prefer-destructuring","eslint",3,"BestPractices,JavaScript,Fixable","scripts/badges/render.mjs",42,7,42,26,"Use object destructuring.","https://eslint.org/docs/latest/rules/prefer-destructuring"
"one-var","eslint",3,"BestPractices,JavaScript,TypeScript,Fixable","scripts/badges/render.mjs",43,1,43,53,"Combine this with the previous 'const' statement.","https://eslint.org/docs/latest/rules/one-var"
"no-magic-numbers","eslint",3,"BestPractices,JavaScript","scripts/badges/render.mjs",43,46,43,47,"No magic number: 0.","https://eslint.org/docs/latest/rules/no-magic-numbers"
"no-magic-numbers","eslint",3,"BestPractices,JavaScript","scripts/badges/render.mjs",43,49,43,51,"No magic number: 10.","https://eslint.org/docs/latest/rules/no-magic-numbers"
"one-var","eslint",3,"BestPractices,JavaScript,TypeScript,Fixable","scripts/badges/render.mjs",44,1,44,34,"Combine this with the previous 'const' statement.","https://eslint.org/docs/latest/rules/one-var"
"func-style","eslint",3,"BestPractices,JavaScript,TypeScript","scripts/badges/render.mjs",47,1,56,2,"Expected a function expression.","https://eslint.org/docs/latest/rules/func-style"
"one-var","eslint",3,"BestPractices,JavaScript,TypeScript,Fixable","scripts/badges/render.mjs",49,3,49,49,"Combine this with the previous 'const' statement.","https://eslint.org/docs/latest/rules/one-var"
"require-unicode-regexp","eslint",3,"BestPractices,JavaScript,TypeScript","scripts/badges/render.mjs",51,14,51,28,"Use the 'u' flag.","https://eslint.org/docs/latest/rules/require-unicode-regexp"
"require-unicode-regexp","eslint",3,"BestPractices,JavaScript,TypeScript","scripts/badges/render.mjs",52,14,52,30,"Use the 'u' flag.","https://eslint.org/docs/latest/rules/require-unicode-regexp"
"require-unicode-regexp","eslint",3,"BestPractices,JavaScript,TypeScript","scripts/badges/render.mjs",53,14,53,29,"Use the 'u' flag.","https://eslint.org/docs/latest/rules/require-unicode-regexp"
"require-unicode-regexp","eslint",3,"BestPractices,JavaScript,TypeScript","scripts/badges/render.mjs",54,14,54,31,"Use the 'u' flag.","https://eslint.org/docs/latest/rules/require-unicode-regexp"
"require-unicode-regexp","eslint",3,"BestPractices,JavaScript,TypeScript","scripts/badges/render.mjs",55,14,55,29,"Use the 'u' flag.","https://eslint.org/docs/latest/rules/require-unicode-regexp"
"func-style","eslint",3,"BestPractices,JavaScript,TypeScript","scripts/badges/render.mjs",57,1,59,2,"Expected a function expression.","https://eslint.org/docs/latest/rules/func-style"
"require-unicode-regexp","eslint",3,"BestPractices,JavaScript,TypeScript","scripts/badges/render.mjs",58,32,58,42,"Use the 'u' flag.","https://eslint.org/docs/latest/rules/require-unicode-regexp"
"sort-keys","eslint",3,"BestPractices,JavaScript,TypeScript","scripts/badges/render.mjs",58,81,58,84,"Expected object keys to be in ascending order. '&' should be before '>'.","https://eslint.org/docs/latest/rules/sort-keys"
"sort-keys","eslint",3,"BestPractices,JavaScript,TypeScript","scripts/badges/render.mjs",58,95,58,98,"Expected object keys to be in ascending order. '""' should be before '&'.","https://eslint.org/docs/latest/rules/sort-keys"
"one-var","eslint",3,"BestPractices,JavaScript,TypeScript,Fixable","scripts/badges/render.mjs",65,1,65,56,"Combine this with the previous 'const' statement.","https://eslint.org/docs/latest/rules/one-var"
"one-var","eslint",3,"BestPractices,JavaScript,TypeScript,Fixable","scripts/badges/render.mjs",66,1,66,128,"Combine this with the previous 'const' statement.","https://eslint.org/docs/latest/rules/one-var"
"no-ternary","eslint",3,"BestPractices,JavaScript,TypeScript","scripts/badges/render.mjs",66,16,66,127,"Ternary operator used.","https://eslint.org/docs/latest/rules/no-ternary"
"sort-keys","eslint",3,"BestPractices,JavaScript,TypeScript","scripts/badges/render.mjs",66,115,66,121,"Expected object keys to be in ascending order. 'badges' should be before 'recipient'.","https://eslint.org/docs/latest/rules/sort-keys"
"capitalized-comments","eslint",3,"BestPractices,JavaScript,TypeScript,Fixable","scripts/badges/render.mjs",74,3,74,44,"Comments should not begin with a lowercase character.","https://eslint.org/docs/latest/rules/capitalized-comments"
"sort-keys","eslint",3,"BestPractices,JavaScript,TypeScript","scripts/badges/render.mjs",76,3,76,8,"Expected object keys to be in ascending order. 'level' should be before 'type'.","https://eslint.org/docs/latest/rules/sort-keys"
"sort-keys","eslint",3,"BestPractices,JavaScript,TypeScript","scripts/badges/render.mjs",78,3,78,14,"Expected object keys to be in ascending order. 'description' should be before 'name'.","https://eslint.org/docs/latest/rules/sort-keys"
"sort-keys","eslint",3,"BestPractices,JavaScript,TypeScript","scripts/badges/render.mjs",82,5,82,11,"Expected object keys to be in ascending order. 'course' should be before 'url'.","https://eslint.org/docs/latest/rules/sort-keys"
"sort-keys","eslint",3,"BestPractices,JavaScript,TypeScript","scripts/badges/render.mjs",84,3,84,11,"Expected object keys to be in ascending order. 'issuedOn' should be before 'issuer'.","https://eslint.org/docs/latest/rules/sort-keys"
"sort-keys","eslint",3,"BestPractices,JavaScript,TypeScript","scripts/badges/render.mjs",85,3,85,11,"Expected object keys to be in ascending order. 'evidence' should be before 'issuedOn'.","https://eslint.org/docs/latest/rules/sort-keys"
"no-ternary","eslint",3,"BestPractices,JavaScript,TypeScript","scripts/badges/render.mjs",87,32,87,105,"Ternary operator used.","https://eslint.org/docs/latest/rules/no-ternary"
"sort-keys","eslint",3,"BestPractices,JavaScript,TypeScript","scripts/badges/render.mjs",90,3,90,15,"Expected object keys to be in ascending order. 'checksPassed' should be before 'image'.","https://eslint.org/docs/latest/rules/sort-keys"
"id-length","eslint",3,"BestPractices,JavaScript,TypeScript","scripts/badges/render.mjs",93,21,93,22,"Identifier name 'a' is too short (< 2).","https://eslint.org/docs/latest/rules/id-length"
"id-length","eslint",3,"BestPractices,JavaScript,TypeScript","scripts/badges/render.mjs",93,24,93,25,"Identifier name 'b' is too short (< 2).","https://eslint.org/docs/latest/rules/id-length"
"prefer-template","eslint",3,"BestPractices,JavaScript,TypeScript,Fixable","scripts/badges/render.mjs",94,30,94,68,"Unexpected string concatenation.","https://eslint.org/docs/latest/rules/prefer-template"
"no-magic-numbers","eslint",3,"BestPractices,JavaScript","scripts/badges/render.mjs",94,59,94,60,"No magic number: 2.","https://eslint.org/docs/latest/rules/no-magic-numbers"
"one-var","eslint",3,"BestPractices,JavaScript,TypeScript,Fixable","scripts/badges/render.mjs",97,1,99,15,"Combine this with the previous 'const' statement.","https://eslint.org/docs/latest/rules/one-var"
"one-var","eslint",3,"BestPractices,JavaScript,TypeScript,Fixable","scripts/badges/render.mjs",101,1,128,3,"Combine this with the previous 'const' statement.","https://eslint.org/docs/latest/rules/one-var"
"no-ternary","eslint",3,"BestPractices,JavaScript,TypeScript","scripts/badges/render.mjs",107,3,107,139,"Ternary operator used.","https://eslint.org/docs/latest/rules/no-ternary"
"no-ternary","eslint",3,"BestPractices,JavaScript,TypeScript","scripts/badges/render.mjs",114,47,114,189,"Ternary operator used.","https://eslint.org/docs/latest/rules/no-ternary"
"no-magic-numbers","eslint",3,"BestPractices,JavaScript","scripts/badges/render.mjs",114,61,114,62,"No magic number: 0.","https://eslint.org/docs/latest/rules/no-magic-numbers"
"no-magic-numbers","eslint",3,"BestPractices,JavaScript","scripts/badges/render.mjs",114,81,114,82,"No magic number: 0.","https://eslint.org/docs/latest/rules/no-magic-numbers"
"no-magic-numbers","eslint",3,"BestPractices,JavaScript","scripts/badges/render.mjs",114,93,114,94,"No magic number: 0.","https://eslint.org/docs/latest/rules/no-magic-numbers"
"no-magic-numbers","eslint",3,"BestPractices,JavaScript","scripts/badges/render.mjs",114,132,114,133,"No magic number: 0.","https://eslint.org/docs/latest/rules/no-magic-numbers"
"no-magic-numbers","eslint",3,"BestPractices,JavaScript","scripts/badges/render.mjs",114,144,114,145,"No magic number: 0.","https://eslint.org/docs/latest/rules/no-magic-numbers"
"no-console","eslint",3,"BestPractices,JavaScript,TypeScript","scripts/badges/render.mjs",132,1,132,12,"Unexpected console statement.","https://eslint.org/docs/latest/rules/no-console"
"no-console","eslint",3,"BestPractices,JavaScript,TypeScript","scripts/badges/render.mjs",133,1,133,12,"Unexpected console statement.","https://eslint.org/docs/latest/rules/no-console"
"no-console","eslint",3,"BestPractices,JavaScript,TypeScript","scripts/badges/render.mjs",134,1,134,12,"Unexpected console statement.","https://eslint.org/docs/latest/rules/no-console"
"no-console","eslint",3,"BestPractices,JavaScript,TypeScript","scripts/badges/render.mjs",135,1,135,12,"Unexpected console statement.","https://eslint.org/docs/latest/rules/no-console"
"sort-imports","eslint",3,"BestPractices,JavaScript,TypeScript,Fixable","scripts/build/data.mjs",13,1,13,37,"Imports should be sorted alphabetically.","https://eslint.org/docs/latest/rules/sort-imports"
"one-var","eslint",3,"BestPractices,JavaScript,TypeScript,Fixable","scripts/build/data.mjs",16,1,16,45,"Combine this with the previous 'const' statement.","https://eslint.org/docs/latest/rules/one-var"
"one-var","eslint",3,"BestPractices,JavaScript,TypeScript,Fixable","scripts/build/data.mjs",17,1,17,66,"Combine this with the previous 'const' statement.","https://eslint.org/docs/latest/rules/one-var"
"func-style","eslint",3,"BestPractices,JavaScript,TypeScript","scripts/build/data.mjs",21,1,24,2,"Expected a function expression.","https://eslint.org/docs/latest/rules/func-style"
"no-magic-numbers","eslint",3,"BestPractices,JavaScript","scripts/build/data.mjs",22,18,22,28,"No magic number: 1103515245.","https://eslint.org/docs/latest/rules/no-magic-numbers"
"no-magic-numbers","eslint",3,"BestPractices,JavaScript","scripts/build/data.mjs",22,31,22,36,"No magic number: 12345.","https://eslint.org/docs/latest/rules/no-magic-numbers"
"no-magic-numbers","eslint",3,"BestPractices,JavaScript","scripts/build/data.mjs",22,40,22,50,"No magic number: 2147483648.","https://eslint.org/docs/latest/rules/no-magic-numbers"
"no-magic-numbers","eslint",3,"BestPractices,JavaScript","scripts/build/data.mjs",23,17,23,27,"No magic number: 2147483648.","https://eslint.org/docs/latest/rules/no-magic-numbers"
"one-var","eslint",3,"BestPractices,JavaScript,TypeScript,Fixable","scripts/build/data.mjs",25,1,25,63,"Combine this with the previous 'const' statement.","https://eslint.org/docs/latest/rules/one-var"
"one-var","eslint",3,"BestPractices,JavaScript,TypeScript,Fixable","scripts/build/data.mjs",26,1,26,74,"Combine this with the previous 'const' statement.","https://eslint.org/docs/latest/rules/one-var"
"no-magic-numbers","eslint",3,"BestPractices,JavaScript","scripts/build/data.mjs",26,70,26,71,"No magic number: 1.","https://eslint.org/docs/latest/rules/no-magic-numbers"
"one-var","eslint",3,"BestPractices,JavaScript,TypeScript,Fixable","scripts/build/data.mjs",28,1,34,3,"Combine this with the previous 'const' statement.","https://eslint.org/docs/latest/rules/one-var"
"one-var","eslint",3,"BestPractices,JavaScript,TypeScript,Fixable","scripts/build/data.mjs",35,1,36,100,"Combine this with the previous 'const' statement.","https://eslint.org/docs/latest/rules/one-var"
"one-var","eslint",3,"BestPractices,JavaScript,TypeScript,Fixable","scripts/build/data.mjs",37,1,38,84,"Combine this with the previous 'const' statement.","https://eslint.org/docs/latest/rules/one-var"
"one-var","eslint",3,"BestPractices,JavaScript,TypeScript,Fixable","scripts/build/data.mjs",39,1,40,50,"Combine this with the previous 'const' statement.","https://eslint.org/docs/latest/rules/one-var"
"one-var","eslint",3,"BestPractices,JavaScript,TypeScript,Fixable","scripts/build/data.mjs",41,1,41,50,"Combine this with the previous 'const' statement.","https://eslint.org/docs/latest/rules/one-var"
"one-var","eslint",3,"BestPractices,JavaScript,TypeScript,Fixable","scripts/build/data.mjs",42,1,42,71,"Combine this with the previous 'const' statement.","https://eslint.org/docs/latest/rules/one-var"
"no-unused-vars","eslint",2,"Recommended,ErrorProne,JavaScript","scripts/build/data.mjs",42,7,42,15,"'STATUSES' is assigned a value but never used.","https://eslint.org/docs/latest/rules/no-unused-vars"
"func-style","eslint",3,"BestPractices,JavaScript,TypeScript","scripts/build/data.mjs",44,1,51,2,"Expected a function expression.","https://eslint.org/docs/latest/rules/func-style"
"no-magic-numbers","eslint",3,"BestPractices,JavaScript","scripts/build/data.mjs",45,36,45,37,"No magic number: 0.","https://eslint.org/docs/latest/rules/no-magic-numbers"
"one-var","eslint",3,"BestPractices,JavaScript,TypeScript,Fixable","scripts/build/data.mjs",46,3,49,5,"Combine this with the previous 'const' statement.","https://eslint.org/docs/latest/rules/one-var"
"id-length","eslint",3,"BestPractices,JavaScript,TypeScript","scripts/build/data.mjs",46,16,46,17,"Identifier name 'v' is too short (< 2).","https://eslint.org/docs/latest/rules/id-length"
"id-length","eslint",3,"BestPractices,JavaScript,TypeScript","scripts/build/data.mjs",47,11,47,12,"Identifier name 's' is too short (< 2).","https://eslint.org/docs/latest/rules/id-length"
"no-ternary","eslint",3,"BestPractices,JavaScript,TypeScript","scripts/build/data.mjs",47,15,47,61,"Ternary operator used.","https://eslint.org/docs/latest/rules/no-ternary"
"no-undefined","eslint",3,"BestPractices,JavaScript,TypeScript","scripts/build/data.mjs",47,35,47,44,"Unexpected use of undefined.","https://eslint.org/docs/latest/rules/no-undefined"
"no-ternary","eslint",3,"BestPractices,JavaScript,TypeScript","scripts/build/data.mjs",48,12,48,63,"Ternary operator used.","https://eslint.org/docs/latest/rules/no-ternary"
"require-unicode-regexp","eslint",3,"BestPractices,JavaScript,TypeScript","scripts/build/data.mjs",48,12,48,20,"Use the 'u' flag.","https://eslint.org/docs/latest/rules/require-unicode-regexp"
"require-unicode-regexp","eslint",3,"BestPractices,JavaScript,TypeScript","scripts/build/data.mjs",48,45,48,49,"Use the 'u' flag.","https://eslint.org/docs/latest/rules/require-unicode-regexp"
"prefer-template","eslint",3,"BestPractices,JavaScript,TypeScript,Fixable","scripts/build/data.mjs",50,10,50,108,"Unexpected string concatenation.","https://eslint.org/docs/latest/rules/prefer-template"
"id-length","eslint",3,"BestPractices,JavaScript,TypeScript","scripts/build/data.mjs",50,43,50,44,"Identifier name 'r' is too short (< 2).","https://eslint.org/docs/latest/rules/id-length"
"id-length","eslint",3,"BestPractices,JavaScript,TypeScript","scripts/build/data.mjs",50,62,50,63,"Identifier name 'h' is too short (< 2).","https://eslint.org/docs/latest/rules/id-length"
"func-style","eslint",3,"BestPractices,JavaScript,TypeScript","scripts/build/data.mjs",53,1,57,2,"Expected a function expression.","https://eslint.org/docs/latest/rules/func-style"
"id-length","eslint",3,"BestPractices,JavaScript,TypeScript","scripts/build/data.mjs",54,9,54,10,"Identifier name 'd' is too short (< 2).","https://eslint.org/docs/latest/rules/id-length"
"no-magic-numbers","eslint",3,"BestPractices,JavaScript","scripts/build/data.mjs",54,31,54,35,"No magic number: 2026.","https://eslint.org/docs/latest/rules/no-magic-numbers"
"no-magic-numbers","eslint",3,"BestPractices,JavaScript","scripts/build/data.mjs",54,37,54,38,"No magic number: 0.","https://eslint.org/docs/latest/rules/no-magic-numbers"
"no-magic-numbers","eslint",3,"BestPractices,JavaScript","scripts/build/data.mjs",54,40,54,42,"No magic number: 15.","https://eslint.org/docs/latest/rules/no-magic-numbers"
"no-magic-numbers","eslint",3,"BestPractices,JavaScript","scripts/build/data.mjs",56,32,56,33,"No magic number: 0.","https://eslint.org/docs/latest/rules/no-magic-numbers"
"no-magic-numbers","eslint",3,"BestPractices,JavaScript","scripts/build/data.mjs",56,35,56,37,"No magic number: 10.","https://eslint.org/docs/latest/rules/no-magic-numbers"
"one-var","eslint",3,"BestPractices,JavaScript,TypeScript,Fixable","scripts/build/data.mjs",60,1,60,21,"Combine this with the previous 'const' statement.","https://eslint.org/docs/latest/rules/one-var"
"id-length","eslint",3,"BestPractices,JavaScript,TypeScript","scripts/build/data.mjs",61,10,61,11,"Identifier name 'i' is too short (< 2).","https://eslint.org/docs/latest/rules/id-length"
"no-magic-numbers","eslint",3,"BestPractices,JavaScript","scripts/build/data.mjs",61,22,61,24,"No magic number: 40.","https://eslint.org/docs/latest/rules/no-magic-numbers"
"no-plusplus","eslint",3,"BestPractices,JavaScript,TypeScript","scripts/build/data.mjs",61,26,61,29,"Unary operator '++' used.","https://eslint.org/docs/latest/rules/no-plusplus"
"no-magic-numbers","eslint",3,"BestPractices,JavaScript","scripts/build/data.mjs",64,57,64,58,"No magic number: 2.","https://eslint.org/docs/latest/rules/no-magic-numbers"
"sort-keys","eslint",3,"BestPractices,JavaScript,TypeScript","scripts/build/data.mjs",66,5,66,13,"Expected object keys to be in ascending order. 'Industry' should be before 'Type'.","https://eslint.org/docs/latest/rules/sort-keys"
"sort-keys","eslint",3,"BestPractices,JavaScript,TypeScript","scripts/build/data.mjs",67,5,67,16,"Expected object keys to be in ascending order. 'BillingCity' should be before 'Industry'.","https://eslint.org/docs/latest/rules/sort-keys"
"no-magic-numbers","eslint",3,"BestPractices,JavaScript","scripts/build/data.mjs",69,28,69,30,"No magic number: 10.","https://eslint.org/docs/latest/rules/no-magic-numbers"
"no-magic-numbers","eslint",3,"BestPractices,JavaScript","scripts/build/data.mjs",69,32,69,34,"No magic number: 99.","https://eslint.org/docs/latest/rules/no-magic-numbers"
"no-magic-numbers","eslint",3,"BestPractices,JavaScript","scripts/build/data.mjs",69,47,69,50,"No magic number: 100.","https://eslint.org/docs/latest/rules/no-magic-numbers"
"no-magic-numbers","eslint",3,"BestPractices,JavaScript","scripts/build/data.mjs",69,52,69,55,"No magic number: 999.","https://eslint.org/docs/latest/rules/no-magic-numbers"
"no-magic-numbers","eslint",3,"BestPractices,JavaScript","scripts/build/data.mjs",69,68,69,71,"No magic number: 100.","https://eslint.org/docs/latest/rules/no-magic-numbers"
"no-magic-numbers","eslint",3,"BestPractices,JavaScript","scripts/build/data.mjs",69,73,69,76,"No magic number: 999.","https://eslint.org/docs/latest/rules/no-magic-numbers"
"sort-keys","eslint",3,"BestPractices,JavaScript,TypeScript","scripts/build/data.mjs",70,5,70,16,"Expected object keys to be in ascending order. 'Description' should be before 'Phone'.","https://eslint.org/docs/latest/rules/sort-keys"
"one-var","eslint",3,"BestPractices,JavaScript,TypeScript,Fixable","scripts/build/data.mjs",75,1,75,21,"Combine this with the previous 'const' statement.","https://eslint.org/docs/latest/rules/one-var"
"id-length","eslint",3,"BestPractices,JavaScript,TypeScript","scripts/build/data.mjs",76,10,76,11,"Identifier name 'i' is too short (< 2).","https://eslint.org/docs/latest/rules/id-length"
"no-magic-numbers","eslint",3,"BestPractices,JavaScript","scripts/build/data.mjs",76,22,76,24,"No magic number: 60.","https://eslint.org/docs/latest/rules/no-magic-numbers"
"no-plusplus","eslint",3,"BestPractices,JavaScript,TypeScript","scripts/build/data.mjs",76,26,76,29,"Unary operator '++' used.","https://eslint.org/docs/latest/rules/no-plusplus"
"one-var","eslint",3,"BestPractices,JavaScript,TypeScript,Fixable","scripts/build/data.mjs",78,3,78,29,"Combine this with the previous 'const' statement.","https://eslint.org/docs/latest/rules/one-var"
"one-var","eslint",3,"BestPractices,JavaScript,TypeScript,Fixable","scripts/build/data.mjs",79,3,79,27,"Combine this with the previous 'const' statement.","https://eslint.org/docs/latest/rules/one-var"
"sort-keys","eslint",3,"BestPractices,JavaScript,TypeScript","scripts/build/data.mjs",83,5,83,10,"Expected object keys to be in ascending order. 'Email' should be before 'LastName'.","https://eslint.org/docs/latest/rules/sort-keys"
"no-magic-numbers","eslint",3,"BestPractices,JavaScript","scripts/build/data.mjs",83,79,83,80,"No magic number: 2.","https://eslint.org/docs/latest/rules/no-magic-numbers"
"sort-keys","eslint",3,"BestPractices,JavaScript,TypeScript","scripts/build/data.mjs",85,5,85,10,"Expected object keys to be in ascending order. 'Phone' should be before 'Title'.","https://eslint.org/docs/latest/rules/sort-keys"
"no-magic-numbers","eslint",3,"BestPractices,JavaScript","scripts/build/data.mjs",85,28,85,30,"No magic number: 10.","https://eslint.org/docs/latest/rules/no-magic-numbers"
"no-magic-numbers","eslint",3,"BestPractices,JavaScript","scripts/build/data.mjs",85,32,85,34,"No magic number: 99.","https://eslint.org/docs/latest/rules/no-magic-numbers"
"no-magic-numbers","eslint",3,"BestPractices,JavaScript","scripts/build/data.mjs",85,47,85,50,"No magic number: 100.","https://eslint.org/docs/latest/rules/no-magic-numbers"
"no-magic-numbers","eslint",3,"BestPractices,JavaScript","scripts/build/data.mjs",85,52,85,55,"No magic number: 999.","https://eslint.org/docs/latest/rules/no-magic-numbers"
"no-magic-numbers","eslint",3,"BestPractices,JavaScript","scripts/build/data.mjs",85,68,85,71,"No magic number: 100.","https://eslint.org/docs/latest/rules/no-magic-numbers"
"no-magic-numbers","eslint",3,"BestPractices,JavaScript","scripts/build/data.mjs",85,73,85,76,"No magic number: 999.","https://eslint.org/docs/latest/rules/no-magic-numbers"
"sort-keys","eslint",3,"BestPractices,JavaScript,TypeScript","scripts/build/data.mjs",86,5,86,19,"Expected object keys to be in ascending order. 'Account.Name' should be before 'Phone'.","https://eslint.org/docs/latest/rules/sort-keys"
"one-var","eslint",3,"BestPractices,JavaScript,TypeScript,Fixable","scripts/build/data.mjs",91,1,91,26,"Combine this with the previous 'const' statement.","https://eslint.org/docs/latest/rules/one-var"
"id-length","eslint",3,"BestPractices,JavaScript,TypeScript","scripts/build/data.mjs",92,10,92,11,"Identifier name 'i' is too short (< 2).","https://eslint.org/docs/latest/rules/id-length"
"no-magic-numbers","eslint",3,"BestPractices,JavaScript","scripts/build/data.mjs",92,22,92,24,"No magic number: 25.","https://eslint.org/docs/latest/rules/no-magic-numbers"
"no-plusplus","eslint",3,"BestPractices,JavaScript,TypeScript","scripts/build/data.mjs",92,26,92,29,"Unary operator '++' used.","https://eslint.org/docs/latest/rules/no-plusplus"
"no-magic-numbers","eslint",3,"BestPractices,JavaScript","scripts/build/data.mjs",93,33,93,34,"No magic number: 3.","https://eslint.org/docs/latest/rules/no-magic-numbers"
"no-magic-numbers","eslint",3,"BestPractices,JavaScript","scripts/build/data.mjs",95,65,95,66,"No magic number: 2.","https://eslint.org/docs/latest/rules/no-magic-numbers"
"sort-keys","eslint",3,"BestPractices,JavaScript,TypeScript","scripts/build/data.mjs",97,5,97,14,"Expected object keys to be in ascending order. 'CloseDate' should be before 'StageName'.","https://eslint.org/docs/latest/rules/sort-keys"
"no-magic-numbers","eslint",3,"BestPractices,JavaScript","scripts/build/data.mjs",97,32,97,35,"No magic number: -60.","https://eslint.org/docs/latest/rules/no-magic-numbers"
"no-magic-numbers","eslint",3,"BestPractices,JavaScript","scripts/build/data.mjs",97,37,97,40,"No magic number: 120.","https://eslint.org/docs/latest/rules/no-magic-numbers"
"sort-keys","eslint",3,"BestPractices,JavaScript,TypeScript","scripts/build/data.mjs",98,5,98,11,"Expected object keys to be in ascending order. 'Amount' should be before 'CloseDate'.","https://eslint.org/docs/latest/rules/sort-keys"
"no-magic-numbers","eslint",3,"BestPractices,JavaScript","scripts/build/data.mjs",98,21,98,22,"No magic number: 8.","https://eslint.org/docs/latest/rules/no-magic-numbers"
"no-magic-numbers","eslint",3,"BestPractices,JavaScript","scripts/build/data.mjs",98,24,98,26,"No magic number: 95.","https://eslint.org/docs/latest/rules/no-magic-numbers"
"no-magic-numbers","eslint",3,"BestPractices,JavaScript","scripts/build/data.mjs",98,30,98,34,"No magic number: 1000.","https://eslint.org/docs/latest/rules/no-magic-numbers"
"sort-keys","eslint",3,"BestPractices,JavaScript,TypeScript","scripts/build/data.mjs",100,5,100,19,"Expected object keys to be in ascending order. 'Account.Name' should be before 'Type'.","https://eslint.org/docs/latest/rules/sort-keys"
"capitalized-comments","eslint",3,"BestPractices,JavaScript,TypeScript,Fixable","scripts/build/data.mjs",106,1,106,79,"Comments should not begin with a lowercase character.","https://eslint.org/docs/latest/rules/capitalized-comments"
"one-var","eslint",3,"BestPractices,JavaScript,TypeScript,Fixable","scripts/build/data.mjs",107,1,107,26,"Combine this with the previous 'const' statement.","https://eslint.org/docs/latest/rules/one-var"
"id-length","eslint",3,"BestPractices,JavaScript,TypeScript","scripts/build/data.mjs",108,10,108,11,"Identifier name 'i' is too short (< 2).","https://eslint.org/docs/latest/rules/id-length"
"no-magic-numbers","eslint",3,"BestPractices,JavaScript","scripts/build/data.mjs",108,22,108,24,"No magic number: 30.","https://eslint.org/docs/latest/rules/no-magic-numbers"
"no-plusplus","eslint",3,"BestPractices,JavaScript,TypeScript","scripts/build/data.mjs",108,26,108,29,"Unary operator '++' used.","https://eslint.org/docs/latest/rules/no-plusplus"
"no-magic-numbers","eslint",3,"BestPractices,JavaScript","scripts/build/data.mjs",109,33,109,34,"No magic number: 5.","https://eslint.org/docs/latest/rules/no-magic-numbers"
"one-var","eslint",3,"BestPractices,JavaScript,TypeScript,Fixable","scripts/build/data.mjs",110,3,110,101,"Combine this with the previous 'const' statement.","https://eslint.org/docs/latest/rules/one-var"
"no-nested-ternary","eslint",3,"BestPractices,JavaScript,TypeScript","scripts/build/data.mjs",110,18,110,100,"Do not nest ternary expressions.","https://eslint.org/docs/latest/rules/no-nested-ternary"
"no-ternary","eslint",3,"BestPractices,JavaScript,TypeScript","scripts/build/data.mjs",110,18,110,100,"Ternary operator used.","https://eslint.org/docs/latest/rules/no-ternary"
"no-magic-numbers","eslint",3,"BestPractices,JavaScript","scripts/build/data.mjs",110,23,110,24,"No magic number: 8.","https://eslint.org/docs/latest/rules/no-magic-numbers"
"no-nested-ternary","eslint",3,"BestPractices,JavaScript,TypeScript","scripts/build/data.mjs",110,41,110,100,"Do not nest ternary expressions.","https://eslint.org/docs/latest/rules/no-nested-ternary"
"no-ternary","eslint",3,"BestPractices,JavaScript,TypeScript","scripts/build/data.mjs",110,41,110,100,"Ternary operator used.","https://eslint.org/docs/latest/rules/no-ternary"
"no-magic-numbers","eslint",3,"BestPractices,JavaScript","scripts/build/data.mjs",110,46,110,48,"No magic number: 12.","https://eslint.org/docs/latest/rules/no-magic-numbers"
"no-ternary","eslint",3,"BestPractices,JavaScript,TypeScript","scripts/build/data.mjs",110,67,110,100,"Ternary operator used.","https://eslint.org/docs/latest/rules/no-ternary"
"no-magic-numbers","eslint",3,"BestPractices,JavaScript","scripts/build/data.mjs",110,72,110,74,"No magic number: 20.","https://eslint.org/docs/latest/rules/no-magic-numbers"
"camelcase","eslint",3,"BestPractices,JavaScript,TypeScript","scripts/build/data.mjs",112,5,112,19,"Identifier 'External_Id__c' is not in camel case.","https://eslint.org/docs/latest/rules/camelcase"
"no-magic-numbers","eslint",3,"BestPractices,JavaScript","scripts/build/data.mjs",112,52,112,53,"No magic number: 3.","https://eslint.org/docs/latest/rules/no-magic-numbers"
"sort-keys","eslint",3,"BestPractices,JavaScript,TypeScript","scripts/build/data.mjs",113,5,113,22,"Expected object keys to be in ascending order. 'Account__r.Name' should be before 'External_Id__c'.","https://eslint.org/docs/latest/rules/sort-keys"
"camelcase","eslint",3,"BestPractices,JavaScript,TypeScript","scripts/build/data.mjs",114,5,114,14,"Identifier 'Status__c' is not in camel case.","https://eslint.org/docs/latest/rules/camelcase"
"sort-keys","eslint",3,"BestPractices,JavaScript,TypeScript","scripts/build/data.mjs",115,5,115,20,"Expected object keys to be in ascending order. 'Install_Date__c' should be before 'Status__c'.","https://eslint.org/docs/latest/rules/sort-keys"
"camelcase","eslint",3,"BestPractices,JavaScript,TypeScript","scripts/build/data.mjs",115,5,115,20,"Identifier 'Install_Date__c' is not in camel case.","https://eslint.org/docs/latest/rules/camelcase"
"no-ternary","eslint",3,"BestPractices,JavaScript,TypeScript","scripts/build/data.mjs",115,30,115,90,"Ternary operator used.","https://eslint.org/docs/latest/rules/no-ternary"
"no-magic-numbers","eslint",3,"BestPractices,JavaScript","scripts/build/data.mjs",115,63,115,67,"No magic number: -120.","https://eslint.org/docs/latest/rules/no-magic-numbers"
"no-magic-numbers","eslint",3,"BestPractices,JavaScript","scripts/build/data.mjs",115,69,115,72,"No magic number: -20.","https://eslint.org/docs/latest/rules/no-magic-numbers"
"no-magic-numbers","eslint",3,"BestPractices,JavaScript","scripts/build/data.mjs",115,84,115,85,"No magic number: 5.","https://eslint.org/docs/latest/rules/no-magic-numbers"
"no-magic-numbers","eslint",3,"BestPractices,JavaScript","scripts/build/data.mjs",115,87,115,89,"No magic number: 90.","https://eslint.org/docs/latest/rules/no-magic-numbers"
"camelcase","eslint",3,"BestPractices,JavaScript,TypeScript","scripts/build/data.mjs",116,5,116,17,"Identifier 'Roof_Type__c' is not in camel case.","https://eslint.org/docs/latest/rules/camelcase"
"sort-keys","eslint",3,"BestPractices,JavaScript,TypeScript","scripts/build/data.mjs",117,5,117,17,"Expected object keys to be in ascending order. 'Crew_Size__c' should be before 'Roof_Type__c'.","https://eslint.org/docs/latest/rules/sort-keys"
"camelcase","eslint",3,"BestPractices,JavaScript,TypeScript","scripts/build/data.mjs",117,5,117,17,"Identifier 'Crew_Size__c' is not in camel case.","https://eslint.org/docs/latest/rules/camelcase"
"camelcase","eslint",3,"BestPractices,JavaScript,TypeScript","scripts/build/data.mjs",118,5,118,25,"Identifier 'Total_Capacity_kW__c' is not in camel case.","https://eslint.org/docs/latest/rules/camelcase"
"no-magic-numbers","eslint",3,"BestPractices,JavaScript","scripts/build/data.mjs",118,36,118,38,"No magic number: 30.","https://eslint.org/docs/latest/rules/no-magic-numbers"
"no-magic-numbers","eslint",3,"BestPractices,JavaScript","scripts/build/data.mjs",118,40,118,43,"No magic number: 140.","https://eslint.org/docs/latest/rules/no-magic-numbers"
"no-magic-numbers","eslint",3,"BestPractices,JavaScript","scripts/build/data.mjs",118,47,118,49,"No magic number: 10.","https://eslint.org/docs/latest/rules/no-magic-numbers"
"no-magic-numbers","eslint",3,"BestPractices,JavaScript","scripts/build/data.mjs",118,59,118,60,"No magic number: 2.","https://eslint.org/docs/latest/rules/no-magic-numbers"
"one-var","eslint",3,"BestPractices,JavaScript,TypeScript,Fixable","scripts/build/data.mjs",123,1,123,25,"Combine this with the previous 'const' statement.","https://eslint.org/docs/latest/rules/one-var"
"one-var","eslint",3,"BestPractices,JavaScript,TypeScript,Fixable","scripts/build/data.mjs",124,1,124,17,"Combine this with the previous 'let' statement.","https://eslint.org/docs/latest/rules/one-var"
"no-magic-numbers","eslint",3,"BestPractices,JavaScript","scripts/build/data.mjs",126,25,126,26,"No magic number: 2.","https://eslint.org/docs/latest/rules/no-magic-numbers"
"no-magic-numbers","eslint",3,"BestPractices,JavaScript","scripts/build/data.mjs",126,28,126,29,"No magic number: 3.","https://eslint.org/docs/latest/rules/no-magic-numbers"
"id-length","eslint",3,"BestPractices,JavaScript,TypeScript","scripts/build/data.mjs",127,12,127,13,"Identifier name 'b' is too short (< 2).","https://eslint.org/docs/latest/rules/id-length"
"no-magic-numbers","eslint",3,"BestPractices,JavaScript","scripts/build/data.mjs",127,54,127,56,"No magic number: 80.","https://eslint.org/docs/latest/rules/no-magic-numbers"
"no-plusplus","eslint",3,"BestPractices,JavaScript,TypeScript","scripts/build/data.mjs",127,58,127,61,"Unary operator '++' used.","https://eslint.org/docs/latest/rules/no-plusplus"
"no-plusplus","eslint",3,"BestPractices,JavaScript,TypeScript","scripts/build/data.mjs",128,5,128,14,"Unary operator '++' used.","https://eslint.org/docs/latest/rules/no-plusplus"
"camelcase","eslint",3,"BestPractices,JavaScript,TypeScript","scripts/build/data.mjs",130,7,130,21,"Identifier 'External_Id__c' is not in camel case.","https://eslint.org/docs/latest/rules/camelcase"
"no-magic-numbers","eslint",3,"BestPractices,JavaScript","scripts/build/data.mjs",130,61,130,62,"No magic number: 3.","https://eslint.org/docs/latest/rules/no-magic-numbers"
"camelcase","eslint",3,"BestPractices,JavaScript,TypeScript","scripts/build/data.mjs",132,7,132,18,"Identifier 'Quantity__c' is not in camel case.","https://eslint.org/docs/latest/rules/camelcase"
"no-magic-numbers","eslint",3,"BestPractices,JavaScript","scripts/build/data.mjs",132,28,132,29,"No magic number: 8.","https://eslint.org/docs/latest/rules/no-magic-numbers"
"no-magic-numbers","eslint",3,"BestPractices,JavaScript","scripts/build/data.mjs",132,31,132,33,"No magic number: 32.","https://eslint.org/docs/latest/rules/no-magic-numbers"
"sort-keys","eslint",3,"BestPractices,JavaScript,TypeScript","scripts/build/data.mjs",133,7,133,22,"Expected object keys to be in ascending order. 'Arrival_Date__c' should be before 'Quantity__c'.","https://eslint.org/docs/latest/rules/sort-keys"
"camelcase","eslint",3,"BestPractices,JavaScript,TypeScript","scripts/build/data.mjs",133,7,133,22,"Identifier 'Arrival_Date__c' is not in camel case.","https://eslint.org/docs/latest/rules/camelcase"
"no-magic-numbers","eslint",3,"BestPractices,JavaScript","scripts/build/data.mjs",133,40,133,43,"No magic number: -90.","https://eslint.org/docs/latest/rules/no-magic-numbers"
"no-magic-numbers","eslint",3,"BestPractices,JavaScript","scripts/build/data.mjs",133,45,133,47,"No magic number: 60.","https://eslint.org/docs/latest/rules/no-magic-numbers"
"camelcase","eslint",3,"BestPractices,JavaScript,TypeScript","scripts/build/data.mjs",134,7,134,23,"Identifier 'Serial_Prefix__c' is not in camel case.","https://eslint.org/docs/latest/rules/camelcase"
"no-magic-numbers","eslint",3,"BestPractices,JavaScript","scripts/build/data.mjs",134,38,134,42,"No magic number: 2024.","https://eslint.org/docs/latest/rules/no-magic-numbers"
"no-magic-numbers","eslint",3,"BestPractices,JavaScript","scripts/build/data.mjs",134,44,134,48,"No magic number: 2026.","https://eslint.org/docs/latest/rules/no-magic-numbers"
"no-magic-numbers","eslint",3,"BestPractices,JavaScript","scripts/build/data.mjs",134,68,134,69,"No magic number: 1.","https://eslint.org/docs/latest/rules/no-magic-numbers"
"no-magic-numbers","eslint",3,"BestPractices,JavaScript","scripts/build/data.mjs",134,71,134,73,"No magic number: 99.","https://eslint.org/docs/latest/rules/no-magic-numbers"
"no-magic-numbers","eslint",3,"BestPractices,JavaScript","scripts/build/data.mjs",134,85,134,86,"No magic number: 2.","https://eslint.org/docs/latest/rules/no-magic-numbers"
"sort-keys","eslint",3,"BestPractices,JavaScript,TypeScript","scripts/build/data.mjs",135,7,135,14,"Expected object keys to be in ascending order. 'Cost__c' should be before 'Serial_Prefix__c'.","https://eslint.org/docs/latest/rules/sort-keys"
"camelcase","eslint",3,"BestPractices,JavaScript,TypeScript","scripts/build/data.mjs",135,7,135,14,"Identifier 'Cost__c' is not in camel case.","https://eslint.org/docs/latest/rules/camelcase"
"no-magic-numbers","eslint",3,"BestPractices,JavaScript","scripts/build/data.mjs",135,25,135,28,"No magic number: 900.","https://eslint.org/docs/latest/rules/no-magic-numbers"
"no-magic-numbers","eslint",3,"BestPractices,JavaScript","scripts/build/data.mjs",135,30,135,34,"No magic number: 4800.","https://eslint.org/docs/latest/rules/no-magic-numbers"
"no-magic-numbers","eslint",3,"BestPractices,JavaScript","scripts/build/data.mjs",135,45,135,46,"No magic number: 2.","https://eslint.org/docs/latest/rules/no-magic-numbers"
"no-magic-numbers","eslint",3,"BestPractices,JavaScript","scripts/build/data.mjs",139,30,139,32,"No magic number: 80.","https://eslint.org/docs/latest/rules/no-magic-numbers"
"no-plusplus","eslint",3,"BestPractices,JavaScript,TypeScript","scripts/build/data.mjs",140,3,140,12,"Unary operator '++' used.","https://eslint.org/docs/latest/rules/no-plusplus"
"camelcase","eslint",3,"BestPractices,JavaScript,TypeScript","scripts/build/data.mjs",143,5,143,19,"Identifier 'External_Id__c' is not in camel case.","https://eslint.org/docs/latest/rules/camelcase"
"no-magic-numbers","eslint",3,"BestPractices,JavaScript","scripts/build/data.mjs",143,59,143,60,"No magic number: 3.","https://eslint.org/docs/latest/rules/no-magic-numbers"
"camelcase","eslint",3,"BestPractices,JavaScript,TypeScript","scripts/build/data.mjs",145,5,145,16,"Identifier 'Quantity__c' is not in camel case.","https://eslint.org/docs/latest/rules/camelcase"
"no-magic-numbers","eslint",3,"BestPractices,JavaScript","scripts/build/data.mjs",145,26,145,27,"No magic number: 8.","https://eslint.org/docs/latest/rules/no-magic-numbers"
"no-magic-numbers","eslint",3,"BestPractices,JavaScript","scripts/build/data.mjs",145,29,145,31,"No magic number: 32.","https://eslint.org/docs/latest/rules/no-magic-numbers"
"sort-keys","eslint",3,"BestPractices,JavaScript,TypeScript","scripts/build/data.mjs",146,5,146,20,"Expected object keys to be in ascending order. 'Arrival_Date__c' should be before 'Quantity__c'.","https://eslint.org/docs/latest/rules/sort-keys"
"camelcase","eslint",3,"BestPractices,JavaScript,TypeScript","scripts/build/data.mjs",146,5,146,20,"Identifier 'Arrival_Date__c' is not in camel case.","https://eslint.org/docs/latest/rules/camelcase"
"no-magic-numbers","eslint",3,"BestPractices,JavaScript","scripts/build/data.mjs",146,38,146,41,"No magic number: -90.","https://eslint.org/docs/latest/rules/no-magic-numbers"
"no-magic-numbers","eslint",3,"BestPractices,JavaScript","scripts/build/data.mjs",146,43,146,45,"No magic number: 60.","https://eslint.org/docs/latest/rules/no-magic-numbers"
"camelcase","eslint",3,"BestPractices,JavaScript,TypeScript","scripts/build/data.mjs",147,5,147,21,"Identifier 'Serial_Prefix__c' is not in camel case.","https://eslint.org/docs/latest/rules/camelcase"
"no-magic-numbers","eslint",3,"BestPractices,JavaScript","scripts/build/data.mjs",147,36,147,40,"No magic number: 2024.","https://eslint.org/docs/latest/rules/no-magic-numbers"
"no-magic-numbers","eslint",3,"BestPractices,JavaScript","scripts/build/data.mjs",147,42,147,46,"No magic number: 2026.","https://eslint.org/docs/latest/rules/no-magic-numbers"
"no-magic-numbers","eslint",3,"BestPractices,JavaScript","scripts/build/data.mjs",147,66,147,67,"No magic number: 1.","https://eslint.org/docs/latest/rules/no-magic-numbers"
"no-magic-numbers","eslint",3,"BestPractices,JavaScript","scripts/build/data.mjs",147,69,147,71,"No magic number: 99.","https://eslint.org/docs/latest/rules/no-magic-numbers"
"no-magic-numbers","eslint",3,"BestPractices,JavaScript","scripts/build/data.mjs",147,83,147,84,"No magic number: 2.","https://eslint.org/docs/latest/rules/no-magic-numbers"
"sort-keys","eslint",3,"BestPractices,JavaScript,TypeScript","scripts/build/data.mjs",148,5,148,12,"Expected object keys to be in ascending order. 'Cost__c' should be before 'Serial_Prefix__c'.","https://eslint.org/docs/latest/rules/sort-keys"
"camelcase","eslint",3,"BestPractices,JavaScript,TypeScript","scripts/build/data.mjs",148,5,148,12,"Identifier 'Cost__c' is not in camel case.","https://eslint.org/docs/latest/rules/camelcase"
"no-magic-numbers","eslint",3,"BestPractices,JavaScript","scripts/build/data.mjs",148,23,148,26,"No magic number: 900.","https://eslint.org/docs/latest/rules/no-magic-numbers"
"no-magic-numbers","eslint",3,"BestPractices,JavaScript","scripts/build/data.mjs",148,28,148,32,"No magic number: 4800.","https://eslint.org/docs/latest/rules/no-magic-numbers"
"no-magic-numbers","eslint",3,"BestPractices,JavaScript","scripts/build/data.mjs",148,43,148,44,"No magic number: 2.","https://eslint.org/docs/latest/rules/no-magic-numbers"
"one-var","eslint",3,"BestPractices,JavaScript,TypeScript,Fixable","scripts/build/data.mjs",153,1,159,3,"Combine this with the previous 'const' statement.","https://eslint.org/docs/latest/rules/one-var"
"sort-keys","eslint",3,"BestPractices,JavaScript,TypeScript","scripts/build/data.mjs",157,3,157,24,"Expected object keys to be in ascending order. 'Installation__c.csv' should be before 'Opportunity.csv'.","https://eslint.org/docs/latest/rules/sort-keys"
"no-console","eslint",3,"BestPractices,JavaScript,TypeScript","scripts/build/data.mjs",162,3,162,14,"Unexpected console statement.","https://eslint.org/docs/latest/rules/no-console"
"no-console","eslint",3,"BestPractices,JavaScript,TypeScript","scripts/build/data.mjs",164,1,164,12,"Unexpected console statement.","https://eslint.org/docs/latest/rules/no-console"
"sort-imports","eslint",3,"BestPractices,JavaScript,TypeScript,Fixable","scripts/build/mocks.mjs",23,1,23,37,"Imports should be sorted alphabetically.","https://eslint.org/docs/latest/rules/sort-imports"
"one-var","eslint",3,"BestPractices,JavaScript,TypeScript,Fixable","scripts/build/mocks.mjs",26,1,26,45,"Combine this with the previous 'const' statement.","https://eslint.org/docs/latest/rules/one-var"
"one-var","eslint",3,"BestPractices,JavaScript,TypeScript,Fixable","scripts/build/mocks.mjs",27,1,27,36,"Combine this with the previous 'const' statement.","https://eslint.org/docs/latest/rules/one-var"
"@lwc/lwc-platform/no-process-env","eslint",3,"Recommended,LWC,BestPractices,JavaScript","scripts/build/mocks.mjs",27,14,27,26,"Usage of `process.argv.slice` is not allowed",
"no-magic-numbers","eslint",3,"BestPractices,JavaScript","scripts/build/mocks.mjs",27,33,27,34,"No magic number: 2.","https://eslint.org/docs/latest/rules/no-magic-numbers"
"one-var","eslint",3,"BestPractices,JavaScript,TypeScript,Fixable","scripts/build/mocks.mjs",28,1,28,55,"Combine this with the previous 'const' statement.","https://eslint.org/docs/latest/rules/one-var"
"one-var","eslint",3,"BestPractices,JavaScript,TypeScript,Fixable","scripts/build/mocks.mjs",29,1,32,3,"Combine this with the previous 'const' statement.","https://eslint.org/docs/latest/rules/one-var"
"no-ternary","eslint",3,"BestPractices,JavaScript,TypeScript","scripts/build/mocks.mjs",31,3,31,81,"Ternary operator used.","https://eslint.org/docs/latest/rules/no-ternary"
"no-magic-numbers","eslint",3,"BestPractices,JavaScript","scripts/build/mocks.mjs",31,23,31,25,"No magic number: -1.","https://eslint.org/docs/latest/rules/no-magic-numbers"
"no-magic-numbers","eslint",3,"BestPractices,JavaScript","scripts/build/mocks.mjs",31,53,31,54,"No magic number: 1.","https://eslint.org/docs/latest/rules/no-magic-numbers"
"no-console","eslint",3,"BestPractices,JavaScript,TypeScript","scripts/build/mocks.mjs",35,3,35,16,"Unexpected console statement.","https://eslint.org/docs/latest/rules/no-console"
"no-console","eslint",3,"BestPractices,JavaScript,TypeScript","scripts/build/mocks.mjs",36,3,36,16,"Unexpected console statement.","https://eslint.org/docs/latest/rules/no-console"
"@lwc/lwc-platform/no-process-env","eslint",3,"Recommended,LWC,BestPractices,JavaScript","scripts/build/mocks.mjs",37,3,37,15,"Usage of `process.exit` is not allowed",
"no-magic-numbers","eslint",3,"BestPractices,JavaScript","scripts/build/mocks.mjs",37,16,37,17,"No magic number: 1.","https://eslint.org/docs/latest/rules/no-magic-numbers"
"one-var","eslint",3,"BestPractices,JavaScript,TypeScript,Fixable","scripts/build/mocks.mjs",40,1,40,90,"Combine this with the previous 'const' statement.","https://eslint.org/docs/latest/rules/one-var"
"id-length","eslint",3,"BestPractices,JavaScript,TypeScript","scripts/build/mocks.mjs",40,7,40,8,"Identifier name 'u' is too short (< 2).","https://eslint.org/docs/latest/rules/id-length"
"one-var","eslint",3,"BestPractices,JavaScript,TypeScript,Fixable","scripts/build/mocks.mjs",41,1,41,48,"Combine this with the previous 'const' statement.","https://eslint.org/docs/latest/rules/one-var"
"one-var","eslint",3,"BestPractices,JavaScript,TypeScript,Fixable","scripts/build/mocks.mjs",42,1,42,52,"Combine this with the previous 'const' statement.","https://eslint.org/docs/latest/rules/one-var"
"one-var","eslint",3,"BestPractices,JavaScript,TypeScript,Fixable","scripts/build/mocks.mjs",43,1,43,52,"Combine this with the previous 'const' statement.","https://eslint.org/docs/latest/rules/one-var"
"one-var","eslint",3,"BestPractices,JavaScript,TypeScript,Fixable","scripts/build/mocks.mjs",44,1,44,20,"Combine this with the previous 'const' statement.","https://eslint.org/docs/latest/rules/one-var"
"func-style","eslint",3,"BestPractices,JavaScript,TypeScript","scripts/build/mocks.mjs",46,1,50,2,"Expected a function expression.","https://eslint.org/docs/latest/rules/func-style"
"require-unicode-regexp","eslint",3,"BestPractices,JavaScript,TypeScript","scripts/build/mocks.mjs",49,49,49,54,"Use the 'u' flag.","https://eslint.org/docs/latest/rules/require-unicode-regexp"
"func-style","eslint",3,"BestPractices,JavaScript,TypeScript","scripts/build/mocks.mjs",51,1,53,2,"Expected a function expression.","https://eslint.org/docs/latest/rules/func-style"
"prefer-template","eslint",3,"BestPractices,JavaScript,TypeScript,Fixable","scripts/build/mocks.mjs",52,15,52,51,"Unexpected string concatenation.","https://eslint.org/docs/latest/rules/prefer-template"
"no-magic-numbers","eslint",3,"BestPractices,JavaScript","scripts/build/mocks.mjs",52,42,52,43,"No magic number: 2.","https://eslint.org/docs/latest/rules/no-magic-numbers"
"one-var","eslint",3,"BestPractices,JavaScript,TypeScript,Fixable","scripts/build/mocks.mjs",55,1,55,56,"Combine this with the previous 'const' statement.","https://eslint.org/docs/latest/rules/one-var"
"one-var","eslint",3,"BestPractices,JavaScript,TypeScript,Fixable","scripts/build/mocks.mjs",56,1,56,51,"Combine this with the previous 'const' statement.","https://eslint.org/docs/latest/rules/one-var"
"one-var","eslint",3,"BestPractices,JavaScript,TypeScript,Fixable","scripts/build/mocks.mjs",57,1,57,96,"Combine this with the previous 'const' statement.","https://eslint.org/docs/latest/rules/one-var"
"id-length","eslint",3,"BestPractices,JavaScript,TypeScript","scripts/build/mocks.mjs",57,41,57,42,"Identifier name 'p' is too short (< 2).","https://eslint.org/docs/latest/rules/id-length"
"sort-keys","eslint",3,"BestPractices,JavaScript,TypeScript","scripts/build/mocks.mjs",57,87,57,93,"Expected object keys to be in ascending order. 'handle' should be before 'name'.","https://eslint.org/docs/latest/rules/sort-keys"
"one-var","eslint",3,"BestPractices,JavaScript,TypeScript,Fixable","scripts/build/mocks.mjs",58,1,58,82,"Combine this with the previous 'const' statement.","https://eslint.org/docs/latest/rules/one-var"
"require-unicode-regexp","eslint",3,"BestPractices,JavaScript,TypeScript","scripts/build/mocks.mjs",58,69,58,75,"Use the 'u' flag.","https://eslint.org/docs/latest/rules/require-unicode-regexp"
"sort-keys","eslint",3,"BestPractices,JavaScript,TypeScript","scripts/build/mocks.mjs",65,3,65,17,"Expected object keys to be in ascending order. 'fixtureProject' should be before 'name'.","https://eslint.org/docs/latest/rules/sort-keys"
"sort-keys","eslint",3,"BestPractices,JavaScript,TypeScript","scripts/build/mocks.mjs",67,3,67,9,"Expected object keys to be in ascending order. 'remote' should be before 'workspaceName'.","https://eslint.org/docs/latest/rules/sort-keys"
"capitalized-comments","eslint",3,"BestPractices,JavaScript,TypeScript,Fixable","scripts/build/mocks.mjs",69,3,69,75,"Comments should not begin with a lowercase character.","https://eslint.org/docs/latest/rules/capitalized-comments"
"sort-keys","eslint",3,"BestPractices,JavaScript,TypeScript","scripts/build/mocks.mjs",70,3,70,16,"Expected object keys to be in ascending order. 'featureBranch' should be before 'remote'.","https://eslint.org/docs/latest/rules/sort-keys"
"sort-keys","eslint",3,"BestPractices,JavaScript,TypeScript","scripts/build/mocks.mjs",71,3,71,11,"Expected object keys to be in ascending order. 'branches' should be before 'featureBranch'.","https://eslint.org/docs/latest/rules/sort-keys"
"id-length","eslint",3,"BestPractices,JavaScript,TypeScript","scripts/build/mocks.mjs",72,34,72,35,"Identifier name 'b' is too short (< 2).","https://eslint.org/docs/latest/rules/id-length"
"id-length","eslint",3,"BestPractices,JavaScript,TypeScript","scripts/build/mocks.mjs",73,30,73,31,"Identifier name 's' is too short (< 2).","https://eslint.org/docs/latest/rules/id-length"
"no-magic-numbers","eslint",3,"BestPractices,JavaScript","scripts/build/mocks.mjs",73,47,73,48,"No magic number: 2.","https://eslint.org/docs/latest/rules/no-magic-numbers"
"id-length","eslint",3,"BestPractices,JavaScript,TypeScript","scripts/build/mocks.mjs",73,77,73,78,"Identifier name 's' is too short (< 2).","https://eslint.org/docs/latest/rules/id-length"
"one-var","eslint",3,"BestPractices,JavaScript,TypeScript,Fixable","scripts/build/mocks.mjs",80,1,98,3,"Combine this with the previous 'const' statement.","https://eslint.org/docs/latest/rules/one-var"
"id-length","eslint",3,"BestPractices,JavaScript,TypeScript","scripts/build/mocks.mjs",81,28,81,29,"Identifier name 'o' is too short (< 2).","https://eslint.org/docs/latest/rules/id-length"
"sort-keys","eslint",3,"BestPractices,JavaScript,TypeScript","scripts/build/mocks.mjs",84,5,84,10,"Expected object keys to be in ascending order. 'alias' should be before 'username'.","https://eslint.org/docs/latest/rules/sort-keys"
"require-unicode-regexp","eslint",3,"BestPractices,JavaScript,TypeScript","scripts/build/mocks.mjs",84,40,84,44,"Use the 'u' flag.","https://eslint.org/docs/latest/rules/require-unicode-regexp"
"no-magic-numbers","eslint",3,"BestPractices,JavaScript","scripts/build/mocks.mjs",85,32,85,38,"No magic number: 100000.","https://eslint.org/docs/latest/rules/no-magic-numbers"
"sort-keys","eslint",3,"BestPractices,JavaScript,TypeScript","scripts/build/mocks.mjs",87,5,87,16,"Expected object keys to be in ascending order. 'instanceUrl' should be before 'orgId'.","https://eslint.org/docs/latest/rules/sort-keys"
"sort-keys","eslint",3,"BestPractices,JavaScript,TypeScript","scripts/build/mocks.mjs",88,5,88,23,"Expected object keys to be in ascending order. 'instanceApiVersion' should be before 'instanceUrl'.","https://eslint.org/docs/latest/rules/sort-keys"
"sort-keys","eslint",3,"BestPractices,JavaScript,TypeScript","scripts/build/mocks.mjs",90,5,90,20,"Expected object keys to be in ascending order. 'connectedStatus' should be before 'loginUrl'.","https://eslint.org/docs/latest/rules/sort-keys"
"no-ternary","eslint",3,"BestPractices,JavaScript,TypeScript","scripts/build/mocks.mjs",95,9,95,74,"Ternary operator used.","https://eslint.org/docs/latest/rules/no-ternary"
"sort-keys","eslint",3,"BestPractices,JavaScript,TypeScript","scripts/build/mocks.mjs",95,38,95,61,"Expected object keys to be in ascending order. 'isDefaultDevHubUsername' should be before 'isDevHub'.","https://eslint.org/docs/latest/rules/sort-keys"
"no-ternary","eslint",3,"BestPractices,JavaScript,TypeScript","scripts/build/mocks.mjs",96,12,96,31,"Ternary operator used.","https://eslint.org/docs/latest/rules/no-ternary"
"id-length","eslint",3,"BestPractices,JavaScript,TypeScript","scripts/build/mocks.mjs",104,33,104,34,"Identifier name 'o' is too short (< 2).","https://eslint.org/docs/latest/rules/id-length"
"id-length","eslint",3,"BestPractices,JavaScript,TypeScript","scripts/build/mocks.mjs",104,36,104,37,"Identifier name 'i' is too short (< 2).","https://eslint.org/docs/latest/rules/id-length"
"sort-keys","eslint",3,"BestPractices,JavaScript,TypeScript","scripts/build/mocks.mjs",106,5,106,14,"Expected object keys to be in ascending order. 'sandboxes' should be before 'scratchOrgs'.","https://eslint.org/docs/latest/rules/sort-keys"
"sort-keys","eslint",3,"BestPractices,JavaScript,TypeScript","scripts/build/mocks.mjs",107,5,107,10,"Expected object keys to be in ascending order. 'other' should be before 'sandboxes'.","https://eslint.org/docs/latest/rules/sort-keys"
"sort-keys","eslint",3,"BestPractices,JavaScript,TypeScript","scripts/build/mocks.mjs",108,5,108,12,"Expected object keys to be in ascending order. 'devHubs' should be before 'other'.","https://eslint.org/docs/latest/rules/sort-keys"
"sort-keys","eslint",3,"BestPractices,JavaScript,TypeScript","scripts/build/mocks.mjs",110,3,110,13,"Expected object keys to be in ascending order. 'orgDisplay' should be before 'orgs'.","https://eslint.org/docs/latest/rules/sort-keys"
"sort-keys","eslint",3,"BestPractices,JavaScript,TypeScript","scripts/build/mocks.mjs",113,5,113,16,"Expected object keys to be in ascending order. 'instanceUrl' should be before 'username'.","https://eslint.org/docs/latest/rules/sort-keys"
"sort-keys","eslint",3,"BestPractices,JavaScript,TypeScript","scripts/build/mocks.mjs",114,5,114,15,"Expected object keys to be in ascending order. 'apiVersion' should be before 'instanceUrl'.","https://eslint.org/docs/latest/rules/sort-keys"
"sort-keys","eslint",3,"BestPractices,JavaScript,TypeScript","scripts/build/mocks.mjs",116,5,116,10,"Expected object keys to be in ascending order. 'alias' should be before 'connectedStatus'.","https://eslint.org/docs/latest/rules/sort-keys"
"sort-keys","eslint",3,"BestPractices,JavaScript,TypeScript","scripts/build/mocks.mjs",118,3,118,14,"Expected object keys to be in ascending order. 'apexClasses' should be before 'orgDisplay'.","https://eslint.org/docs/latest/rules/sort-keys"
"sort-keys","eslint",3,"BestPractices,JavaScript,TypeScript","scripts/build/mocks.mjs",121,7,121,11,"Expected object keys to be in ascending order. 'Body' should be before 'Name'.","https://eslint.org/docs/latest/rules/sort-keys"
"sort-keys","eslint",3,"BestPractices,JavaScript,TypeScript","scripts/build/mocks.mjs",125,7,125,11,"Expected object keys to be in ascending order. 'Body' should be before 'Name'.","https://eslint.org/docs/latest/rules/sort-keys"
"sort-keys","eslint",3,"BestPractices,JavaScript,TypeScript","scripts/build/mocks.mjs",129,7,129,11,"Expected object keys to be in ascending order. 'Body' should be before 'Name'.","https://eslint.org/docs/latest/rules/sort-keys"
"one-var","eslint",3,"BestPractices,JavaScript,TypeScript,Fixable","scripts/build/mocks.mjs",135,1,135,114,"Combine this with the previous 'const' statement.","https://eslint.org/docs/latest/rules/one-var"
"no-magic-numbers","eslint",3,"BestPractices,JavaScript","scripts/build/mocks.mjs",135,60,135,61,"No magic number: 2.","https://eslint.org/docs/latest/rules/no-magic-numbers"
"no-magic-numbers","eslint",3,"BestPractices,JavaScript","scripts/build/mocks.mjs",135,93,135,94,"No magic number: 2.","https://eslint.org/docs/latest/rules/no-magic-numbers"
"func-style","eslint",3,"BestPractices,JavaScript,TypeScript","scripts/build/mocks.mjs",137,1,148,2,"Expected a function expression.","https://eslint.org/docs/latest/rules/func-style"
"sort-keys","eslint",3,"BestPractices,JavaScript,TypeScript","scripts/build/mocks.mjs",141,7,141,9,"Expected object keys to be in ascending order. 'id' should be before 'provider'.","https://eslint.org/docs/latest/rules/sort-keys"
"require-unicode-regexp","eslint",3,"BestPractices,JavaScript,TypeScript","scripts/build/mocks.mjs",142,101,142,114,"Use the 'u' flag.","https://eslint.org/docs/latest/rules/require-unicode-regexp"
"sort-keys","eslint",3,"BestPractices,JavaScript,TypeScript","scripts/build/mocks.mjs",143,7,143,14,"Expected object keys to be in ascending order. 'subject' should be before 'url'.","https://eslint.org/docs/latest/rules/sort-keys"
"sort-keys","eslint",3,"BestPractices,JavaScript,TypeScript","scripts/build/mocks.mjs",144,7,144,13,"Expected object keys to be in ascending order. 'status' should be before 'subject'.","https://eslint.org/docs/latest/rules/sort-keys"
"one-var","eslint",3,"BestPractices,JavaScript,TypeScript,Fixable","scripts/build/mocks.mjs",150,1,150,25,"Combine this with the previous 'const' statement.","https://eslint.org/docs/latest/rules/one-var"
"one-var","eslint",3,"BestPractices,JavaScript,TypeScript,Fixable","scripts/build/mocks.mjs",151,1,151,59,"Combine this with the previous 'const' statement.","https://eslint.org/docs/latest/rules/one-var"
"one-var","eslint",3,"BestPractices,JavaScript,TypeScript,Fixable","scripts/build/mocks.mjs",153,1,186,4,"Combine this with the previous 'const' statement.","https://eslint.org/docs/latest/rules/one-var"
"id-length","eslint",3,"BestPractices,JavaScript,TypeScript","scripts/build/mocks.mjs",153,50,153,51,"Identifier name 'i' is too short (< 2).","https://eslint.org/docs/latest/rules/id-length"
"id-length","eslint",3,"BestPractices,JavaScript,TypeScript","scripts/build/mocks.mjs",154,37,154,38,"Identifier name 's' is too short (< 2).","https://eslint.org/docs/latest/rules/id-length"
"one-var","eslint",3,"BestPractices,JavaScript,TypeScript,Fixable","scripts/build/mocks.mjs",155,3,155,36,"Combine this with the previous 'const' statement.","https://eslint.org/docs/latest/rules/one-var"
"sort-keys","eslint",3,"BestPractices,JavaScript,TypeScript","scripts/build/mocks.mjs",160,5,160,16,"Expected object keys to be in ascending order. 'description' should be before 'title'.","https://eslint.org/docs/latest/rules/sort-keys"
"no-ternary","eslint",3,"BestPractices,JavaScript,TypeScript","scripts/build/mocks.mjs",160,18,160,48,"Ternary operator used.","https://eslint.org/docs/latest/rules/no-ternary"
"sort-keys","eslint",3,"BestPractices,JavaScript,TypeScript","scripts/build/mocks.mjs",163,5,163,11,"Expected object keys to be in ascending order. 'author' should be before 'targetBranch'.","https://eslint.org/docs/latest/rules/sort-keys"
"sort-keys","eslint",3,"BestPractices,JavaScript,TypeScript","scripts/build/mocks.mjs",166,5,166,14,"Expected object keys to be in ascending order. 'createdAt' should be before 'state'.","https://eslint.org/docs/latest/rules/sort-keys"
"no-magic-numbers","eslint",3,"BestPractices,JavaScript","scripts/build/mocks.mjs",166,20,166,22,"No magic number: 10.","https://eslint.org/docs/latest/rules/no-magic-numbers"
"no-magic-numbers","eslint",3,"BestPractices,JavaScript","scripts/build/mocks.mjs",166,28,166,29,"No magic number: 8.","https://eslint.org/docs/latest/rules/no-magic-numbers"
"no-magic-numbers","eslint",3,"BestPractices,JavaScript","scripts/build/mocks.mjs",167,20,167,22,"No magic number: 10.","https://eslint.org/docs/latest/rules/no-magic-numbers"
"no-magic-numbers","eslint",3,"BestPractices,JavaScript","scripts/build/mocks.mjs",167,28,167,30,"No magic number: 11.","https://eslint.org/docs/latest/rules/no-magic-numbers"
"sort-keys","eslint",3,"BestPractices,JavaScript,TypeScript","scripts/build/mocks.mjs",169,5,169,9,"Expected object keys to be in ascending order. 'jobs' should be before 'webUrl'.","https://eslint.org/docs/latest/rules/sort-keys"
"no-magic-numbers","eslint",3,"BestPractices,JavaScript","scripts/build/mocks.mjs",173,40,173,44,"No magic number: 4200.","https://eslint.org/docs/latest/rules/no-magic-numbers"
"sort-keys","eslint",3,"BestPractices,JavaScript,TypeScript","scripts/build/mocks.mjs",174,9,174,18,"Expected object keys to be in ascending order. 'updatedAt' should be before 'webUrl'.","https://eslint.org/docs/latest/rules/sort-keys"
"no-magic-numbers","eslint",3,"BestPractices,JavaScript","scripts/build/mocks.mjs",174,24,174,26,"No magic number: 10.","https://eslint.org/docs/latest/rules/no-magic-numbers"
"no-magic-numbers","eslint",3,"BestPractices,JavaScript","scripts/build/mocks.mjs",174,32,174,34,"No magic number: 11.","https://eslint.org/docs/latest/rules/no-magic-numbers"
"no-magic-numbers","eslint",3,"BestPractices,JavaScript","scripts/build/mocks.mjs",179,40,179,44,"No magic number: 4300.","https://eslint.org/docs/latest/rules/no-magic-numbers"
"sort-keys","eslint",3,"BestPractices,JavaScript,TypeScript","scripts/build/mocks.mjs",180,9,180,18,"Expected object keys to be in ascending order. 'updatedAt' should be before 'webUrl'.","https://eslint.org/docs/latest/rules/sort-keys"
"no-magic-numbers","eslint",3,"BestPractices,JavaScript","scripts/build/mocks.mjs",180,24,180,26,"No magic number: 10.","https://eslint.org/docs/latest/rules/no-magic-numbers"
"no-magic-numbers","eslint",3,"BestPractices,JavaScript","scripts/build/mocks.mjs",180,32,180,34,"No magic number: 11.","https://eslint.org/docs/latest/rules/no-magic-numbers"
"no-ternary","eslint",3,"BestPractices,JavaScript,TypeScript","scripts/build/mocks.mjs",184,21,184,50,"Ternary operator used.","https://eslint.org/docs/latest/rules/no-ternary"
"one-var","eslint",3,"BestPractices,JavaScript,TypeScript,Fixable","scripts/build/mocks.mjs",188,1,204,7,"Combine this with the previous 'const' statement.","https://eslint.org/docs/latest/rules/one-var"
"id-length","eslint",3,"BestPractices,JavaScript,TypeScript","scripts/build/mocks.mjs",189,12,189,13,"Identifier name 's' is too short (< 2).","https://eslint.org/docs/latest/rules/id-length"
"no-magic-numbers","eslint",3,"BestPractices,JavaScript","scripts/build/mocks.mjs",189,30,189,31,"No magic number: 1.","https://eslint.org/docs/latest/rules/no-magic-numbers"
"id-length","eslint",3,"BestPractices,JavaScript,TypeScript","scripts/build/mocks.mjs",190,16,190,17,"Identifier name 'i' is too short (< 2).","https://eslint.org/docs/latest/rules/id-length"
"no-magic-numbers","eslint",3,"BestPractices,JavaScript","scripts/build/mocks.mjs",191,9,191,11,"No magic number: 40.","https://eslint.org/docs/latest/rules/no-magic-numbers"
"no-magic-numbers","eslint",3,"BestPractices,JavaScript","scripts/build/mocks.mjs",192,13,192,15,"No magic number: 40.","https://eslint.org/docs/latest/rules/no-magic-numbers"
"sort-keys","eslint",3,"BestPractices,JavaScript,TypeScript","scripts/build/mocks.mjs",194,5,194,17,"Expected object keys to be in ascending order. 'sourceBranch' should be before 'title'.","https://eslint.org/docs/latest/rules/sort-keys"
"sort-keys","eslint",3,"BestPractices,JavaScript,TypeScript","scripts/build/mocks.mjs",196,5,196,11,"Expected object keys to be in ascending order. 'author' should be before 'targetBranch'.","https://eslint.org/docs/latest/rules/sort-keys"
"sort-keys","eslint",3,"BestPractices,JavaScript,TypeScript","scripts/build/mocks.mjs",199,5,199,14,"Expected object keys to be in ascending order. 'mergeDate' should be before 'state'.","https://eslint.org/docs/latest/rules/sort-keys"
"no-magic-numbers","eslint",3,"BestPractices,JavaScript","scripts/build/mocks.mjs",199,20,199,21,"No magic number: 4.","https://eslint.org/docs/latest/rules/no-magic-numbers"
"no-magic-numbers","eslint",3,"BestPractices,JavaScript","scripts/build/mocks.mjs",199,27,199,29,"No magic number: 16.","https://eslint.org/docs/latest/rules/no-magic-numbers"
"sort-keys","eslint",3,"BestPractices,JavaScript,TypeScript","scripts/build/mocks.mjs",200,5,200,14,"Expected object keys to be in ascending order. 'createdAt' should be before 'mergeDate'.","https://eslint.org/docs/latest/rules/sort-keys"
"no-magic-numbers","eslint",3,"BestPractices,JavaScript","scripts/build/mocks.mjs",200,20,200,21,"No magic number: 3.","https://eslint.org/docs/latest/rules/no-magic-numbers"
"no-magic-numbers","eslint",3,"BestPractices,JavaScript","scripts/build/mocks.mjs",200,27,200,28,"No magic number: 9.","https://eslint.org/docs/latest/rules/no-magic-numbers"
"no-magic-numbers","eslint",3,"BestPractices,JavaScript","scripts/build/mocks.mjs",201,28,201,30,"No magic number: 40.","https://eslint.org/docs/latest/rules/no-magic-numbers"
"sort-keys","eslint",3,"BestPractices,JavaScript,TypeScript","scripts/build/mocks.mjs",202,5,202,15,"Expected object keys to be in ascending order. 'jobsStatus' should be before 'webUrl'.","https://eslint.org/docs/latest/rules/sort-keys"
"capitalized-comments","eslint",3,"BestPractices,JavaScript,TypeScript,Fixable","scripts/build/mocks.mjs",207,1,207,79,"Comments should not begin with a lowercase character.","https://eslint.org/docs/latest/rules/capitalized-comments"
"capitalized-comments","eslint",3,"BestPractices,JavaScript,TypeScript,Fixable","scripts/build/mocks.mjs",208,1,208,56,"Comments should not begin with a lowercase character.","https://eslint.org/docs/latest/rules/capitalized-comments"
"one-var","eslint",3,"BestPractices,JavaScript,TypeScript,Fixable","scripts/build/mocks.mjs",209,1,209,70,"Combine this with the previous 'const' statement.","https://eslint.org/docs/latest/rules/one-var"
"sort-keys","eslint",3,"BestPractices,JavaScript,TypeScript","scripts/build/mocks.mjs",214,3,214,14,"Expected object keys to be in ascending order. 'description' should be before 'title'.","https://eslint.org/docs/latest/rules/sort-keys"
"sort-keys","eslint",3,"BestPractices,JavaScript,TypeScript","scripts/build/mocks.mjs",217,3,217,9,"Expected object keys to be in ascending order. 'author' should be before 'targetBranch'.","https://eslint.org/docs/latest/rules/sort-keys"
"sort-keys","eslint",3,"BestPractices,JavaScript,TypeScript","scripts/build/mocks.mjs",220,3,220,12,"Expected object keys to be in ascending order. 'createdAt' should be before 'state'.","https://eslint.org/docs/latest/rules/sort-keys"
"no-magic-numbers","eslint",3,"BestPractices,JavaScript","scripts/build/mocks.mjs",220,18,220,20,"No magic number: 16.","https://eslint.org/docs/latest/rules/no-magic-numbers"
"no-magic-numbers","eslint",3,"BestPractices,JavaScript","scripts/build/mocks.mjs",220,22,220,23,"No magic number: 9.","https://eslint.org/docs/latest/rules/no-magic-numbers"
"no-magic-numbers","eslint",3,"BestPractices,JavaScript","scripts/build/mocks.mjs",221,18,221,20,"No magic number: 16.","https://eslint.org/docs/latest/rules/no-magic-numbers"
"no-magic-numbers","eslint",3,"BestPractices,JavaScript","scripts/build/mocks.mjs",221,22,221,24,"No magic number: 14.","https://eslint.org/docs/latest/rules/no-magic-numbers"
"sort-keys","eslint",3,"BestPractices,JavaScript,TypeScript","scripts/build/mocks.mjs",223,3,223,7,"Expected object keys to be in ascending order. 'jobs' should be before 'webUrl'.","https://eslint.org/docs/latest/rules/sort-keys"
"sort-keys","eslint",3,"BestPractices,JavaScript,TypeScript","scripts/build/mocks.mjs",228,7,228,16,"Expected object keys to be in ascending order. 'updatedAt' should be before 'webUrl'.","https://eslint.org/docs/latest/rules/sort-keys"
"no-magic-numbers","eslint",3,"BestPractices,JavaScript","scripts/build/mocks.mjs",228,22,228,24,"No magic number: 16.","https://eslint.org/docs/latest/rules/no-magic-numbers"
"no-magic-numbers","eslint",3,"BestPractices,JavaScript","scripts/build/mocks.mjs",228,26,228,28,"No magic number: 14.","https://eslint.org/docs/latest/rules/no-magic-numbers"
"sort-keys","eslint",3,"BestPractices,JavaScript,TypeScript","scripts/build/mocks.mjs",230,82,230,91,"Expected object keys to be in ascending order. 'updatedAt' should be before 'webUrl'.","https://eslint.org/docs/latest/rules/sort-keys"
"no-magic-numbers","eslint",3,"BestPractices,JavaScript","scripts/build/mocks.mjs",230,97,230,99,"No magic number: 16.","https://eslint.org/docs/latest/rules/no-magic-numbers"
"no-magic-numbers","eslint",3,"BestPractices,JavaScript","scripts/build/mocks.mjs",230,101,230,103,"No magic number: 14.","https://eslint.org/docs/latest/rules/no-magic-numbers"
"sort-keys","eslint",3,"BestPractices,JavaScript,TypeScript","scripts/build/mocks.mjs",241,5,241,9,"Expected object keys to be in ascending order. 'host' should be before 'providerName'.","https://eslint.org/docs/latest/rules/sort-keys"
"sort-keys","eslint",3,"BestPractices,JavaScript,TypeScript","scripts/build/mocks.mjs",244,5,244,14,"Expected object keys to be in ascending order. 'remoteUrl' should be before 'repo'.","https://eslint.org/docs/latest/rules/sort-keys"
"sort-keys","eslint",3,"BestPractices,JavaScript,TypeScript","scripts/build/mocks.mjs",247,3,247,22,"Expected object keys to be in ascending order. 'providerDescription' should be before 'repoInfo'.","https://eslint.org/docs/latest/rules/sort-keys"
"sort-keys","eslint",3,"BestPractices,JavaScript,TypeScript","scripts/build/mocks.mjs",252,3,252,19,"Expected object keys to be in ascending order. 'openPullRequests' should be before 'providerDescription'.","https://eslint.org/docs/latest/rules/sort-keys"
"sort-keys","eslint",3,"BestPractices,JavaScript,TypeScript","scripts/build/mocks.mjs",253,3,253,29,"Expected object keys to be in ascending order. 'mergedPullRequestsByBranch' should be before 'openPullRequests'.","https://eslint.org/docs/latest/rules/sort-keys"
"sort-keys","eslint",3,"BestPractices,JavaScript,TypeScript","scripts/build/mocks.mjs",256,5,256,9,"Expected object keys to be in ascending order. 'main' should be before 'uat'.","https://eslint.org/docs/latest/rules/sort-keys"
"sort-keys","eslint",3,"BestPractices,JavaScript,TypeScript","scripts/build/mocks.mjs",258,3,258,13,"Expected object keys to be in ascending order. 'branchJobs' should be before 'mergedPullRequestsByBranch'.","https://eslint.org/docs/latest/rules/sort-keys"
"sort-keys","eslint",3,"BestPractices,JavaScript,TypeScript","scripts/build/mocks.mjs",265,11,265,20,"Expected object keys to be in ascending order. 'updatedAt' should be before 'webUrl'.","https://eslint.org/docs/latest/rules/sort-keys"
"no-magic-numbers","eslint",3,"BestPractices,JavaScript","scripts/build/mocks.mjs",265,26,265,28,"No magic number: 12.","https://eslint.org/docs/latest/rules/no-magic-numbers"
"no-magic-numbers","eslint",3,"BestPractices,JavaScript","scripts/build/mocks.mjs",265,30,265,32,"No magic number: 17.","https://eslint.org/docs/latest/rules/no-magic-numbers"
"sort-keys","eslint",3,"BestPractices,JavaScript,TypeScript","scripts/build/mocks.mjs",271,5,271,9,"Expected object keys to be in ascending order. 'main' should be before 'uat'.","https://eslint.org/docs/latest/rules/sort-keys"
"sort-keys","eslint",3,"BestPractices,JavaScript,TypeScript","scripts/build/mocks.mjs",276,5,276,16,"Expected object keys to be in ascending order. 'integration' should be before 'uat'.","https://eslint.org/docs/latest/rules/sort-keys"
"one-var","eslint",3,"BestPractices,JavaScript,TypeScript,Fixable","scripts/build/mocks.mjs",283,1,283,20,"Combine this with the previous 'const' statement.","https://eslint.org/docs/latest/rules/one-var"
"sort-keys","eslint",3,"BestPractices,JavaScript,TypeScript","scripts/build/mocks.mjs",287,5,287,11,"Expected object keys to be in ascending order. 'status' should be before 'subject'.","https://eslint.org/docs/latest/rules/sort-keys"
"no-ternary","eslint",3,"BestPractices,JavaScript,TypeScript","scripts/build/mocks.mjs",287,13,287,55,"Ternary operator used.","https://eslint.org/docs/latest/rules/no-ternary"
"no-magic-numbers","eslint",3,"BestPractices,JavaScript","scripts/build/mocks.mjs",287,29,287,30,"No magic number: 1.","https://eslint.org/docs/latest/rules/no-magic-numbers"
"no-ternary","eslint",3,"BestPractices,JavaScript,TypeScript","scripts/build/mocks.mjs",288,18,288,60,"Ternary operator used.","https://eslint.org/docs/latest/rules/no-ternary"
"no-magic-numbers","eslint",3,"BestPractices,JavaScript","scripts/build/mocks.mjs",288,34,288,35,"No magic number: 1.","https://eslint.org/docs/latest/rules/no-magic-numbers"
"sort-keys","eslint",3,"BestPractices,JavaScript,TypeScript","scripts/build/mocks.mjs",289,5,289,11,"Expected object keys to be in ascending order. 'author' should be before 'statusLabel'.","https://eslint.org/docs/latest/rules/sort-keys"
"sort-keys","eslint",3,"BestPractices,JavaScript,TypeScript","scripts/build/mocks.mjs",298,3,298,20,"Expected object keys to be in ascending order. 'ticketUrlTemplate' should be before 'webUrl'.","https://eslint.org/docs/latest/rules/sort-keys"
"sort-keys","eslint",3,"BestPractices,JavaScript,TypeScript","scripts/build/mocks.mjs",299,3,299,14,"Expected object keys to be in ascending order. 'ticketRegex' should be before 'ticketUrlTemplate'.","https://eslint.org/docs/latest/rules/sort-keys"
"max-lines","eslint",3,"BestPractices,JavaScript,TypeScript","scripts/build/mocks.mjs",301,1,599,1,"File has too many lines (598). Maximum allowed is 300.","https://eslint.org/docs/latest/rules/max-lines"
"capitalized-comments","eslint",3,"BestPractices,JavaScript,TypeScript,Fixable","scripts/build/mocks.mjs",305,1,305,78,"Comments should not begin with a lowercase character.","https://eslint.org/docs/latest/rules/capitalized-comments"
"capitalized-comments","eslint",3,"BestPractices,JavaScript,TypeScript,Fixable","scripts/build/mocks.mjs",306,1,306,73,"Comments should not begin with a lowercase character.","https://eslint.org/docs/latest/rules/capitalized-comments"
"one-var","eslint",3,"BestPractices,JavaScript,TypeScript,Fixable","scripts/build/mocks.mjs",307,1,307,77,"Combine this with the previous 'const' statement.","https://eslint.org/docs/latest/rules/one-var"
"sort-keys","eslint",3,"BestPractices,JavaScript,TypeScript","scripts/build/mocks.mjs",315,5,315,16,"Expected object keys to be in ascending order. 'instanceUrl' should be before 'username'.","https://eslint.org/docs/latest/rules/sort-keys"
"sort-keys","eslint",3,"BestPractices,JavaScript,TypeScript","scripts/build/mocks.mjs",327,5,327,18,"Expected object keys to be in ascending order. 'currentBranch' should be before 'originalBranch'.","https://eslint.org/docs/latest/rules/sort-keys"
"capitalized-comments","eslint",3,"BestPractices,JavaScript,TypeScript,Fixable","scripts/build/mocks.mjs",331,3,331,55,"Comments should not begin with a lowercase character.","https://eslint.org/docs/latest/rules/capitalized-comments"
"one-var","eslint",3,"BestPractices,JavaScript,TypeScript,Fixable","scripts/build/mocks.mjs",332,3,336,5,"Combine this with the previous 'const' statement.","https://eslint.org/docs/latest/rules/one-var"
"sort-keys","eslint",3,"BestPractices,JavaScript,TypeScript","scripts/build/mocks.mjs",333,70,333,76,"Expected object keys to be in ascending order. 'author' should be before 'title'.","https://eslint.org/docs/latest/rules/sort-keys"
"sort-keys","eslint",3,"BestPractices,JavaScript,TypeScript","scripts/build/mocks.mjs",333,151,333,158,"Expected object keys to be in ascending order. 'actions' should be before 'items'.","https://eslint.org/docs/latest/rules/sort-keys"
"sort-keys","eslint",3,"BestPractices,JavaScript,TypeScript","scripts/build/mocks.mjs",334,72,334,78,"Expected object keys to be in ascending order. 'author' should be before 'title'.","https://eslint.org/docs/latest/rules/sort-keys"
"sort-keys","eslint",3,"BestPractices,JavaScript,TypeScript","scripts/build/mocks.mjs",334,148,334,155,"Expected object keys to be in ascending order. 'actions' should be before 'items'.","https://eslint.org/docs/latest/rules/sort-keys"
"sort-keys","eslint",3,"BestPractices,JavaScript,TypeScript","scripts/build/mocks.mjs",335,86,335,92,"Expected object keys to be in ascending order. 'author' should be before 'title'.","https://eslint.org/docs/latest/rules/sort-keys"
"sort-keys","eslint",3,"BestPractices,JavaScript,TypeScript","scripts/build/mocks.mjs",335,166,335,173,"Expected object keys to be in ascending order. 'actions' should be before 'items'.","https://eslint.org/docs/latest/rules/sort-keys"
"id-length","eslint",3,"BestPractices,JavaScript,TypeScript","scripts/build/mocks.mjs",337,48,337,49,"Identifier name 'i' is too short (< 2).","https://eslint.org/docs/latest/rules/id-length"
"no-magic-numbers","eslint",3,"BestPractices,JavaScript","scripts/build/mocks.mjs",338,51,338,52,"No magic number: 0.","https://eslint.org/docs/latest/rules/no-magic-numbers"
"no-magic-numbers","eslint",3,"BestPractices,JavaScript","scripts/build/mocks.mjs",339,13,339,15,"No magic number: 51.","https://eslint.org/docs/latest/rules/no-magic-numbers"
"sort-keys","eslint",3,"BestPractices,JavaScript,TypeScript","scripts/build/mocks.mjs",341,5,341,11,"Expected object keys to be in ascending order. 'author' should be before 'title'.","https://eslint.org/docs/latest/rules/sort-keys"
"no-magic-numbers","eslint",3,"BestPractices,JavaScript","scripts/build/mocks.mjs",343,28,343,30,"No magic number: 51.","https://eslint.org/docs/latest/rules/no-magic-numbers"
"sort-keys","eslint",3,"BestPractices,JavaScript,TypeScript","scripts/build/mocks.mjs",344,5,344,14,"Expected object keys to be in ascending order. 'itemCount' should be before 'webUrl'.","https://eslint.org/docs/latest/rules/sort-keys"
"sort-keys","eslint",3,"BestPractices,JavaScript,TypeScript","scripts/build/mocks.mjs",345,5,345,16,"Expected object keys to be in ascending order. 'actionCount' should be before 'itemCount'.","https://eslint.org/docs/latest/rules/sort-keys"
"sort-keys","eslint",3,"BestPractices,JavaScript,TypeScript","scripts/build/mocks.mjs",347,5,347,13,"Expected object keys to be in ascending order. 'inWindow' should be before 'selected'.","https://eslint.org/docs/latest/rules/sort-keys"
"one-var","eslint",3,"BestPractices,JavaScript,TypeScript,Fixable","scripts/build/mocks.mjs",355,3,363,5,"Combine this with the previous 'const' statement.","https://eslint.org/docs/latest/rules/one-var"
"no-magic-numbers","eslint",3,"BestPractices,JavaScript","scripts/build/mocks.mjs",356,115,356,117,"No magic number: 51.","https://eslint.org/docs/latest/rules/no-magic-numbers"
"no-magic-numbers","eslint",3,"BestPractices,JavaScript","scripts/build/mocks.mjs",357,140,357,142,"No magic number: 51.","https://eslint.org/docs/latest/rules/no-magic-numbers"
"no-magic-numbers","eslint",3,"BestPractices,JavaScript","scripts/build/mocks.mjs",358,156,358,158,"No magic number: 51.","https://eslint.org/docs/latest/rules/no-magic-numbers"
"no-magic-numbers","eslint",3,"BestPractices,JavaScript","scripts/build/mocks.mjs",359,134,359,136,"No magic number: 52.","https://eslint.org/docs/latest/rules/no-magic-numbers"
"no-magic-numbers","eslint",3,"BestPractices,JavaScript","scripts/build/mocks.mjs",360,133,360,135,"No magic number: 52.","https://eslint.org/docs/latest/rules/no-magic-numbers"
"no-magic-numbers","eslint",3,"BestPractices,JavaScript","scripts/build/mocks.mjs",361,128,361,130,"No magic number: 53.","https://eslint.org/docs/latest/rules/no-magic-numbers"
"no-magic-numbers","eslint",3,"BestPractices,JavaScript","scripts/build/mocks.mjs",362,163,362,165,"No magic number: 53.","https://eslint.org/docs/latest/rules/no-magic-numbers"
"id-length","eslint",3,"BestPractices,JavaScript,TypeScript","scripts/build/mocks.mjs",364,52,364,53,"Identifier name 'i' is too short (< 2).","https://eslint.org/docs/latest/rules/id-length"
"no-magic-numbers","eslint",3,"BestPractices,JavaScript","scripts/build/mocks.mjs",365,37,365,38,"No magic number: 0.","https://eslint.org/docs/latest/rules/no-magic-numbers"
"sort-keys","eslint",3,"BestPractices,JavaScript,TypeScript","scripts/build/mocks.mjs",368,5,368,9,"Expected object keys to be in ascending order. 'name' should be before 'type'.","https://eslint.org/docs/latest/rules/sort-keys"
"sort-keys","eslint",3,"BestPractices,JavaScript,TypeScript","scripts/build/mocks.mjs",369,5,369,10,"Expected object keys to be in ascending order. 'files' should be before 'name'.","https://eslint.org/docs/latest/rules/sort-keys"
"sort-keys","eslint",3,"BestPractices,JavaScript,TypeScript","scripts/build/mocks.mjs",371,5,371,21,"Expected object keys to be in ascending order. 'excludedLastTime' should be before 'pullRequests'.","https://eslint.org/docs/latest/rules/sort-keys"
"one-var","eslint",3,"BestPractices,JavaScript,TypeScript,Fixable","scripts/build/mocks.mjs",375,3,378,5,"Combine this with the previous 'const' statement.","https://eslint.org/docs/latest/rules/one-var"
"id-length","eslint",3,"BestPractices,JavaScript,TypeScript","scripts/build/mocks.mjs",379,65,379,66,"Identifier name 'i' is too short (< 2).","https://eslint.org/docs/latest/rules/id-length"
"no-magic-numbers","eslint",3,"BestPractices,JavaScript","scripts/build/mocks.mjs",380,41,380,42,"No magic number: 0.","https://eslint.org/docs/latest/rules/no-magic-numbers"
"sort-keys","eslint",3,"BestPractices,JavaScript,TypeScript","scripts/build/mocks.mjs",384,5,384,10,"Expected object keys to be in ascending order. 'phase' should be before 'type'.","https://eslint.org/docs/latest/rules/sort-keys"
"sort-keys","eslint",3,"BestPractices,JavaScript,TypeScript","scripts/build/mocks.mjs",385,5,385,11,"Expected object keys to be in ascending order. 'manual' should be before 'phase'.","https://eslint.org/docs/latest/rules/sort-keys"
"prefer-template","eslint",3,"BestPractices,JavaScript,TypeScript,Fixable","scripts/build/mocks.mjs",393,50,393,86,"Unexpected string concatenation.","https://eslint.org/docs/latest/rules/prefer-template"
"no-magic-numbers","eslint",3,"BestPractices,JavaScript","scripts/build/mocks.mjs",393,77,393,78,"No magic number: 2.","https://eslint.org/docs/latest/rules/no-magic-numbers"
"capitalized-comments","eslint",3,"BestPractices,JavaScript,TypeScript,Fixable","scripts/build/mocks.mjs",398,1,398,77,"Comments should not begin with a lowercase character.","https://eslint.org/docs/latest/rules/capitalized-comments"
"capitalized-comments","eslint",3,"BestPractices,JavaScript,TypeScript,Fixable","scripts/build/mocks.mjs",399,1,399,72,"Comments should not begin with a lowercase character.","https://eslint.org/docs/latest/rules/capitalized-comments"
"capitalized-comments","eslint",3,"BestPractices,JavaScript,TypeScript,Fixable","scripts/build/mocks.mjs",439,1,439,80,"Comments should not begin with a lowercase character.","https://eslint.org/docs/latest/rules/capitalized-comments"
"one-var","eslint",3,"BestPractices,JavaScript,TypeScript,Fixable","scripts/build/mocks.mjs",440,1,440,86,"Combine this with the previous 'const' statement.","https://eslint.org/docs/latest/rules/one-var"
"capitalized-comments","eslint",3,"BestPractices,JavaScript,TypeScript,Fixable","scripts/build/mocks.mjs",445,1,445,78,"Comments should not begin with a lowercase character.","https://eslint.org/docs/latest/rules/capitalized-comments"
"capitalized-comments","eslint",3,"BestPractices,JavaScript,TypeScript,Fixable","scripts/build/mocks.mjs",446,1,446,52,"Comments should not begin with a lowercase character.","https://eslint.org/docs/latest/rules/capitalized-comments"
"sort-keys","eslint",3,"BestPractices,JavaScript,TypeScript","scripts/build/mocks.mjs",451,7,451,16,"Expected object keys to be in ascending order. 'operation' should be before 'query'.","https://eslint.org/docs/latest/rules/sort-keys"
"sort-keys","eslint",3,"BestPractices,JavaScript,TypeScript","scripts/build/mocks.mjs",452,7,452,17,"Expected object keys to be in ascending order. 'externalId' should be before 'operation'.","https://eslint.org/docs/latest/rules/sort-keys"
"capitalized-comments","eslint",3,"BestPractices,JavaScript,TypeScript,Fixable","scripts/build/mocks.mjs",470,1,470,37,"Comments should not begin with a lowercase character.","https://eslint.org/docs/latest/rules/capitalized-comments"
"one-var","eslint",3,"BestPractices,JavaScript,TypeScript,Fixable","scripts/build/mocks.mjs",471,1,558,3,"Combine this with the previous 'const' statement.","https://eslint.org/docs/latest/rules/one-var"
"no-console","eslint",3,"BestPractices,JavaScript,TypeScript","scripts/build/mocks.mjs",591,1,591,12,"Unexpected console statement.","https://eslint.org/docs/latest/rules/no-console"
"id-length","eslint",3,"BestPractices,JavaScript,TypeScript","scripts/build/mocks.mjs",592,18,592,19,"Identifier name 'f' is too short (< 2).","https://eslint.org/docs/latest/rules/id-length"
"no-console","eslint",3,"BestPractices,JavaScript,TypeScript","scripts/build/mocks.mjs",592,24,592,35,"Unexpected console statement.","https://eslint.org/docs/latest/rules/no-console"
"no-console","eslint",3,"BestPractices,JavaScript,TypeScript","scripts/build/mocks.mjs",593,1,593,12,"Unexpected console statement.","https://eslint.org/docs/latest/rules/no-console"
"no-console","eslint",3,"BestPractices,JavaScript,TypeScript","scripts/build/mocks.mjs",594,1,594,12,"Unexpected console statement.","https://eslint.org/docs/latest/rules/no-console"
"no-console","eslint",3,"BestPractices,JavaScript,TypeScript","scripts/build/mocks.mjs",595,1,595,12,"Unexpected console statement.","https://eslint.org/docs/latest/rules/no-console"
"no-console","eslint",3,"BestPractices,JavaScript,TypeScript","scripts/build/mocks.mjs",596,1,596,12,"Unexpected console statement.","https://eslint.org/docs/latest/rules/no-console"
"no-console","eslint",3,"BestPractices,JavaScript,TypeScript","scripts/build/mocks.mjs",597,1,597,12,"Unexpected console statement.","https://eslint.org/docs/latest/rules/no-console"
"require-unicode-regexp","eslint",3,"BestPractices,JavaScript,TypeScript","scripts/build/mocks.mjs",597,123,597,128,"Use the 'u' flag.","https://eslint.org/docs/latest/rules/require-unicode-regexp"
"no-console","eslint",3,"BestPractices,JavaScript,TypeScript","scripts/build/mocks.mjs",598,1,598,12,"Unexpected console statement.","https://eslint.org/docs/latest/rules/no-console"
"sort-imports","eslint",3,"BestPractices,JavaScript,TypeScript,Fixable","scripts/build/site.mjs",19,1,19,37,"Imports should be sorted alphabetically.","https://eslint.org/docs/latest/rules/sort-imports"
"one-var","eslint",3,"BestPractices,JavaScript,TypeScript,Fixable","scripts/build/site.mjs",22,1,22,45,"Combine this with the previous 'const' statement.","https://eslint.org/docs/latest/rules/one-var"
"one-var","eslint",3,"BestPractices,JavaScript,TypeScript,Fixable","scripts/build/site.mjs",23,1,23,41,"Combine this with the previous 'const' statement.","https://eslint.org/docs/latest/rules/one-var"
"one-var","eslint",3,"BestPractices,JavaScript,TypeScript,Fixable","scripts/build/site.mjs",25,1,25,97,"Combine this with the previous 'const' statement.","https://eslint.org/docs/latest/rules/one-var"
"func-style","eslint",3,"BestPractices,JavaScript,TypeScript","scripts/build/site.mjs",27,1,44,2,"Expected a function expression.","https://eslint.org/docs/latest/rules/func-style"
"max-statements","eslint",3,"BestPractices,JavaScript,TypeScript","scripts/build/site.mjs",27,1,44,2,"Function 'copyTree' has too many statements (12). Maximum allowed is 10.","https://eslint.org/docs/latest/rules/max-statements"
"no-magic-numbers","eslint",3,"BestPractices,JavaScript","scripts/build/site.mjs",29,12,29,13,"No magic number: 0.","https://eslint.org/docs/latest/rules/no-magic-numbers"
"one-var","eslint",3,"BestPractices,JavaScript,TypeScript,Fixable","scripts/build/site.mjs",34,5,34,46,"Combine this with the previous 'const' statement.","https://eslint.org/docs/latest/rules/one-var"
"no-plusplus","eslint",3,"BestPractices,JavaScript,TypeScript","scripts/build/site.mjs",40,7,40,14,"Unary operator '++' used.","https://eslint.org/docs/latest/rules/no-plusplus"
"sort-keys","eslint",3,"BestPractices,JavaScript,TypeScript","scripts/build/site.mjs",46,35,46,40,"Expected object keys to be in ascending order. 'force' should be before 'recursive'.","https://eslint.org/docs/latest/rules/sort-keys"
"capitalized-comments","eslint",3,"BestPractices,JavaScript,TypeScript,Fixable","scripts/build/site.mjs",50,1,50,39,"Comments should not begin with a lowercase character.","https://eslint.org/docs/latest/rules/capitalized-comments"
"one-var","eslint",3,"BestPractices,JavaScript,TypeScript,Fixable","scripts/build/site.mjs",51,1,51,44,"Combine this with the previous 'const' statement.","https://eslint.org/docs/latest/rules/one-var"
"one-var","eslint",3,"BestPractices,JavaScript,TypeScript,Fixable","scripts/build/site.mjs",52,1,55,31,"Combine this with the previous 'const' statement.","https://eslint.org/docs/latest/rules/one-var"
"prefer-named-capture-group","eslint",3,"BestPractices,JavaScript,TypeScript","scripts/build/site.mjs",54,45,54,69,"Capture group '(-[A-Z]{2})' should be converted to a named or non-capturing group.","https://eslint.org/docs/latest/rules/prefer-named-capture-group"
"require-unicode-regexp","eslint",3,"BestPractices,JavaScript,TypeScript","scripts/build/site.mjs",54,45,54,69,"Use the 'u' flag.","https://eslint.org/docs/latest/rules/require-unicode-regexp"
"capitalized-comments","eslint",3,"BestPractices,JavaScript,TypeScript,Fixable","scripts/build/site.mjs",63,1,63,81,"Comments should not begin with a lowercase character.","https://eslint.org/docs/latest/rules/capitalized-comments"
"one-var","eslint",3,"BestPractices,JavaScript,TypeScript,Fixable","scripts/build/site.mjs",64,1,64,49,"Combine this with the previous 'const' statement.","https://eslint.org/docs/latest/rules/one-var"
"require-unicode-regexp","eslint",3,"BestPractices,JavaScript,TypeScript","scripts/build/site.mjs",68,14,68,37,"Use the 'u' flag.","https://eslint.org/docs/latest/rules/require-unicode-regexp"
"one-var","eslint",3,"BestPractices,JavaScript,TypeScript,Fixable","scripts/build/site.mjs",72,1,72,86,"Combine this with the previous 'const' statement.","https://eslint.org/docs/latest/rules/one-var"
"one-var","eslint",3,"BestPractices,JavaScript,TypeScript,Fixable","scripts/build/site.mjs",81,1,81,59,"Combine this with the previous 'const' statement.","https://eslint.org/docs/latest/rules/one-var"
"one-var","eslint",3,"BestPractices,JavaScript,TypeScript,Fixable","scripts/build/site.mjs",88,1,88,45,"Combine this with the previous 'const' statement.","https://eslint.org/docs/latest/rules/one-var"
"one-var","eslint",3,"BestPractices,JavaScript,TypeScript,Fixable","scripts/build/site.mjs",89,1,89,123,"Combine this with the previous 'const' statement.","https://eslint.org/docs/latest/rules/one-var"
"one-var","eslint",3,"BestPractices,JavaScript,TypeScript,Fixable","scripts/build/site.mjs",92,1,98,8,"Combine this with the previous 'const' statement.","https://eslint.org/docs/latest/rules/one-var"
"no-ternary","eslint",3,"BestPractices,JavaScript,TypeScript","scripts/build/site.mjs",92,17,98,7,"Ternary operator used.","https://eslint.org/docs/latest/rules/no-ternary"
"require-unicode-regexp","eslint",3,"BestPractices,JavaScript,TypeScript","scripts/build/site.mjs",96,33,96,42,"Use the 'u' flag.","https://eslint.org/docs/latest/rules/require-unicode-regexp"
"one-var","eslint",3,"BestPractices,JavaScript,TypeScript,Fixable","scripts/build/site.mjs",100,1,118,14,"Combine this with the previous 'const' statement.","https://eslint.org/docs/latest/rules/one-var"
"no-ternary","eslint",3,"BestPractices,JavaScript,TypeScript","scripts/build/site.mjs",108,3,110,72,"Ternary operator used.","https://eslint.org/docs/latest/rules/no-ternary"
"no-magic-numbers","eslint",3,"BestPractices,JavaScript","scripts/build/site.mjs",108,22,108,23,"No magic number: 0.","https://eslint.org/docs/latest/rules/no-magic-numbers"
"no-console","eslint",3,"BestPractices,JavaScript,TypeScript","scripts/build/site.mjs",122,1,122,12,"Unexpected console statement.","https://eslint.org/docs/latest/rules/no-console"
"sort-imports","eslint",3,"BestPractices,JavaScript,TypeScript,Fixable","scripts/build/start-branches.mjs",29,1,29,37,"Imports should be sorted alphabetically.","https://eslint.org/docs/latest/rules/sort-imports"
"one-var","eslint",3,"BestPractices,JavaScript,TypeScript,Fixable","scripts/build/start-branches.mjs",32,1,32,45,"Combine this with the previous 'const' statement.","https://eslint.org/docs/latest/rules/one-var"
"one-var","eslint",3,"BestPractices,JavaScript,TypeScript,Fixable","scripts/build/start-branches.mjs",33,1,33,59,"Combine this with the previous 'const' statement.","https://eslint.org/docs/latest/rules/one-var"
"one-var","eslint",3,"BestPractices,JavaScript,TypeScript,Fixable","scripts/build/start-branches.mjs",35,1,35,36,"Combine this with the previous 'const' statement.","https://eslint.org/docs/latest/rules/one-var"
"@lwc/lwc-platform/no-process-env","eslint",3,"Recommended,LWC,BestPractices,JavaScript","scripts/build/start-branches.mjs",35,14,35,26,"Usage of `process.argv.slice` is not allowed",
"no-magic-numbers","eslint",3,"BestPractices,JavaScript","scripts/build/start-branches.mjs",35,33,35,34,"No magic number: 2.","https://eslint.org/docs/latest/rules/no-magic-numbers"
"one-var","eslint",3,"BestPractices,JavaScript,TypeScript,Fixable","scripts/build/start-branches.mjs",36,1,36,40,"Combine this with the previous 'const' statement.","https://eslint.org/docs/latest/rules/one-var"
"one-var","eslint",3,"BestPractices,JavaScript,TypeScript,Fixable","scripts/build/start-branches.mjs",37,1,37,38,"Combine this with the previous 'const' statement.","https://eslint.org/docs/latest/rules/one-var"
"one-var","eslint",3,"BestPractices,JavaScript,TypeScript,Fixable","scripts/build/start-branches.mjs",38,1,38,44,"Combine this with the previous 'const' statement.","https://eslint.org/docs/latest/rules/one-var"
"one-var","eslint",3,"BestPractices,JavaScript,TypeScript,Fixable","scripts/build/start-branches.mjs",39,1,39,68,"Combine this with the previous 'const' statement.","https://eslint.org/docs/latest/rules/one-var"
"no-ternary","eslint",3,"BestPractices,JavaScript,TypeScript","scripts/build/start-branches.mjs",39,14,39,67,"Ternary operator used.","https://eslint.org/docs/latest/rules/no-ternary"
"no-magic-numbers","eslint",3,"BestPractices,JavaScript","scripts/build/start-branches.mjs",39,27,39,29,"No magic number: -1.","https://eslint.org/docs/latest/rules/no-magic-numbers"
"no-magic-numbers","eslint",3,"BestPractices,JavaScript","scripts/build/start-branches.mjs",39,57,39,58,"No magic number: 1.","https://eslint.org/docs/latest/rules/no-magic-numbers"
"func-style","eslint",3,"BestPractices,JavaScript,TypeScript","scripts/build/start-branches.mjs",41,1,49,2,"Expected a function expression.","https://eslint.org/docs/latest/rules/func-style"
"no-magic-numbers","eslint",3,"BestPractices,JavaScript","scripts/build/start-branches.mjs",43,22,43,23,"No magic number: 0.","https://eslint.org/docs/latest/rules/no-magic-numbers"
"no-console","eslint",3,"BestPractices,JavaScript,TypeScript","scripts/build/start-branches.mjs",44,5,44,18,"Unexpected console statement.","https://eslint.org/docs/latest/rules/no-console"
"no-console","eslint",3,"BestPractices,JavaScript,TypeScript","scripts/build/start-branches.mjs",45,5,45,18,"Unexpected console statement.","https://eslint.org/docs/latest/rules/no-console"
"@lwc/lwc-platform/no-process-env","eslint",3,"Recommended,LWC,BestPractices,JavaScript","scripts/build/start-branches.mjs",46,5,46,17,"Usage of `process.exit` is not allowed",
"no-magic-numbers","eslint",3,"BestPractices,JavaScript","scripts/build/start-branches.mjs",46,18,46,19,"No magic number: 1.","https://eslint.org/docs/latest/rules/no-magic-numbers"
"func-style","eslint",3,"BestPractices,JavaScript,TypeScript","scripts/build/start-branches.mjs",51,1,69,2,"Expected a function expression.","https://eslint.org/docs/latest/rules/func-style"
"one-var","eslint",3,"BestPractices,JavaScript,TypeScript,Fixable","scripts/build/start-branches.mjs",53,3,66,5,"Combine this with the previous 'const' statement.","https://eslint.org/docs/latest/rules/one-var"
"one-var","eslint",3,"BestPractices,JavaScript,TypeScript,Fixable","scripts/build/start-branches.mjs",56,7,56,65,"Combine this with the previous 'const' statement.","https://eslint.org/docs/latest/rules/one-var"
"no-ternary","eslint",3,"BestPractices,JavaScript,TypeScript","scripts/build/start-branches.mjs",56,23,56,64,"Ternary operator used.","https://eslint.org/docs/latest/rules/no-ternary"
"one-var","eslint",3,"BestPractices,JavaScript,TypeScript,Fixable","scripts/build/start-branches.mjs",71,1,71,63,"Combine this with the previous 'const' statement.","https://eslint.org/docs/latest/rules/one-var"
"one-var","eslint",3,"BestPractices,JavaScript,TypeScript,Fixable","scripts/build/start-branches.mjs",73,1,73,46,"Combine this with the previous 'const' statement.","https://eslint.org/docs/latest/rules/one-var"
"no-console","eslint",3,"BestPractices,JavaScript,TypeScript","scripts/build/start-branches.mjs",75,3,75,16,"Unexpected console statement.","https://eslint.org/docs/latest/rules/no-console"
"@lwc/lwc-platform/no-process-env","eslint",3,"Recommended,LWC,BestPractices,JavaScript","scripts/build/start-branches.mjs",76,3,76,15,"Usage of `process.exit` is not allowed",
"no-magic-numbers","eslint",3,"BestPractices,JavaScript","scripts/build/start-branches.mjs",76,16,76,17,"No magic number: 1.","https://eslint.org/docs/latest/rules/no-magic-numbers"
"one-var","eslint",3,"BestPractices,JavaScript,TypeScript,Fixable","scripts/build/start-branches.mjs",79,1,79,67,"Combine this with the previous 'const' statement.","https://eslint.org/docs/latest/rules/one-var"
"no-console","eslint",3,"BestPractices,JavaScript,TypeScript","scripts/build/start-branches.mjs",80,1,80,12,"Unexpected console statement.","https://eslint.org/docs/latest/rules/no-console"
"no-console","eslint",3,"BestPractices,JavaScript,TypeScript","scripts/build/start-branches.mjs",81,1,81,12,"Unexpected console statement.","https://eslint.org/docs/latest/rules/no-console"
"no-magic-numbers","eslint",3,"BestPractices,JavaScript","scripts/build/start-branches.mjs",85,22,85,23,"No magic number: 1.","https://eslint.org/docs/latest/rules/no-magic-numbers"
"no-magic-numbers","eslint",3,"BestPractices,JavaScript","scripts/build/start-branches.mjs",85,25,85,26,"No magic number: 2.","https://eslint.org/docs/latest/rules/no-magic-numbers"
"no-magic-numbers","eslint",3,"BestPractices,JavaScript","scripts/build/start-branches.mjs",85,28,85,29,"No magic number: 3.","https://eslint.org/docs/latest/rules/no-magic-numbers"
"no-continue","eslint",3,"BestPractices,JavaScript,TypeScript","scripts/build/start-branches.mjs",88,5,88,14,"Unexpected use of continue statement.","https://eslint.org/docs/latest/rules/no-continue"
"one-var","eslint",3,"BestPractices,JavaScript,TypeScript,Fixable","scripts/build/start-branches.mjs",91,3,91,65,"Combine this with the previous 'const' statement.","https://eslint.org/docs/latest/rules/one-var"
"one-var","eslint",3,"BestPractices,JavaScript,TypeScript,Fixable","scripts/build/start-branches.mjs",92,3,92,71,"Combine this with the previous 'const' statement.","https://eslint.org/docs/latest/rules/one-var"
"no-magic-numbers","eslint",3,"BestPractices,JavaScript","scripts/build/start-branches.mjs",94,17,94,18,"No magic number: 1.","https://eslint.org/docs/latest/rules/no-magic-numbers"
"no-console","eslint",3,"BestPractices,JavaScript,TypeScript","scripts/build/start-branches.mjs",95,5,95,16,"Unexpected console statement.","https://eslint.org/docs/latest/rules/no-console"
"no-continue","eslint",3,"BestPractices,JavaScript,TypeScript","scripts/build/start-branches.mjs",103,5,103,14,"Unexpected use of continue statement.","https://eslint.org/docs/latest/rules/no-continue"
"no-console","eslint",3,"BestPractices,JavaScript,TypeScript","scripts/build/start-branches.mjs",107,5,107,16,"Unexpected console statement.","https://eslint.org/docs/latest/rules/no-console"
"no-console","eslint",3,"BestPractices,JavaScript,TypeScript","scripts/build/start-branches.mjs",108,5,108,16,"Unexpected console statement.","https://eslint.org/docs/latest/rules/no-console"
"no-console","eslint",3,"BestPractices,JavaScript,TypeScript","scripts/build/start-branches.mjs",109,5,109,16,"Unexpected console statement.","https://eslint.org/docs/latest/rules/no-console"
"no-magic-numbers","eslint",3,"BestPractices,JavaScript","scripts/build/start-branches.mjs",109,52,109,53,"No magic number: 1.","https://eslint.org/docs/latest/rules/no-magic-numbers"
"no-console","eslint",3,"BestPractices,JavaScript,TypeScript","scripts/build/start-branches.mjs",110,5,110,16,"Unexpected console statement.","https://eslint.org/docs/latest/rules/no-console"
"no-magic-numbers","eslint",3,"BestPractices,JavaScript","scripts/build/start-branches.mjs",110,95,110,96,"No magic number: 1.","https://eslint.org/docs/latest/rules/no-magic-numbers"
"no-console","eslint",3,"BestPractices,JavaScript,TypeScript","scripts/build/start-branches.mjs",111,5,111,16,"Unexpected console statement.","https://eslint.org/docs/latest/rules/no-console"
"no-console","eslint",3,"BestPractices,JavaScript,TypeScript","scripts/build/start-branches.mjs",112,5,112,16,"Unexpected console statement.","https://eslint.org/docs/latest/rules/no-console"
"no-continue","eslint",3,"BestPractices,JavaScript,TypeScript","scripts/build/start-branches.mjs",113,5,113,14,"Unexpected use of continue statement.","https://eslint.org/docs/latest/rules/no-continue"
"one-var","eslint",3,"BestPractices,JavaScript,TypeScript,Fixable","scripts/build/start-branches.mjs",116,3,116,95,"Combine this with the previous 'const' statement.","https://eslint.org/docs/latest/rules/one-var"
"no-ternary","eslint",3,"BestPractices,JavaScript,TypeScript","scripts/build/start-branches.mjs",116,16,116,94,"Ternary operator used.","https://eslint.org/docs/latest/rules/no-ternary"
"no-console","eslint",3,"BestPractices,JavaScript,TypeScript","scripts/build/start-branches.mjs",117,3,117,14,"Unexpected console statement.","https://eslint.org/docs/latest/rules/no-console"
"no-magic-numbers","eslint",3,"BestPractices,JavaScript","scripts/build/start-branches.mjs",117,65,117,66,"No magic number: 1.","https://eslint.org/docs/latest/rules/no-magic-numbers"
"one-var","eslint",3,"BestPractices,JavaScript,TypeScript,Fixable","scripts/build/start-branches.mjs",121,5,130,7,"Combine this with the previous 'const' statement.","https://eslint.org/docs/latest/rules/one-var"
"no-ternary","eslint",3,"BestPractices,JavaScript,TypeScript","scripts/build/start-branches.mjs",123,25,123,66,"Ternary operator used.","https://eslint.org/docs/latest/rules/no-ternary"
"id-length","eslint",3,"BestPractices,JavaScript,TypeScript","scripts/build/start-branches.mjs",132,20,132,21,"Identifier name 'f' is too short (< 2).","https://eslint.org/docs/latest/rules/id-length"
"no-console","eslint",3,"BestPractices,JavaScript,TypeScript","scripts/build/start-branches.mjs",132,26,132,37,"Unexpected console statement.","https://eslint.org/docs/latest/rules/no-console"
"no-console","eslint",3,"BestPractices,JavaScript,TypeScript","scripts/build/start-branches.mjs",133,5,133,16,"Unexpected console statement.","https://eslint.org/docs/latest/rules/no-console"
"no-continue","eslint",3,"BestPractices,JavaScript,TypeScript","scripts/build/start-branches.mjs",135,5,135,14,"Unexpected use of continue statement.","https://eslint.org/docs/latest/rules/no-continue"
"one-var","eslint",3,"BestPractices,JavaScript,TypeScript,Fixable","scripts/build/start-branches.mjs",139,3,139,44,"Combine this with the previous 'const' statement.","https://eslint.org/docs/latest/rules/one-var"
"id-length","eslint",3,"BestPractices,JavaScript,TypeScript","scripts/build/start-branches.mjs",147,20,147,21,"Identifier name 'f' is too short (< 2).","https://eslint.org/docs/latest/rules/id-length"
"no-console","eslint",3,"BestPractices,JavaScript,TypeScript","scripts/build/start-branches.mjs",147,26,147,37,"Unexpected console statement.","https://eslint.org/docs/latest/rules/no-console"
"one-var","eslint",3,"BestPractices,JavaScript,TypeScript,Fixable","scripts/build/start-branches.mjs",150,3,150,91,"Combine this with the previous 'const' statement.","https://eslint.org/docs/latest/rules/one-var"
"one-var","eslint",3,"BestPractices,JavaScript,TypeScript,Fixable","scripts/build/start-branches.mjs",151,3,151,95,"Combine this with the previous 'const' statement.","https://eslint.org/docs/latest/rules/one-var"
"no-magic-numbers","eslint",3,"BestPractices,JavaScript","scripts/build/start-branches.mjs",152,25,152,26,"No magic number: 0.","https://eslint.org/docs/latest/rules/no-magic-numbers"
"require-unicode-regexp","eslint",3,"BestPractices,JavaScript,TypeScript","scripts/build/start-branches.mjs",152,31,152,51,"Use the 'u' flag.","https://eslint.org/docs/latest/rules/require-unicode-regexp"
"no-console","eslint",3,"BestPractices,JavaScript,TypeScript","scripts/build/start-branches.mjs",153,5,153,18,"Unexpected console statement.","https://eslint.org/docs/latest/rules/no-console"
"@lwc/lwc-platform/no-process-env","eslint",3,"Recommended,LWC,BestPractices,JavaScript","scripts/build/start-branches.mjs",154,5,154,17,"Usage of `process.exit` is not allowed",
"no-magic-numbers","eslint",3,"BestPractices,JavaScript","scripts/build/start-branches.mjs",154,18,154,19,"No magic number: 1.","https://eslint.org/docs/latest/rules/no-magic-numbers"
"no-console","eslint",3,"BestPractices,JavaScript,TypeScript","scripts/build/start-branches.mjs",159,3,159,14,"Unexpected console statement.","https://eslint.org/docs/latest/rules/no-console"
"no-console","eslint",3,"BestPractices,JavaScript,TypeScript","scripts/build/start-branches.mjs",167,1,167,12,"Unexpected console statement.","https://eslint.org/docs/latest/rules/no-console"
"no-nested-ternary","eslint",3,"BestPractices,JavaScript,TypeScript","scripts/build/start-branches.mjs",167,13,167,130,"Do not nest ternary expressions.","https://eslint.org/docs/latest/rules/no-nested-ternary"
"no-ternary","eslint",3,"BestPractices,JavaScript,TypeScript","scripts/build/start-branches.mjs",167,13,167,130,"Ternary operator used.","https://eslint.org/docs/latest/rules/no-ternary"
"no-ternary","eslint",3,"BestPractices,JavaScript,TypeScript","scripts/build/start-branches.mjs",167,53,167,130,"Ternary operator used.","https://eslint.org/docs/latest/rules/no-ternary"
"sort-imports","eslint",3,"BestPractices,JavaScript,TypeScript,Fixable","scripts/build/universe.mjs",20,1,20,37,"Imports should be sorted alphabetically.","https://eslint.org/docs/latest/rules/sort-imports"
"one-var","eslint",3,"BestPractices,JavaScript,TypeScript,Fixable","scripts/build/universe.mjs",23,1,23,45,"Combine this with the previous 'const' statement.","https://eslint.org/docs/latest/rules/one-var"
"one-var","eslint",3,"BestPractices,JavaScript,TypeScript,Fixable","scripts/build/universe.mjs",24,1,24,48,"Combine this with the previous 'const' statement.","https://eslint.org/docs/latest/rules/one-var"
"@lwc/lwc-platform/no-process-env","eslint",3,"Recommended,LWC,BestPractices,JavaScript","scripts/build/universe.mjs",24,15,24,27,"Usage of `process.argv.includes` is not allowed",
"one-var","eslint",3,"BestPractices,JavaScript,TypeScript,Fixable","scripts/build/universe.mjs",26,1,26,97,"Combine this with the previous 'const' statement.","https://eslint.org/docs/latest/rules/one-var"
"one-var","eslint",3,"BestPractices,JavaScript,TypeScript,Fixable","scripts/build/universe.mjs",27,1,27,37,"Combine this with the previous 'const' statement.","https://eslint.org/docs/latest/rules/one-var"
"one-var","eslint",3,"BestPractices,JavaScript,TypeScript,Fixable","scripts/build/universe.mjs",28,1,28,35,"Combine this with the previous 'const' statement.","https://eslint.org/docs/latest/rules/one-var"
"one-var","eslint",3,"BestPractices,JavaScript,TypeScript,Fixable","scripts/build/universe.mjs",30,1,30,21,"Combine this with the previous 'const' statement.","https://eslint.org/docs/latest/rules/one-var"
"one-var","eslint",3,"BestPractices,JavaScript,TypeScript,Fixable","scripts/build/universe.mjs",31,1,31,20,"Combine this with the previous 'const' statement.","https://eslint.org/docs/latest/rules/one-var"
"func-style","eslint",3,"BestPractices,JavaScript,TypeScript","scripts/build/universe.mjs",33,1,46,2,"Expected a function expression.","https://eslint.org/docs/latest/rules/func-style"
"one-var","eslint",3,"BestPractices,JavaScript,TypeScript,Fixable","scripts/build/universe.mjs",35,3,35,83,"Combine this with the previous 'const' statement.","https://eslint.org/docs/latest/rules/one-var"
"no-ternary","eslint",3,"BestPractices,JavaScript,TypeScript","scripts/build/universe.mjs",35,20,35,82,"Ternary operator used.","https://eslint.org/docs/latest/rules/no-ternary"
"func-style","eslint",3,"BestPractices,JavaScript,TypeScript","scripts/build/universe.mjs",49,1,91,2,"Expected a function expression.","https://eslint.org/docs/latest/rules/func-style"
"max-statements","eslint",3,"BestPractices,JavaScript,TypeScript","scripts/build/universe.mjs",49,1,91,2,"Function 'parseFrontMatter' has too many statements (32). Maximum allowed is 10.","https://eslint.org/docs/latest/rules/max-statements"
"prefer-named-capture-group","eslint",3,"BestPractices,JavaScript,TypeScript","scripts/build/universe.mjs",50,28,50,62,"Capture group '([\s\S]*?)' should be converted to a named or non-capturing group.","https://eslint.org/docs/latest/rules/prefer-named-capture-group"
"require-unicode-regexp","eslint",3,"BestPractices,JavaScript,TypeScript","scripts/build/universe.mjs",50,28,50,62,"Use the 'u' flag.","https://eslint.org/docs/latest/rules/require-unicode-regexp"
"one-var","eslint",3,"BestPractices,JavaScript,TypeScript,Fixable","scripts/build/universe.mjs",54,3,54,19,"Combine this with the previous 'const' statement.","https://eslint.org/docs/latest/rules/one-var"
"one-var","eslint",3,"BestPractices,JavaScript,TypeScript,Fixable","scripts/build/universe.mjs",56,3,56,25,"Combine this with the previous 'let' statement.","https://eslint.org/docs/latest/rules/one-var"
"no-useless-assignment","eslint",2,"ErrorProne,JavaScript,TypeScript","scripts/build/universe.mjs",56,7,56,17,"This assigned value is not used in subsequent statements.","https://eslint.org/docs/latest/rules/no-useless-assignment"
"no-magic-numbers","eslint",3,"BestPractices,JavaScript","scripts/build/universe.mjs",57,31,57,32,"No magic number: 1.","https://eslint.org/docs/latest/rules/no-magic-numbers"
"require-unicode-regexp","eslint",3,"BestPractices,JavaScript,TypeScript","scripts/build/universe.mjs",57,40,57,47,"Use the 'u' flag.","https://eslint.org/docs/latest/rules/require-unicode-regexp"
"no-continue","eslint",3,"BestPractices,JavaScript,TypeScript","scripts/build/universe.mjs",59,7,59,16,"Unexpected use of continue statement.","https://eslint.org/docs/latest/rules/no-continue"
"prefer-named-capture-group","eslint",3,"BestPractices,JavaScript,TypeScript","scripts/build/universe.mjs",61,31,61,52,"Capture group '([a-z_]+)' should be converted to a named or non-capturing group.","https://eslint.org/docs/latest/rules/prefer-named-capture-group"
"prefer-named-capture-group","eslint",3,"BestPractices,JavaScript,TypeScript","scripts/build/universe.mjs",61,31,61,52,"Capture group '(.*)' should be converted to a named or non-capturing group.","https://eslint.org/docs/latest/rules/prefer-named-capture-group"
"require-unicode-regexp","eslint",3,"BestPractices,JavaScript,TypeScript","scripts/build/universe.mjs",61,31,61,52,"Use the 'u' flag.","https://eslint.org/docs/latest/rules/require-unicode-regexp"
"prefer-destructuring","eslint",3,"BestPractices,JavaScript,Fixable","scripts/build/universe.mjs",63,7,63,26,"Use array destructuring.","https://eslint.org/docs/latest/rules/prefer-destructuring"
"no-magic-numbers","eslint",3,"BestPractices,JavaScript","scripts/build/universe.mjs",63,24,63,25,"No magic number: 1.","https://eslint.org/docs/latest/rules/no-magic-numbers"
"no-useless-assignment","eslint",2,"ErrorProne,JavaScript,TypeScript","scripts/build/universe.mjs",64,7,64,17,"This assigned value is not used in subsequent statements.","https://eslint.org/docs/latest/rules/no-useless-assignment"
"no-magic-numbers","eslint",3,"BestPractices,JavaScript","scripts/build/universe.mjs",65,25,65,26,"No magic number: 2.","https://eslint.org/docs/latest/rules/no-magic-numbers"
"no-ternary","eslint",3,"BestPractices,JavaScript,TypeScript","scripts/build/universe.mjs",66,26,66,64,"Ternary operator used.","https://eslint.org/docs/latest/rules/no-ternary"
"no-continue","eslint",3,"BestPractices,JavaScript,TypeScript","scripts/build/universe.mjs",67,7,67,16,"Unexpected use of continue statement.","https://eslint.org/docs/latest/rules/no-continue"
"one-var","eslint",3,"BestPractices,JavaScript,TypeScript,Fixable","scripts/build/universe.mjs",69,5,69,58,"Combine this with the previous 'const' statement.","https://eslint.org/docs/latest/rules/one-var"
"prefer-named-capture-group","eslint",3,"BestPractices,JavaScript,TypeScript","scripts/build/universe.mjs",69,31,69,56,"Capture group '([a-z_]+)' should be converted to a named or non-capturing group.","https://eslint.org/docs/latest/rules/prefer-named-capture-group"
"prefer-named-capture-group","eslint",3,"BestPractices,JavaScript,TypeScript","scripts/build/universe.mjs",69,31,69,56,"Capture group '(.*)' should be converted to a named or non-capturing group.","https://eslint.org/docs/latest/rules/prefer-named-capture-group"
"require-unicode-regexp","eslint",3,"BestPractices,JavaScript,TypeScript","scripts/build/universe.mjs",69,31,69,56,"Use the 'u' flag.","https://eslint.org/docs/latest/rules/require-unicode-regexp"
"prefer-destructuring","eslint",3,"BestPractices,JavaScript,Fixable","scripts/build/universe.mjs",74,7,74,26,"Use array destructuring.","https://eslint.org/docs/latest/rules/prefer-destructuring"
"no-magic-numbers","eslint",3,"BestPractices,JavaScript","scripts/build/universe.mjs",74,24,74,25,"No magic number: 1.","https://eslint.org/docs/latest/rules/no-magic-numbers"
"no-magic-numbers","eslint",3,"BestPractices,JavaScript","scripts/build/universe.mjs",75,25,75,26,"No magic number: 2.","https://eslint.org/docs/latest/rules/no-magic-numbers"
"no-ternary","eslint",3,"BestPractices,JavaScript,TypeScript","scripts/build/universe.mjs",79,38,79,69,"Ternary operator used.","https://eslint.org/docs/latest/rules/no-ternary"
"no-continue","eslint",3,"BestPractices,JavaScript,TypeScript","scripts/build/universe.mjs",80,7,80,16,"Unexpected use of continue statement.","https://eslint.org/docs/latest/rules/no-continue"
"one-var","eslint",3,"BestPractices,JavaScript,TypeScript,Fixable","scripts/build/universe.mjs",82,5,82,48,"Combine this with the previous 'const' statement.","https://eslint.org/docs/latest/rules/one-var"
"prefer-named-capture-group","eslint",3,"BestPractices,JavaScript,TypeScript","scripts/build/universe.mjs",82,32,82,46,"Capture group '(.*)' should be converted to a named or non-capturing group.","https://eslint.org/docs/latest/rules/prefer-named-capture-group"
"require-unicode-regexp","eslint",3,"BestPractices,JavaScript,TypeScript","scripts/build/universe.mjs",82,32,82,46,"Use the 'u' flag.","https://eslint.org/docs/latest/rules/require-unicode-regexp"
"no-magic-numbers","eslint",3,"BestPractices,JavaScript","scripts/build/universe.mjs",87,46,87,47,"No magic number: 1.","https://eslint.org/docs/latest/rules/no-magic-numbers"
"func-style","eslint",3,"BestPractices,JavaScript,TypeScript","scripts/build/universe.mjs",92,1,94,2,"Expected a function expression.","https://eslint.org/docs/latest/rules/func-style"
"id-length","eslint",3,"BestPractices,JavaScript,TypeScript","scripts/build/universe.mjs",92,22,92,23,"Identifier name 'v' is too short (< 2).","https://eslint.org/docs/latest/rules/id-length"
"prefer-named-capture-group","eslint",3,"BestPractices,JavaScript,TypeScript","scripts/build/universe.mjs",93,20,93,36,"Capture group '(.*)' should be converted to a named or non-capturing group.","https://eslint.org/docs/latest/rules/prefer-named-capture-group"
"require-unicode-regexp","eslint",3,"BestPractices,JavaScript,TypeScript","scripts/build/universe.mjs",93,20,93,36,"Use the 'u' flag.","https://eslint.org/docs/latest/rules/require-unicode-regexp"
"func-style","eslint",3,"BestPractices,JavaScript,TypeScript","scripts/build/universe.mjs",95,1,100,2,"Expected a function expression.","https://eslint.org/docs/latest/rules/func-style"
"id-length","eslint",3,"BestPractices,JavaScript,TypeScript","scripts/build/universe.mjs",95,22,95,23,"Identifier name 'v' is too short (< 2).","https://eslint.org/docs/latest/rules/id-length"
"no-magic-numbers","eslint",3,"BestPractices,JavaScript","scripts/build/universe.mjs",97,20,97,21,"No magic number: 1.","https://eslint.org/docs/latest/rules/no-magic-numbers"
"no-magic-numbers","eslint",3,"BestPractices,JavaScript","scripts/build/universe.mjs",97,23,97,25,"No magic number: -1.","https://eslint.org/docs/latest/rules/no-magic-numbers"
"id-length","eslint",3,"BestPractices,JavaScript,TypeScript","scripts/build/universe.mjs",97,43,97,44,"Identifier name 's' is too short (< 2).","https://eslint.org/docs/latest/rules/id-length"
"one-var","eslint",3,"BestPractices,JavaScript,TypeScript,Fixable","scripts/build/universe.mjs",102,1,102,17,"Combine this with the previous 'const' statement.","https://eslint.org/docs/latest/rules/one-var"
"one-var","eslint",3,"BestPractices,JavaScript,TypeScript,Fixable","scripts/build/universe.mjs",106,5,106,38,"Combine this with the previous 'const' statement.","https://eslint.org/docs/latest/rules/one-var"
"no-continue","eslint",3,"BestPractices,JavaScript,TypeScript","scripts/build/universe.mjs",109,7,109,16,"Unexpected use of continue statement.","https://eslint.org/docs/latest/rules/no-continue"
"one-var","eslint",3,"BestPractices,JavaScript,TypeScript,Fixable","scripts/build/universe.mjs",111,5,111,47,"Combine this with the previous 'const' statement.","https://eslint.org/docs/latest/rules/one-var"
"one-var","eslint",3,"BestPractices,JavaScript,TypeScript,Fixable","scripts/build/universe.mjs",112,5,112,42,"Combine this with the previous 'const' statement.","https://eslint.org/docs/latest/rules/one-var"
"no-continue","eslint",3,"BestPractices,JavaScript,TypeScript","scripts/build/universe.mjs",115,7,115,16,"Unexpected use of continue statement.","https://eslint.org/docs/latest/rules/no-continue"
"sort-keys","eslint",3,"BestPractices,JavaScript,TypeScript","scripts/build/universe.mjs",117,73,117,78,"Expected object keys to be in ascending order. 'front' should be before 'rel'.","https://eslint.org/docs/latest/rules/sort-keys"
"sort-keys","eslint",3,"BestPractices,JavaScript,TypeScript","scripts/build/universe.mjs",117,80,117,84,"Expected object keys to be in ascending order. 'body' should be before 'front'.","https://eslint.org/docs/latest/rules/sort-keys"
"one-var","eslint",3,"BestPractices,JavaScript,TypeScript,Fixable","scripts/build/universe.mjs",122,1,122,70,"Combine this with the previous 'const' statement.","https://eslint.org/docs/latest/rules/one-var"
"id-length","eslint",3,"BestPractices,JavaScript,TypeScript","scripts/build/universe.mjs",122,57,122,58,"Identifier name 's' is too short (< 2).","https://eslint.org/docs/latest/rules/id-length"
"one-var","eslint",3,"BestPractices,JavaScript,TypeScript,Fixable","scripts/build/universe.mjs",123,1,127,4,"Combine this with the previous 'const' statement.","https://eslint.org/docs/latest/rules/one-var"
"id-length","eslint",3,"BestPractices,JavaScript,TypeScript","scripts/build/universe.mjs",125,38,125,39,"Identifier name 'b' is too short (< 2).","https://eslint.org/docs/latest/rules/id-length"
"id-length","eslint",3,"BestPractices,JavaScript,TypeScript","scripts/build/universe.mjs",126,32,126,33,"Identifier name 's' is too short (< 2).","https://eslint.org/docs/latest/rules/id-length"
"one-var","eslint",3,"BestPractices,JavaScript,TypeScript,Fixable","scripts/build/universe.mjs",128,1,128,62,"Combine this with the previous 'const' statement.","https://eslint.org/docs/latest/rules/one-var"
"id-length","eslint",3,"BestPractices,JavaScript,TypeScript","scripts/build/universe.mjs",128,46,128,47,"Identifier name 'o' is too short (< 2).","https://eslint.org/docs/latest/rules/id-length"
"one-var","eslint",3,"BestPractices,JavaScript,TypeScript,Fixable","scripts/build/universe.mjs",129,1,129,76,"Combine this with the previous 'const' statement.","https://eslint.org/docs/latest/rules/one-var"
"id-length","eslint",3,"BestPractices,JavaScript,TypeScript","scripts/build/universe.mjs",129,47,129,48,"Identifier name 'p' is too short (< 2).","https://eslint.org/docs/latest/rules/id-length"
"no-magic-numbers","eslint",3,"BestPractices,JavaScript","scripts/build/universe.mjs",129,71,129,72,"No magic number: 0.","https://eslint.org/docs/latest/rules/no-magic-numbers"
"require-unicode-regexp","eslint",3,"BestPractices,JavaScript,TypeScript","scripts/build/universe.mjs",132,41,132,56,"Use the 'u' flag.","https://eslint.org/docs/latest/rules/require-unicode-regexp"
"no-magic-numbers","eslint",3,"BestPractices,JavaScript","scripts/build/universe.mjs",133,34,133,35,"No magic number: 0.","https://eslint.org/docs/latest/rules/no-magic-numbers"
"no-magic-numbers","eslint",3,"BestPractices,JavaScript","scripts/build/universe.mjs",134,50,134,51,"No magic number: 0.","https://eslint.org/docs/latest/rules/no-magic-numbers"
"require-unicode-regexp","eslint",3,"BestPractices,JavaScript,TypeScript","scripts/build/universe.mjs",137,41,137,61,"Use the 'u' flag.","https://eslint.org/docs/latest/rules/require-unicode-regexp"
"no-magic-numbers","eslint",3,"BestPractices,JavaScript","scripts/build/universe.mjs",138,30,138,31,"No magic number: 0.","https://eslint.org/docs/latest/rules/no-magic-numbers"
"no-magic-numbers","eslint",3,"BestPractices,JavaScript","scripts/build/universe.mjs",139,58,139,59,"No magic number: 0.","https://eslint.org/docs/latest/rules/no-magic-numbers"
"require-unicode-regexp","eslint",3,"BestPractices,JavaScript,TypeScript","scripts/build/universe.mjs",144,41,144,75,"Use the 'u' flag.","https://eslint.org/docs/latest/rules/require-unicode-regexp"
"no-magic-numbers","eslint",3,"BestPractices,JavaScript","scripts/build/universe.mjs",145,34,145,35,"No magic number: 0.","https://eslint.org/docs/latest/rules/no-magic-numbers"
"no-magic-numbers","eslint",3,"BestPractices,JavaScript","scripts/build/universe.mjs",146,61,146,62,"No magic number: 0.","https://eslint.org/docs/latest/rules/no-magic-numbers"
"no-ternary","eslint",3,"BestPractices,JavaScript,TypeScript","scripts/build/universe.mjs",149,23,149,88,"Ternary operator used.","https://eslint.org/docs/latest/rules/no-ternary"
"one-var","eslint",3,"BestPractices,JavaScript,TypeScript,Fixable","scripts/build/universe.mjs",158,1,158,40,"Combine this with the previous 'const' statement.","https://eslint.org/docs/latest/rules/one-var"
"prefer-named-capture-group","eslint",3,"BestPractices,JavaScript,TypeScript","scripts/build/universe.mjs",160,38,160,81,"Capture group '(Marco|Amina|Sofia|Elena|Diego|Nina)' should be converted to a named or non-capturing group.","https://eslint.org/docs/latest/rules/prefer-named-capture-group"
"require-unicode-regexp","eslint",3,"BestPractices,JavaScript,TypeScript","scripts/build/universe.mjs",160,38,160,81,"Use the 'u' flag.","https://eslint.org/docs/latest/rules/require-unicode-regexp"
"func-style","eslint",3,"BestPractices,JavaScript,TypeScript","scripts/build/universe.mjs",169,1,208,2,"Expected a function expression.","https://eslint.org/docs/latest/rules/func-style"
"max-statements","eslint",3,"BestPractices,JavaScript,TypeScript","scripts/build/universe.mjs",169,1,208,2,"Function 'backlog' has too many statements (22). Maximum allowed is 10.","https://eslint.org/docs/latest/rules/max-statements"
"id-length","eslint",3,"BestPractices,JavaScript,TypeScript","scripts/build/universe.mjs",184,39,184,40,"Identifier name 'p' is too short (< 2).","https://eslint.org/docs/latest/rules/id-length"
"no-ternary","eslint",3,"BestPractices,JavaScript,TypeScript","scripts/build/universe.mjs",185,69,185,102,"Ternary operator used.","https://eslint.org/docs/latest/rules/no-ternary"
"id-length","eslint",3,"BestPractices,JavaScript,TypeScript","scripts/build/universe.mjs",189,39,189,40,"Identifier name 'p' is too short (< 2).","https://eslint.org/docs/latest/rules/id-length"
"no-ternary","eslint",3,"BestPractices,JavaScript,TypeScript","scripts/build/universe.mjs",191,30,191,63,"Ternary operator used.","https://eslint.org/docs/latest/rules/no-ternary"
"func-style","eslint",3,"BestPractices,JavaScript,TypeScript","scripts/build/universe.mjs",212,1,247,2,"Expected a function expression.","https://eslint.org/docs/latest/rules/func-style"
"max-statements","eslint",3,"BestPractices,JavaScript,TypeScript","scripts/build/universe.mjs",212,1,247,2,"Function 'linkMap' has too many statements (20). Maximum allowed is 10.","https://eslint.org/docs/latest/rules/max-statements"
"one-var","eslint",3,"BestPractices,JavaScript,TypeScript,Fixable","scripts/build/universe.mjs",231,3,231,30,"Combine this with the previous 'const' statement.","https://eslint.org/docs/latest/rules/one-var"
"no-ternary","eslint",3,"BestPractices,JavaScript,TypeScript","scripts/build/universe.mjs",233,18,233,100,"Ternary operator used.","https://eslint.org/docs/latest/rules/no-ternary"
"no-ternary","eslint",3,"BestPractices,JavaScript,TypeScript","scripts/build/universe.mjs",234,24,234,59,"Ternary operator used.","https://eslint.org/docs/latest/rules/no-ternary"
"func-style","eslint",3,"BestPractices,JavaScript,TypeScript","scripts/build/universe.mjs",251,1,290,2,"Expected a function expression.","https://eslint.org/docs/latest/rules/func-style"
"one-var","eslint",3,"BestPractices,JavaScript,TypeScript,Fixable","scripts/build/universe.mjs",254,5,254,62,"Combine this with the previous 'const' statement.","https://eslint.org/docs/latest/rules/one-var"
"id-length","eslint",3,"BestPractices,JavaScript,TypeScript","scripts/build/universe.mjs",254,18,254,19,"Identifier name 'v' is too short (< 2).","https://eslint.org/docs/latest/rules/id-length"
"no-nested-ternary","eslint",3,"BestPractices,JavaScript,TypeScript","scripts/build/universe.mjs",254,25,254,60,"Do not nest ternary expressions.","https://eslint.org/docs/latest/rules/no-nested-ternary"
"no-ternary","eslint",3,"BestPractices,JavaScript,TypeScript","scripts/build/universe.mjs",254,25,254,60,"Ternary operator used.","https://eslint.org/docs/latest/rules/no-ternary"
"no-ternary","eslint",3,"BestPractices,JavaScript,TypeScript","scripts/build/universe.mjs",254,48,254,60,"Ternary operator used.","https://eslint.org/docs/latest/rules/no-ternary"
"sort-keys","eslint",3,"BestPractices,JavaScript,TypeScript","scripts/build/universe.mjs",258,7,258,10,"Expected object keys to be in ascending order. 'lab' should be before 'level'.","https://eslint.org/docs/latest/rules/sort-keys"
"sort-keys","eslint",3,"BestPractices,JavaScript,TypeScript","scripts/build/universe.mjs",260,7,260,11,"Expected object keys to be in ascending order. 'file' should be before 'title'.","https://eslint.org/docs/latest/rules/sort-keys"
"sort-keys","eslint",3,"BestPractices,JavaScript,TypeScript","scripts/build/universe.mjs",262,7,262,15,"Expected object keys to be in ascending order. 'commands' should be before 'url'.","https://eslint.org/docs/latest/rules/sort-keys"
"sort-keys","eslint",3,"BestPractices,JavaScript,TypeScript","scripts/build/universe.mjs",264,7,264,13,"Expected object keys to be in ascending order. 'config' should be before 'flags'.","https://eslint.org/docs/latest/rules/sort-keys"
"one-var","eslint",3,"BestPractices,JavaScript,TypeScript,Fixable","scripts/build/universe.mjs",270,3,270,20,"Combine this with the previous 'const' statement.","https://eslint.org/docs/latest/rules/one-var"
"logical-assignment-operators","eslint",3,"BestPractices,JavaScript,TypeScript,Fixable","scripts/build/universe.mjs",274,25,274,54,"Assignment (=) can be replaced with operator assignment (||=).","https://eslint.org/docs/latest/rules/logical-assignment-operators"
"no-multi-assign","eslint",3,"BestPractices,JavaScript,TypeScript","scripts/build/universe.mjs",274,25,274,54,"Unexpected chained assignment.","https://eslint.org/docs/latest/rules/no-multi-assign"
"logical-assignment-operators","eslint",3,"BestPractices,JavaScript,TypeScript,Fixable","scripts/build/universe.mjs",275,10,275,45,"Assignment (=) can be replaced with operator assignment (||=).","https://eslint.org/docs/latest/rules/logical-assignment-operators"
"prefer-template","eslint",3,"BestPractices,JavaScript,TypeScript,Fixable","scripts/build/universe.mjs",279,10,289,11,"Unexpected string concatenation.","https://eslint.org/docs/latest/rules/prefer-template"
"sort-keys","eslint",3,"BestPractices,JavaScript,TypeScript","scripts/build/universe.mjs",284,7,284,11,"Expected object keys to be in ascending order. 'labs' should be before 'site'.","https://eslint.org/docs/latest/rules/sort-keys"
"no-magic-numbers","eslint",3,"BestPractices,JavaScript","scripts/build/universe.mjs",288,5,288,6,"No magic number: 2.","https://eslint.org/docs/latest/rules/no-magic-numbers"
"func-style","eslint",3,"BestPractices,JavaScript,TypeScript","scripts/build/universe.mjs",294,1,307,2,"Expected a function expression.","https://eslint.org/docs/latest/rules/func-style"
"max-lines","eslint",3,"BestPractices,JavaScript,TypeScript","scripts/build/universe.mjs",301,1,356,1,"File has too many lines (355). Maximum allowed is 300.","https://eslint.org/docs/latest/rules/max-lines"
"prefer-template","eslint",3,"BestPractices,JavaScript,TypeScript,Fixable","scripts/build/universe.mjs",306,10,306,33,"Unexpected string concatenation.","https://eslint.org/docs/latest/rules/prefer-template"
"func-style","eslint",3,"BestPractices,JavaScript,TypeScript","scripts/build/universe.mjs",311,1,341,2,"Expected a function expression.","https://eslint.org/docs/latest/rules/func-style"
"no-magic-numbers","eslint",3,"BestPractices,JavaScript","scripts/build/universe.mjs",345,22,345,23,"No magic number: 0.","https://eslint.org/docs/latest/rules/no-magic-numbers"
"no-console","eslint",3,"BestPractices,JavaScript,TypeScript","scripts/build/universe.mjs",346,3,346,14,"Unexpected console statement.","https://eslint.org/docs/latest/rules/no-console"
"id-length","eslint",3,"BestPractices,JavaScript,TypeScript","scripts/build/universe.mjs",347,20,347,21,"Identifier name 'f' is too short (< 2).","https://eslint.org/docs/latest/rules/id-length"
"no-console","eslint",3,"BestPractices,JavaScript,TypeScript","scripts/build/universe.mjs",347,26,347,37,"Unexpected console statement.","https://eslint.org/docs/latest/rules/no-console"
"no-magic-numbers","eslint",3,"BestPractices,JavaScript","scripts/build/universe.mjs",349,23,349,24,"No magic number: 0.","https://eslint.org/docs/latest/rules/no-magic-numbers"
"no-console","eslint",3,"BestPractices,JavaScript,TypeScript","scripts/build/universe.mjs",350,3,350,16,"Unexpected console statement.","https://eslint.org/docs/latest/rules/no-console"
"no-console","eslint",3,"BestPractices,JavaScript,TypeScript","scripts/build/universe.mjs",351,3,351,16,"Unexpected console statement.","https://eslint.org/docs/latest/rules/no-console"
"id-length","eslint",3,"BestPractices,JavaScript,TypeScript","scripts/build/universe.mjs",352,21,352,22,"Identifier name 'p' is too short (< 2).","https://eslint.org/docs/latest/rules/id-length"
"no-console","eslint",3,"BestPractices,JavaScript,TypeScript","scripts/build/universe.mjs",352,27,352,40,"Unexpected console statement.","https://eslint.org/docs/latest/rules/no-console"
"@lwc/lwc-platform/no-process-env","eslint",3,"Recommended,LWC,BestPractices,JavaScript","scripts/build/universe.mjs",353,3,353,15,"Usage of `process.exit` is not allowed",
"no-magic-numbers","eslint",3,"BestPractices,JavaScript","scripts/build/universe.mjs",353,16,353,17,"No magic number: 1.","https://eslint.org/docs/latest/rules/no-magic-numbers"
"no-console","eslint",3,"BestPractices,JavaScript,TypeScript","scripts/build/universe.mjs",355,1,355,12,"Unexpected console statement.","https://eslint.org/docs/latest/rules/no-console"
"sort-imports","eslint",3,"BestPractices,JavaScript,TypeScript,Fixable","scripts/i18n/check-translations.mjs",16,1,16,37,"Imports should be sorted alphabetically.","https://eslint.org/docs/latest/rules/sort-imports"
"one-var","eslint",3,"BestPractices,JavaScript,TypeScript,Fixable","scripts/i18n/check-translations.mjs",19,1,19,45,"Combine this with the previous 'const' statement.","https://eslint.org/docs/latest/rules/one-var"
"one-var","eslint",3,"BestPractices,JavaScript,TypeScript,Fixable","scripts/i18n/check-translations.mjs",20,1,20,38,"Combine this with the previous 'const' statement.","https://eslint.org/docs/latest/rules/one-var"
"one-var","eslint",3,"BestPractices,JavaScript,TypeScript,Fixable","scripts/i18n/check-translations.mjs",21,1,21,50,"Combine this with the previous 'const' statement.","https://eslint.org/docs/latest/rules/one-var"
"@lwc/lwc-platform/no-process-env","eslint",3,"Recommended,LWC,BestPractices,JavaScript","scripts/i18n/check-translations.mjs",21,16,21,28,"Usage of `process.argv.includes` is not allowed",
"func-style","eslint",3,"BestPractices,JavaScript,TypeScript","scripts/i18n/check-translations.mjs",23,1,26,2,"Expected a function expression.","https://eslint.org/docs/latest/rules/func-style"
"no-ternary","eslint",3,"BestPractices,JavaScript,TypeScript","scripts/i18n/check-translations.mjs",25,10,25,59,"Ternary operator used.","https://eslint.org/docs/latest/rules/no-ternary"
"no-magic-numbers","eslint",3,"BestPractices,JavaScript","scripts/i18n/check-translations.mjs",25,25,25,26,"No magic number: 0.","https://eslint.org/docs/latest/rules/no-magic-numbers"
"func-style","eslint",3,"BestPractices,JavaScript,TypeScript","scripts/i18n/check-translations.mjs",28,1,36,2,"Expected a function expression.","https://eslint.org/docs/latest/rules/func-style"
"one-var","eslint",3,"BestPractices,JavaScript,TypeScript,Fixable","scripts/i18n/check-translations.mjs",30,3,30,59,"Combine this with the previous 'const' statement.","https://eslint.org/docs/latest/rules/one-var"
"prefer-named-capture-group","eslint",3,"BestPractices,JavaScript,TypeScript","scripts/i18n/check-translations.mjs",30,28,30,57,"Capture group '([\s\S]*?)' should be converted to a named or non-capturing group.","https://eslint.org/docs/latest/rules/prefer-named-capture-group"
"require-unicode-regexp","eslint",3,"BestPractices,JavaScript,TypeScript","scripts/i18n/check-translations.mjs",30,28,30,57,"Use the 'u' flag.","https://eslint.org/docs/latest/rules/require-unicode-regexp"
"one-var","eslint",3,"BestPractices,JavaScript,TypeScript,Fixable","scripts/i18n/check-translations.mjs",34,3,34,74,"Combine this with the previous 'const' statement.","https://eslint.org/docs/latest/rules/one-var"
"no-magic-numbers","eslint",3,"BestPractices,JavaScript","scripts/i18n/check-translations.mjs",34,21,34,22,"No magic number: 1.","https://eslint.org/docs/latest/rules/no-magic-numbers"
"prefer-named-capture-group","eslint",3,"BestPractices,JavaScript,TypeScript","scripts/i18n/check-translations.mjs",34,30,34,72,"Capture group '([^""'\s]*)' should be converted to a named or non-capturing group.","https://eslint.org/docs/latest/rules/prefer-named-capture-group"
"require-unicode-regexp","eslint",3,"BestPractices,JavaScript,TypeScript","scripts/i18n/check-translations.mjs",34,30,34,72,"Use the 'u' flag.","https://eslint.org/docs/latest/rules/require-unicode-regexp"
"no-ternary","eslint",3,"BestPractices,JavaScript,TypeScript","scripts/i18n/check-translations.mjs",35,10,35,27,"Ternary operator used.","https://eslint.org/docs/latest/rules/no-ternary"
"no-magic-numbers","eslint",3,"BestPractices,JavaScript","scripts/i18n/check-translations.mjs",35,20,35,21,"No magic number: 1.","https://eslint.org/docs/latest/rules/no-magic-numbers"
"func-style","eslint",3,"BestPractices,JavaScript,TypeScript","scripts/i18n/check-translations.mjs",38,1,52,2,"Expected a function expression.","https://eslint.org/docs/latest/rules/func-style"
"no-ternary","eslint",3,"BestPractices,JavaScript,TypeScript","scripts/i18n/check-translations.mjs",44,17,44,64,"Ternary operator used.","https://eslint.org/docs/latest/rules/no-ternary"
"one-var","eslint",3,"BestPractices,JavaScript,TypeScript,Fixable","scripts/i18n/check-translations.mjs",54,1,57,31,"Combine this with the previous 'const' statement.","https://eslint.org/docs/latest/rules/one-var"
"prefer-named-capture-group","eslint",3,"BestPractices,JavaScript,TypeScript","scripts/i18n/check-translations.mjs",56,45,56,69,"Capture group '(-[A-Z]{2})' should be converted to a named or non-capturing group.","https://eslint.org/docs/latest/rules/prefer-named-capture-group"
"require-unicode-regexp","eslint",3,"BestPractices,JavaScript,TypeScript","scripts/i18n/check-translations.mjs",56,45,56,69,"Use the 'u' flag.","https://eslint.org/docs/latest/rules/require-unicode-regexp"
"no-magic-numbers","eslint",3,"BestPractices,JavaScript","scripts/i18n/check-translations.mjs",59,24,59,25,"No magic number: 0.","https://eslint.org/docs/latest/rules/no-magic-numbers"
"no-console","eslint",3,"BestPractices,JavaScript,TypeScript","scripts/i18n/check-translations.mjs",60,3,60,14,"Unexpected console statement.","https://eslint.org/docs/latest/rules/no-console"
"@lwc/lwc-platform/no-process-env","eslint",3,"Recommended,LWC,BestPractices,JavaScript","scripts/i18n/check-translations.mjs",61,3,61,15,"Usage of `process.exit` is not allowed",
"no-magic-numbers","eslint",3,"BestPractices,JavaScript","scripts/i18n/check-translations.mjs",61,16,61,17,"No magic number: 0.","https://eslint.org/docs/latest/rules/no-magic-numbers"
"one-var","eslint",3,"BestPractices,JavaScript,TypeScript,Fixable","scripts/i18n/check-translations.mjs",64,1,64,59,"Combine this with the previous 'const' statement.","https://eslint.org/docs/latest/rules/one-var"
"one-var","eslint",3,"BestPractices,JavaScript,TypeScript,Fixable","scripts/i18n/check-translations.mjs",66,1,66,17,"Combine this with the previous 'let' statement.","https://eslint.org/docs/latest/rules/one-var"
"one-var","eslint",3,"BestPractices,JavaScript,TypeScript,Fixable","scripts/i18n/check-translations.mjs",67,1,67,19,"Combine this with the previous 'let' statement.","https://eslint.org/docs/latest/rules/one-var"
"no-console","eslint",3,"BestPractices,JavaScript,TypeScript","scripts/i18n/check-translations.mjs",71,3,71,14,"Unexpected console statement.","https://eslint.org/docs/latest/rules/no-console"
"no-console","eslint",3,"BestPractices,JavaScript,TypeScript","scripts/i18n/check-translations.mjs",75,7,75,18,"Unexpected console statement.","https://eslint.org/docs/latest/rules/no-console"
"no-plusplus","eslint",3,"BestPractices,JavaScript,TypeScript","scripts/i18n/check-translations.mjs",76,7,76,16,"Unary operator '++' used.","https://eslint.org/docs/latest/rules/no-plusplus"
"no-console","eslint",3,"BestPractices,JavaScript,TypeScript","scripts/i18n/check-translations.mjs",82,7,82,18,"Unexpected console statement.","https://eslint.org/docs/latest/rules/no-console"
"no-continue","eslint",3,"BestPractices,JavaScript,TypeScript","scripts/i18n/check-translations.mjs",83,7,83,16,"Unexpected use of continue statement.","https://eslint.org/docs/latest/rules/no-continue"
"no-console","eslint",3,"BestPractices,JavaScript,TypeScript","scripts/i18n/check-translations.mjs",87,7,87,18,"Unexpected console statement.","https://eslint.org/docs/latest/rules/no-console"
"no-plusplus","eslint",3,"BestPractices,JavaScript,TypeScript","scripts/i18n/check-translations.mjs",88,7,88,18,"Unary operator '++' used.","https://eslint.org/docs/latest/rules/no-plusplus"
"no-continue","eslint",3,"BestPractices,JavaScript,TypeScript","scripts/i18n/check-translations.mjs",89,7,89,16,"Unexpected use of continue statement.","https://eslint.org/docs/latest/rules/no-continue"
"one-var","eslint",3,"BestPractices,JavaScript,TypeScript,Fixable","scripts/i18n/check-translations.mjs",91,5,91,42,"Combine this with the previous 'const' statement.","https://eslint.org/docs/latest/rules/one-var"
"one-var","eslint",3,"BestPractices,JavaScript,TypeScript,Fixable","scripts/i18n/check-translations.mjs",92,5,92,73,"Combine this with the previous 'const' statement.","https://eslint.org/docs/latest/rules/one-var"
"no-continue","eslint",3,"BestPractices,JavaScript,TypeScript","scripts/i18n/check-translations.mjs",94,7,94,16,"Unexpected use of continue statement.","https://eslint.org/docs/latest/rules/no-continue"
"no-continue","eslint",3,"BestPractices,JavaScript,TypeScript","scripts/i18n/check-translations.mjs",97,7,97,16,"Unexpected use of continue statement.","https://eslint.org/docs/latest/rules/no-continue"
"one-var","eslint",3,"BestPractices,JavaScript,TypeScript,Fixable","scripts/i18n/check-translations.mjs",99,5,99,82,"Combine this with the previous 'const' statement.","https://eslint.org/docs/latest/rules/one-var"
"no-console","eslint",3,"BestPractices,JavaScript,TypeScript","scripts/i18n/check-translations.mjs",101,7,101,18,"Unexpected console statement.","https://eslint.org/docs/latest/rules/no-console"
"no-console","eslint",3,"BestPractices,JavaScript,TypeScript","scripts/i18n/check-translations.mjs",103,9,103,20,"Unexpected console statement.","https://eslint.org/docs/latest/rules/no-console"
"no-plusplus","eslint",3,"BestPractices,JavaScript,TypeScript","scripts/i18n/check-translations.mjs",105,7,105,15,"Unary operator '++' used.","https://eslint.org/docs/latest/rules/no-plusplus"
"no-console","eslint",3,"BestPractices,JavaScript,TypeScript","scripts/i18n/check-translations.mjs",110,1,110,12,"Unexpected console statement.","https://eslint.org/docs/latest/rules/no-console"
"no-console","eslint",3,"BestPractices,JavaScript,TypeScript","scripts/i18n/check-translations.mjs",111,1,111,12,"Unexpected console statement.","https://eslint.org/docs/latest/rules/no-console"
"no-magic-numbers","eslint",3,"BestPractices,JavaScript","scripts/i18n/check-translations.mjs",112,25,112,26,"No magic number: 0.","https://eslint.org/docs/latest/rules/no-magic-numbers"
"no-magic-numbers","eslint",3,"BestPractices,JavaScript","scripts/i18n/check-translations.mjs",112,40,112,41,"No magic number: 0.","https://eslint.org/docs/latest/rules/no-magic-numbers"
"no-magic-numbers","eslint",3,"BestPractices,JavaScript","scripts/i18n/check-translations.mjs",112,57,112,58,"No magic number: 0.","https://eslint.org/docs/latest/rules/no-magic-numbers"
"@lwc/lwc-platform/no-process-env","eslint",3,"Recommended,LWC,BestPractices,JavaScript","scripts/i18n/check-translations.mjs",113,3,113,15,"Usage of `process.exit` is not allowed",
"no-magic-numbers","eslint",3,"BestPractices,JavaScript","scripts/i18n/check-translations.mjs",113,16,113,17,"No magic number: 1.","https://eslint.org/docs/latest/rules/no-magic-numbers"
"sort-imports","eslint",3,"BestPractices,JavaScript,TypeScript,Fixable","scripts/lib/util.mjs",8,1,8,21,"Imports should be sorted alphabetically.","https://eslint.org/docs/latest/rules/sort-imports"
"sort-imports","eslint",3,"BestPractices,JavaScript,TypeScript,Fixable","scripts/lib/util.mjs",11,1,11,37,"Imports should be sorted alphabetically.","https://eslint.org/docs/latest/rules/sort-imports"
"one-var","eslint",3,"BestPractices,JavaScript,TypeScript,Fixable","scripts/lib/util.mjs",16,1,16,64,"Combine this with the previous 'const' statement.","https://eslint.org/docs/latest/rules/one-var"
"@lwc/lwc-platform/no-process-env","eslint",3,"Recommended,LWC,BestPractices,JavaScript","scripts/lib/util.mjs",16,18,16,32,"Usage of `process.stdout.isTTY` is not allowed",
"@lwc/lwc-platform/no-process-env","eslint",3,"Recommended,LWC,BestPractices,JavaScript","scripts/lib/util.mjs",16,43,16,54,"Usage of `process.env.NO_COLOR` is not allowed",
"one-var","eslint",3,"BestPractices,JavaScript,TypeScript,Fixable","scripts/lib/util.mjs",17,1,17,69,"Combine this with the previous 'const' statement.","https://eslint.org/docs/latest/rules/one-var"
"id-length","eslint",3,"BestPractices,JavaScript,TypeScript","scripts/lib/util.mjs",17,25,17,26,"Identifier name 's' is too short (< 2).","https://eslint.org/docs/latest/rules/id-length"
"no-ternary","eslint",3,"BestPractices,JavaScript,TypeScript","scripts/lib/util.mjs",17,32,17,67,"Ternary operator used.","https://eslint.org/docs/latest/rules/no-ternary"
"one-var","eslint",3,"BestPractices,JavaScript,TypeScript,Fixable","scripts/lib/util.mjs",18,8,27,3,"Combine this with the previous 'const' statement.","https://eslint.org/docs/latest/rules/one-var"
"id-length","eslint",3,"BestPractices,JavaScript,TypeScript","scripts/lib/util.mjs",18,14,18,15,"Identifier name 'c' is too short (< 2).","https://eslint.org/docs/latest/rules/id-length"
"sort-keys","eslint",3,"BestPractices,JavaScript,TypeScript","scripts/lib/util.mjs",22,3,22,8,"Expected object keys to be in ascending order. 'green' should be before 'red'.","https://eslint.org/docs/latest/rules/sort-keys"
"sort-keys","eslint",3,"BestPractices,JavaScript,TypeScript","scripts/lib/util.mjs",24,3,24,7,"Expected object keys to be in ascending order. 'blue' should be before 'yellow'.","https://eslint.org/docs/latest/rules/sort-keys"
"sort-keys","eslint",3,"BestPractices,JavaScript,TypeScript","scripts/lib/util.mjs",26,3,26,7,"Expected object keys to be in ascending order. 'cyan' should be before 'magenta'.","https://eslint.org/docs/latest/rules/sort-keys"
"func-style","eslint",3,"BestPractices,JavaScript,TypeScript","scripts/lib/util.mjs",29,8,33,2,"Expected a function expression.","https://eslint.org/docs/latest/rules/func-style"
"no-console","eslint",3,"BestPractices,JavaScript,TypeScript","scripts/lib/util.mjs",30,3,30,14,"Unexpected console statement.","https://eslint.org/docs/latest/rules/no-console"
"no-console","eslint",3,"BestPractices,JavaScript,TypeScript","scripts/lib/util.mjs",31,3,31,14,"Unexpected console statement.","https://eslint.org/docs/latest/rules/no-console"
"no-console","eslint",3,"BestPractices,JavaScript,TypeScript","scripts/lib/util.mjs",32,3,32,14,"Unexpected console statement.","https://eslint.org/docs/latest/rules/no-console"
"func-style","eslint",3,"BestPractices,JavaScript,TypeScript","scripts/lib/util.mjs",35,8,37,2,"Expected a function expression.","https://eslint.org/docs/latest/rules/func-style"
"no-console","eslint",3,"BestPractices,JavaScript,TypeScript","scripts/lib/util.mjs",36,3,36,14,"Unexpected console statement.","https://eslint.org/docs/latest/rules/no-console"
"func-style","eslint",3,"BestPractices,JavaScript,TypeScript","scripts/lib/util.mjs",38,8,40,2,"Expected a function expression.","https://eslint.org/docs/latest/rules/func-style"
"no-console","eslint",3,"BestPractices,JavaScript,TypeScript","scripts/lib/util.mjs",39,3,39,14,"Unexpected console statement.","https://eslint.org/docs/latest/rules/no-console"
"func-style","eslint",3,"BestPractices,JavaScript,TypeScript","scripts/lib/util.mjs",41,8,43,2,"Expected a function expression.","https://eslint.org/docs/latest/rules/func-style"
"no-console","eslint",3,"BestPractices,JavaScript,TypeScript","scripts/lib/util.mjs",42,3,42,14,"Unexpected console statement.","https://eslint.org/docs/latest/rules/no-console"
"func-style","eslint",3,"BestPractices,JavaScript,TypeScript","scripts/lib/util.mjs",44,8,46,2,"Expected a function expression.","https://eslint.org/docs/latest/rules/func-style"
"no-console","eslint",3,"BestPractices,JavaScript,TypeScript","scripts/lib/util.mjs",45,3,45,14,"Unexpected console statement.","https://eslint.org/docs/latest/rules/no-console"
"func-style","eslint",3,"BestPractices,JavaScript,TypeScript","scripts/lib/util.mjs",49,8,56,2,"Expected a function expression.","https://eslint.org/docs/latest/rules/func-style"
"no-console","eslint",3,"BestPractices,JavaScript,TypeScript","scripts/lib/util.mjs",50,3,50,14,"Unexpected console statement.","https://eslint.org/docs/latest/rules/no-console"
"no-console","eslint",3,"BestPractices,JavaScript,TypeScript","scripts/lib/util.mjs",53,5,53,16,"Unexpected console statement.","https://eslint.org/docs/latest/rules/no-console"
"@lwc/lwc-platform/no-process-env","eslint",3,"Recommended,LWC,BestPractices,JavaScript","scripts/lib/util.mjs",55,3,55,15,"Usage of `process.exit` is not allowed",
"no-magic-numbers","eslint",3,"BestPractices,JavaScript","scripts/lib/util.mjs",55,16,55,17,"No magic number: 1.","https://eslint.org/docs/latest/rules/no-magic-numbers"
"func-style","eslint",3,"BestPractices,JavaScript,TypeScript","scripts/lib/util.mjs",60,8,65,2,"Expected a function expression.","https://eslint.org/docs/latest/rules/func-style"
"one-var","eslint",3,"BestPractices,JavaScript,TypeScript,Fixable","scripts/lib/util.mjs",72,1,72,46,"Combine this with the previous 'const' statement.","https://eslint.org/docs/latest/rules/one-var"
"@lwc/lwc-platform/no-process-env","eslint",3,"Recommended,LWC,BestPractices,JavaScript","scripts/lib/util.mjs",72,17,72,33,"Usage of `process.platform` is not allowed",
"func-style","eslint",3,"BestPractices,JavaScript,TypeScript","scripts/lib/util.mjs",75,1,81,2,"Expected a function expression.","https://eslint.org/docs/latest/rules/func-style"
"no-magic-numbers","eslint",3,"BestPractices,JavaScript","scripts/lib/util.mjs",77,22,77,23,"No magic number: 0.","https://eslint.org/docs/latest/rules/no-magic-numbers"
"require-unicode-regexp","eslint",3,"BestPractices,JavaScript,TypeScript","scripts/lib/util.mjs",77,28,77,45,"Use the 'u' flag.","https://eslint.org/docs/latest/rules/require-unicode-regexp"
"no-ternary","eslint",3,"BestPractices,JavaScript,TypeScript","scripts/lib/util.mjs",80,10,80,90,"Ternary operator used.","https://eslint.org/docs/latest/rules/no-ternary"
"require-unicode-regexp","eslint",3,"BestPractices,JavaScript,TypeScript","scripts/lib/util.mjs",80,38,80,42,"Use the 'u' flag.","https://eslint.org/docs/latest/rules/require-unicode-regexp"
"require-unicode-regexp","eslint",3,"BestPractices,JavaScript,TypeScript","scripts/lib/util.mjs",80,73,80,77,"Use the 'u' flag.","https://eslint.org/docs/latest/rules/require-unicode-regexp"
"func-style","eslint",3,"BestPractices,JavaScript,TypeScript","scripts/lib/util.mjs",83,8,105,2,"Expected a function expression.","https://eslint.org/docs/latest/rules/func-style"
"no-console","eslint",3,"BestPractices,JavaScript,TypeScript","scripts/lib/util.mjs",86,5,86,16,"Unexpected console statement.","https://eslint.org/docs/latest/rules/no-console"
"capitalized-comments","eslint",3,"BestPractices,JavaScript,TypeScript,Fixable","scripts/lib/util.mjs",89,3,89,82,"Comments should not begin with a lowercase character.","https://eslint.org/docs/latest/rules/capitalized-comments"
"capitalized-comments","eslint",3,"BestPractices,JavaScript,TypeScript,Fixable","scripts/lib/util.mjs",90,3,90,80,"Comments should not begin with a lowercase character.","https://eslint.org/docs/latest/rules/capitalized-comments"
"one-var","eslint",3,"BestPractices,JavaScript,TypeScript,Fixable","scripts/lib/util.mjs",91,3,91,87,"Combine this with the previous 'const' statement.","https://eslint.org/docs/latest/rules/one-var"
"no-ternary","eslint",3,"BestPractices,JavaScript,TypeScript","scripts/lib/util.mjs",91,24,91,86,"Ternary operator used.","https://eslint.org/docs/latest/rules/no-ternary"
"one-var","eslint",3,"BestPractices,JavaScript,TypeScript,Fixable","scripts/lib/util.mjs",92,3,92,41,"Combine this with the previous 'const' statement.","https://eslint.org/docs/latest/rules/one-var"
"no-ternary","eslint",3,"BestPractices,JavaScript,TypeScript","scripts/lib/util.mjs",92,21,92,40,"Ternary operator used.","https://eslint.org/docs/latest/rules/no-ternary"
"one-var","eslint",3,"BestPractices,JavaScript,TypeScript,Fixable","scripts/lib/util.mjs",93,3,99,6,"Combine this with the previous 'const' statement.","https://eslint.org/docs/latest/rules/one-var"
"no-ternary","eslint",3,"BestPractices,JavaScript,TypeScript","scripts/lib/util.mjs",95,12,95,48,"Ternary operator used.","https://eslint.org/docs/latest/rules/no-ternary"
"sort-keys","eslint",3,"BestPractices,JavaScript,TypeScript","scripts/lib/util.mjs",96,5,96,10,"Expected object keys to be in ascending order. 'shell' should be before 'stdio'.","https://eslint.org/docs/latest/rules/sort-keys"
"sort-keys","eslint",3,"BestPractices,JavaScript,TypeScript","scripts/lib/util.mjs",97,5,97,13,"Expected object keys to be in ascending order. 'encoding' should be before 'shell'.","https://eslint.org/docs/latest/rules/sort-keys"
"@lwc/lwc-platform/no-process-env","eslint",3,"Recommended,LWC,BestPractices,JavaScript","scripts/lib/util.mjs",98,15,98,26,"Usage of `process.env` is not allowed",
"no-ternary","eslint",3,"BestPractices,JavaScript,TypeScript","scripts/lib/util.mjs",101,11,101,47,"Ternary operator used.","https://eslint.org/docs/latest/rules/no-ternary"
"no-magic-numbers","eslint",3,"BestPractices,JavaScript","scripts/lib/util.mjs",101,33,101,34,"No magic number: 1.","https://eslint.org/docs/latest/rules/no-magic-numbers"
"sort-keys","eslint",3,"BestPractices,JavaScript,TypeScript","scripts/lib/util.mjs",103,5,103,11,"Expected object keys to be in ascending order. 'stderr' should be before 'stdout'.","https://eslint.org/docs/latest/rules/sort-keys"
"func-style","eslint",3,"BestPractices,JavaScript,TypeScript","scripts/lib/util.mjs",108,8,123,2,"Expected a function expression.","https://eslint.org/docs/latest/rules/func-style"
"one-var","eslint",3,"BestPractices,JavaScript,TypeScript,Fixable","scripts/lib/util.mjs",110,3,110,34,"Combine this with the previous 'const' statement.","https://eslint.org/docs/latest/rules/one-var"
"one-var","eslint",3,"BestPractices,JavaScript,TypeScript,Fixable","scripts/lib/util.mjs",114,3,114,35,"Combine this with the previous 'const' statement.","https://eslint.org/docs/latest/rules/one-var"
"no-magic-numbers","eslint",3,"BestPractices,JavaScript","scripts/lib/util.mjs",115,15,115,16,"No magic number: 0.","https://eslint.org/docs/latest/rules/no-magic-numbers"
"func-style","eslint",3,"BestPractices,JavaScript,TypeScript","scripts/lib/util.mjs",125,8,127,2,"Expected a function expression.","https://eslint.org/docs/latest/rules/func-style"
"func-style","eslint",3,"BestPractices,JavaScript,TypeScript","scripts/lib/util.mjs",129,8,131,2,"Expected a function expression.","https://eslint.org/docs/latest/rules/func-style"
"func-style","eslint",3,"BestPractices,JavaScript,TypeScript","scripts/lib/util.mjs",134,1,136,2,"Expected a function expression.","https://eslint.org/docs/latest/rules/func-style"
"@lwc/lwc-platform/no-process-env","eslint",3,"Recommended,LWC,BestPractices,JavaScript","scripts/lib/util.mjs",135,10,135,23,"Usage of `process.stdin.isTTY` is not allowed",
"@lwc/lwc-platform/no-process-env","eslint",3,"Recommended,LWC,BestPractices,JavaScript","scripts/lib/util.mjs",135,34,135,45,"Usage of `process.env.CI` is not allowed",
"@lwc/lwc-platform/no-process-env","eslint",3,"Recommended,LWC,BestPractices,JavaScript","scripts/lib/util.mjs",135,52,135,63,"Usage of `process.env.TRAINING_NO_PROMPT` is not allowed",
"func-style","eslint",3,"BestPractices,JavaScript,TypeScript","scripts/lib/util.mjs",138,1,143,2,"Expected a function expression.","https://eslint.org/docs/latest/rules/func-style"
"@lwc/lwc-platform/no-process-env","eslint",3,"Recommended,LWC,BestPractices,JavaScript","scripts/lib/util.mjs",139,48,139,61,"Usage of `process.stdin` is not allowed",
"@lwc/lwc-platform/no-process-env","eslint",3,"Recommended,LWC,BestPractices,JavaScript","scripts/lib/util.mjs",139,71,139,85,"Usage of `process.stdout` is not allowed",
"one-var","eslint",3,"BestPractices,JavaScript,TypeScript,Fixable","scripts/lib/util.mjs",140,3,140,81,"Combine this with the previous 'const' statement.","https://eslint.org/docs/latest/rules/one-var"
"no-promise-executor-return","eslint",2,"ErrorProne,JavaScript,TypeScript","scripts/lib/util.mjs",140,49,140,79,"Return values from promise executor functions cannot be read.","https://eslint.org/docs/latest/rules/no-promise-executor-return"
"func-style","eslint",3,"BestPractices,JavaScript,TypeScript","scripts/lib/util.mjs",149,8,181,2,"Expected a function expression.","https://eslint.org/docs/latest/rules/func-style"
"max-statements","eslint",3,"BestPractices,JavaScript,TypeScript","scripts/lib/util.mjs",149,8,181,2,"Async function 'select' has too many statements (20). Maximum allowed is 10.","https://eslint.org/docs/latest/rules/max-statements"
"no-magic-numbers","eslint",3,"BestPractices,JavaScript","scripts/lib/util.mjs",158,26,158,27,"No magic number: 1.","https://eslint.org/docs/latest/rules/no-magic-numbers"
"no-magic-numbers","eslint",3,"BestPractices,JavaScript","scripts/lib/util.mjs",159,40,159,41,"No magic number: 0.","https://eslint.org/docs/latest/rules/no-magic-numbers"
"no-magic-numbers","eslint",3,"BestPractices,JavaScript","scripts/lib/util.mjs",160,20,160,21,"No magic number: 0.","https://eslint.org/docs/latest/rules/no-magic-numbers"
"no-console","eslint",3,"BestPractices,JavaScript,TypeScript","scripts/lib/util.mjs",168,3,168,14,"Unexpected console statement.","https://eslint.org/docs/latest/rules/no-console"
"no-console","eslint",3,"BestPractices,JavaScript,TypeScript","scripts/lib/util.mjs",169,3,169,14,"Unexpected console statement.","https://eslint.org/docs/latest/rules/no-console"
"id-length","eslint",3,"BestPractices,JavaScript,TypeScript","scripts/lib/util.mjs",170,24,170,25,"Identifier name 'i' is too short (< 2).","https://eslint.org/docs/latest/rules/id-length"
"no-console","eslint",3,"BestPractices,JavaScript,TypeScript","scripts/lib/util.mjs",171,5,171,16,"Unexpected console statement.","https://eslint.org/docs/latest/rules/no-console"
"no-magic-numbers","eslint",3,"BestPractices,JavaScript","scripts/lib/util.mjs",171,40,171,41,"No magic number: 1.","https://eslint.org/docs/latest/rules/no-magic-numbers"
"no-ternary","eslint",3,"BestPractices,JavaScript,TypeScript","scripts/lib/util.mjs",171,59,171,95,"Ternary operator used.","https://eslint.org/docs/latest/rules/no-ternary"
"no-await-in-loop","eslint",2,"ErrorProne,JavaScript,TypeScript","scripts/lib/util.mjs",174,20,174,67,"Unexpected `await` inside a loop.","https://eslint.org/docs/latest/rules/no-await-in-loop"
"one-var","eslint",3,"BestPractices,JavaScript,TypeScript,Fixable","scripts/lib/util.mjs",175,5,175,47,"Combine this with the previous 'const' statement.","https://eslint.org/docs/latest/rules/one-var"
"no-magic-numbers","eslint",3,"BestPractices,JavaScript","scripts/lib/util.mjs",176,45,176,46,"No magic number: 1.","https://eslint.org/docs/latest/rules/no-magic-numbers"
"no-magic-numbers","eslint",3,"BestPractices,JavaScript","scripts/lib/util.mjs",177,30,177,31,"No magic number: 1.","https://eslint.org/docs/latest/rules/no-magic-numbers"
"func-style","eslint",3,"BestPractices,JavaScript,TypeScript","scripts/lib/util.mjs",183,8,193,2,"Expected a function expression.","https://eslint.org/docs/latest/rules/func-style"
"no-ternary","eslint",3,"BestPractices,JavaScript,TypeScript","scripts/lib/util.mjs",187,18,187,52,"Ternary operator used.","https://eslint.org/docs/latest/rules/no-ternary"
"one-var","eslint",3,"BestPractices,JavaScript,TypeScript,Fixable","scripts/lib/util.mjs",188,3,188,70,"Combine this with the previous 'const' statement.","https://eslint.org/docs/latest/rules/one-var"
"func-style","eslint",3,"BestPractices,JavaScript,TypeScript","scripts/lib/util.mjs",197,8,220,2,"Expected a function expression.","https://eslint.org/docs/latest/rules/func-style"
"max-statements","eslint",3,"BestPractices,JavaScript,TypeScript","scripts/lib/util.mjs",197,8,220,2,"Function 'connectedOrgs' has too many statements (13). Maximum allowed is 10.","https://eslint.org/docs/latest/rules/max-statements"
"one-var","eslint",3,"BestPractices,JavaScript,TypeScript,Fixable","scripts/lib/util.mjs",202,3,202,86,"Combine this with the previous 'const' statement.","https://eslint.org/docs/latest/rules/one-var"
"one-var","eslint",3,"BestPractices,JavaScript,TypeScript,Fixable","scripts/lib/util.mjs",203,3,203,26,"Combine this with the previous 'const' statement.","https://eslint.org/docs/latest/rules/one-var"
"one-var","eslint",3,"BestPractices,JavaScript,TypeScript,Fixable","scripts/lib/util.mjs",204,3,204,19,"Combine this with the previous 'const' statement.","https://eslint.org/docs/latest/rules/one-var"
"no-continue","eslint",3,"BestPractices,JavaScript,TypeScript","scripts/lib/util.mjs",208,9,208,18,"Unexpected use of continue statement.","https://eslint.org/docs/latest/rules/no-continue"
"no-ternary","eslint",3,"BestPractices,JavaScript,TypeScript","scripts/lib/util.mjs",212,30,212,80,"Ternary operator used.","https://eslint.org/docs/latest/rules/no-ternary"
"no-magic-numbers","eslint",3,"BestPractices,JavaScript","scripts/lib/util.mjs",212,71,212,72,"No magic number: 0.","https://eslint.org/docs/latest/rules/no-magic-numbers"
"sort-keys","eslint",3,"BestPractices,JavaScript,TypeScript","scripts/lib/util.mjs",214,9,214,20,"Expected object keys to be in ascending order. 'instanceUrl' should be before 'username'.","https://eslint.org/docs/latest/rules/sort-keys"
"sort-keys","eslint",3,"BestPractices,JavaScript,TypeScript","scripts/lib/util.mjs",215,9,215,18,"Expected object keys to be in ascending order. 'connected' should be before 'instanceUrl'.","https://eslint.org/docs/latest/rules/sort-keys"
"func-style","eslint",3,"BestPractices,JavaScript,TypeScript","scripts/lib/util.mjs",222,8,228,2,"Expected a function expression.","https://eslint.org/docs/latest/rules/func-style"
"sort-keys","eslint",3,"BestPractices,JavaScript,TypeScript","scripts/lib/util.mjs",225,5,225,10,"Expected object keys to be in ascending order. 'label' should be before 'value'.","https://eslint.org/docs/latest/rules/sort-keys"
"no-ternary","eslint",3,"BestPractices,JavaScript,TypeScript","scripts/lib/util.mjs",225,12,225,77,"Ternary operator used.","https://eslint.org/docs/latest/rules/no-ternary"
"sort-keys","eslint",3,"BestPractices,JavaScript,TypeScript","scripts/lib/util.mjs",226,5,226,9,"Expected object keys to be in ascending order. 'hint' should be before 'label'.","https://eslint.org/docs/latest/rules/sort-keys"
"no-ternary","eslint",3,"BestPractices,JavaScript,TypeScript","scripts/lib/util.mjs",226,11,226,49,"Ternary operator used.","https://eslint.org/docs/latest/rules/no-ternary"
"one-var","eslint",3,"BestPractices,JavaScript,TypeScript,Fixable","scripts/lib/util.mjs",231,1,231,49,"Combine this with the previous 'const' statement.","https://eslint.org/docs/latest/rules/one-var"
"func-style","eslint",3,"BestPractices,JavaScript,TypeScript","scripts/lib/util.mjs",233,8,243,2,"Expected a function expression.","https://eslint.org/docs/latest/rules/func-style"
"id-length","eslint",3,"BestPractices,JavaScript,TypeScript","scripts/lib/util.mjs",234,9,234,10,"Identifier name 'p' is too short (< 2).","https://eslint.org/docs/latest/rules/id-length"
"sort-keys","eslint",3,"BestPractices,JavaScript,TypeScript","scripts/lib/util.mjs",236,28,236,32,"Expected object keys to be in ascending order. 'orgs' should be before 'receipts'.","https://eslint.org/docs/latest/rules/sort-keys"
"sort-keys","eslint",3,"BestPractices,JavaScript,TypeScript","scripts/lib/util.mjs",241,28,241,32,"Expected object keys to be in ascending order. 'orgs' should be before 'receipts'.","https://eslint.org/docs/latest/rules/sort-keys"
"func-style","eslint",3,"BestPractices,JavaScript,TypeScript","scripts/lib/util.mjs",245,8,247,2,"Expected a function expression.","https://eslint.org/docs/latest/rules/func-style"
"prefer-template","eslint",3,"BestPractices,JavaScript,TypeScript,Fixable","scripts/lib/util.mjs",246,52,246,92,"Unexpected string concatenation.","https://eslint.org/docs/latest/rules/prefer-template"
"no-magic-numbers","eslint",3,"BestPractices,JavaScript","scripts/lib/util.mjs",246,83,246,84,"No magic number: 2.","https://eslint.org/docs/latest/rules/no-magic-numbers"
"func-style","eslint",3,"BestPractices,JavaScript,TypeScript","scripts/lib/util.mjs",249,8,255,2,"Expected a function expression.","https://eslint.org/docs/latest/rules/func-style"
"id-length","eslint",3,"BestPractices,JavaScript,TypeScript","scripts/lib/util.mjs",251,57,251,58,"Identifier name 'r' is too short (< 2).","https://eslint.org/docs/latest/rules/id-length"
"id-length","eslint",3,"BestPractices,JavaScript,TypeScript","scripts/lib/util.mjs",253,27,253,28,"Identifier name 'a' is too short (< 2).","https://eslint.org/docs/latest/rules/id-length"
"id-length","eslint",3,"BestPractices,JavaScript,TypeScript","scripts/lib/util.mjs",253,30,253,31,"Identifier name 'b' is too short (< 2).","https://eslint.org/docs/latest/rules/id-length"
"func-style","eslint",3,"BestPractices,JavaScript,TypeScript","scripts/lib/util.mjs",258,8,276,2,"Expected a function expression.","https://eslint.org/docs/latest/rules/func-style"
"max-statements","eslint",3,"BestPractices,JavaScript,TypeScript","scripts/lib/util.mjs",258,8,276,2,"Function 'parseArgs' has too many statements (12). Maximum allowed is 10.","https://eslint.org/docs/latest/rules/max-statements"
"id-length","eslint",3,"BestPractices,JavaScript,TypeScript","scripts/lib/util.mjs",259,17,259,18,"Identifier name '_' is too short (< 2).","https://eslint.org/docs/latest/rules/id-length"
"id-length","eslint",3,"BestPractices,JavaScript,TypeScript","scripts/lib/util.mjs",260,12,260,13,"Identifier name 'i' is too short (< 2).","https://eslint.org/docs/latest/rules/id-length"
"no-plusplus","eslint",3,"BestPractices,JavaScript,TypeScript","scripts/lib/util.mjs",260,36,260,39,"Unary operator '++' used.","https://eslint.org/docs/latest/rules/no-plusplus"
"no-magic-numbers","eslint",3,"BestPractices,JavaScript","scripts/lib/util.mjs",263,31,263,32,"No magic number: 2.","https://eslint.org/docs/latest/rules/no-magic-numbers"
"one-var","eslint",3,"BestPractices,JavaScript,TypeScript,Fixable","scripts/lib/util.mjs",264,7,264,32,"Combine this with the previous 'const' statement.","https://eslint.org/docs/latest/rules/one-var"
"no-magic-numbers","eslint",3,"BestPractices,JavaScript","scripts/lib/util.mjs",264,29,264,30,"No magic number: 1.","https://eslint.org/docs/latest/rules/no-magic-numbers"
"no-plusplus","eslint",3,"BestPractices,JavaScript,TypeScript","scripts/lib/util.mjs",267,9,267,12,"Unary operator '++' used.","https://eslint.org/docs/latest/rules/no-plusplus"
"func-style","eslint",3,"BestPractices,JavaScript,TypeScript","scripts/lib/util.mjs",279,8,283,2,"Expected a function expression.","https://eslint.org/docs/latest/rules/func-style"
"one-var","eslint",3,"BestPractices,JavaScript,TypeScript,Fixable","scripts/lib/util.mjs",281,3,281,64,"Combine this with the previous 'const' statement.","https://eslint.org/docs/latest/rules/one-var"
"prefer-named-capture-group","eslint",3,"BestPractices,JavaScript,TypeScript","scripts/lib/util.mjs",281,27,281,62,"Capture group '([^/]+)' should be converted to a named or non-capturing group.","https://eslint.org/docs/latest/rules/prefer-named-capture-group"
"prefer-named-capture-group","eslint",3,"BestPractices,JavaScript,TypeScript","scripts/lib/util.mjs",281,27,281,62,"Capture group '([^/.]+)' should be converted to a named or non-capturing group.","https://eslint.org/docs/latest/rules/prefer-named-capture-group"
"require-unicode-regexp","eslint",3,"BestPractices,JavaScript,TypeScript","scripts/lib/util.mjs",281,27,281,62,"Use the 'u' flag.","https://eslint.org/docs/latest/rules/require-unicode-regexp"
"no-ternary","eslint",3,"BestPractices,JavaScript,TypeScript","scripts/lib/util.mjs",282,10,282,33,"Ternary operator used.","https://eslint.org/docs/latest/rules/no-ternary"
"no-magic-numbers","eslint",3,"BestPractices,JavaScript","scripts/lib/util.mjs",282,24,282,25,"No magic number: 1.","https://eslint.org/docs/latest/rules/no-magic-numbers"
"func-style","eslint",3,"BestPractices,JavaScript,TypeScript","scripts/lib/util.mjs",285,8,289,2,"Expected a function expression.","https://eslint.org/docs/latest/rules/func-style"
"one-var","eslint",3,"BestPractices,JavaScript,TypeScript,Fixable","scripts/lib/util.mjs",287,3,287,64,"Combine this with the previous 'const' statement.","https://eslint.org/docs/latest/rules/one-var"
"prefer-named-capture-group","eslint",3,"BestPractices,JavaScript,TypeScript","scripts/lib/util.mjs",287,27,287,62,"Capture group '([^/]+)' should be converted to a named or non-capturing group.","https://eslint.org/docs/latest/rules/prefer-named-capture-group"
"prefer-named-capture-group","eslint",3,"BestPractices,JavaScript,TypeScript","scripts/lib/util.mjs",287,27,287,62,"Capture group '([^/.]+)' should be converted to a named or non-capturing group.","https://eslint.org/docs/latest/rules/prefer-named-capture-group"
"require-unicode-regexp","eslint",3,"BestPractices,JavaScript,TypeScript","scripts/lib/util.mjs",287,27,287,62,"Use the 'u' flag.","https://eslint.org/docs/latest/rules/require-unicode-regexp"
"no-ternary","eslint",3,"BestPractices,JavaScript,TypeScript","scripts/lib/util.mjs",288,10,288,50,"Ternary operator used.","https://eslint.org/docs/latest/rules/no-ternary"
"no-magic-numbers","eslint",3,"BestPractices,JavaScript","scripts/lib/util.mjs",288,27,288,28,"No magic number: 1.","https://eslint.org/docs/latest/rules/no-magic-numbers"
"no-magic-numbers","eslint",3,"BestPractices,JavaScript","scripts/lib/util.mjs",288,39,288,40,"No magic number: 2.","https://eslint.org/docs/latest/rules/no-magic-numbers"
"func-style","eslint",3,"BestPractices,JavaScript,TypeScript","scripts/lib/util.mjs",291,8,293,2,"Expected a function expression.","https://eslint.org/docs/latest/rules/func-style"
"no-magic-numbers","eslint",3,"BestPractices,JavaScript","scripts/lib/util.mjs",292,76,292,77,"No magic number: 0.","https://eslint.org/docs/latest/rules/no-magic-numbers"
"sort-imports","eslint",3,"BestPractices,JavaScript,TypeScript,Fixable","scripts/training.mjs",15,21,15,26,"Member 'abort' of the import declaration should be sorted alphabetically.","https://eslint.org/docs/latest/rules/sort-imports"
"sort-keys","eslint",3,"BestPractices,JavaScript,TypeScript","scripts/training.mjs",19,3,19,7,"Expected object keys to be in ascending order. 'seed' should be before 'status'.","https://eslint.org/docs/latest/rules/sort-keys"
"sort-keys","eslint",3,"BestPractices,JavaScript,TypeScript","scripts/training.mjs",20,3,20,8,"Expected object keys to be in ascending order. 'check' should be before 'seed'.","https://eslint.org/docs/latest/rules/sort-keys"
"sort-keys","eslint",3,"BestPractices,JavaScript,TypeScript","scripts/training.mjs",22,3,22,8,"Expected object keys to be in ascending order. 'reset' should be before 'simulate'.","https://eslint.org/docs/latest/rules/sort-keys"
"func-style","eslint",3,"BestPractices,JavaScript,TypeScript","scripts/training.mjs",26,1,53,2,"Expected a function expression.","https://eslint.org/docs/latest/rules/func-style"
"@lwc/lwc-platform/no-process-env","eslint",3,"Recommended,LWC,BestPractices,JavaScript","scripts/training.mjs",27,26,27,38,"Usage of `process.argv.slice` is not allowed",
"no-magic-numbers","eslint",3,"BestPractices,JavaScript","scripts/training.mjs",27,45,27,46,"No magic number: 2.","https://eslint.org/docs/latest/rules/no-magic-numbers"
"one-var","eslint",3,"BestPractices,JavaScript,TypeScript,Fixable","scripts/training.mjs",28,3,28,26,"Combine this with the previous 'const' statement.","https://eslint.org/docs/latest/rules/one-var"
"prefer-destructuring","eslint",3,"BestPractices,JavaScript,Fixable","scripts/training.mjs",28,9,28,25,"Use array destructuring.","https://eslint.org/docs/latest/rules/prefer-destructuring"
"no-magic-numbers","eslint",3,"BestPractices,JavaScript","scripts/training.mjs",28,23,28,24,"No magic number: 0.","https://eslint.org/docs/latest/rules/no-magic-numbers"
"no-console","eslint",3,"BestPractices,JavaScript,TypeScript","scripts/training.mjs",31,5,31,16,"Unexpected console statement.","https://eslint.org/docs/latest/rules/no-console"
"@lwc/lwc-platform/no-process-env","eslint",3,"Recommended,LWC,BestPractices,JavaScript","scripts/training.mjs",43,5,43,17,"Usage of `process.exit` is not allowed",
"no-ternary","eslint",3,"BestPractices,JavaScript,TypeScript","scripts/training.mjs",43,18,43,30,"Ternary operator used.","https://eslint.org/docs/latest/rules/no-ternary"
"no-magic-numbers","eslint",3,"BestPractices,JavaScript","scripts/training.mjs",43,25,43,26,"No magic number: 0.","https://eslint.org/docs/latest/rules/no-magic-numbers"
"no-magic-numbers","eslint",3,"BestPractices,JavaScript","scripts/training.mjs",43,29,43,30,"No magic number: 1.","https://eslint.org/docs/latest/rules/no-magic-numbers"
"one-var","eslint",3,"BestPractices,JavaScript,TypeScript,Fixable","scripts/training.mjs",46,3,46,30,"Combine this with the previous 'const' statement.","https://eslint.org/docs/latest/rules/one-var"
"one-var","eslint",3,"BestPractices,JavaScript,TypeScript,Fixable","scripts/training.mjs",51,3,51,33,"Combine this with the previous 'const' statement.","https://eslint.org/docs/latest/rules/one-var"
"no-console","eslint",3,"BestPractices,JavaScript,TypeScript","scripts/training.mjs",56,3,56,16,"Unexpected console statement.","https://eslint.org/docs/latest/rules/no-console"
"no-console","eslint",3,"BestPractices,JavaScript,TypeScript","scripts/training.mjs",57,3,57,16,"Unexpected console statement.","https://eslint.org/docs/latest/rules/no-console"
"@lwc/lwc-platform/no-process-env","eslint",3,"Recommended,LWC,BestPractices,JavaScript","scripts/training.mjs",58,7,58,18,"Usage of `process.env.TRAINING_DEBUG` is not allowed",
"no-console","eslint",3,"BestPractices,JavaScript,TypeScript","scripts/training.mjs",59,5,59,18,"Unexpected console statement.","https://eslint.org/docs/latest/rules/no-console"
"no-console","eslint",3,"BestPractices,JavaScript,TypeScript","scripts/training.mjs",61,5,61,18,"Unexpected console statement.","https://eslint.org/docs/latest/rules/no-console"
"@lwc/lwc-platform/no-process-env","eslint",3,"Recommended,LWC,BestPractices,JavaScript","scripts/training.mjs",63,3,63,15,"Usage of `process.exit` is not allowed",
"no-magic-numbers","eslint",3,"BestPractices,JavaScript","scripts/training.mjs",63,16,63,17,"No magic number: 1.","https://eslint.org/docs/latest/rules/no-magic-numbers"
"sort-imports","eslint",3,"BestPractices,JavaScript,TypeScript,Fixable","scripts/training/check.mjs",6,28,6,33,"Member 'title' of the import declaration should be sorted alphabetically.","https://eslint.org/docs/latest/rules/sort-imports"
"prefer-destructuring","eslint",3,"BestPractices,JavaScript,Fixable","scripts/training/check.mjs",12,9,12,35,"Use object destructuring.","https://eslint.org/docs/latest/rules/prefer-destructuring"
"one-var","eslint",3,"BestPractices,JavaScript,TypeScript,Fixable","scripts/training/check.mjs",13,3,19,5,"Combine this with the previous 'const' statement.","https://eslint.org/docs/latest/rules/one-var"
"id-length","eslint",3,"BestPractices,JavaScript,TypeScript","scripts/training/check.mjs",16,19,16,20,"Identifier name 'l' is too short (< 2).","https://eslint.org/docs/latest/rules/id-length"
"sort-keys","eslint",3,"BestPractices,JavaScript,TypeScript","scripts/training/check.mjs",16,52,16,57,"Expected object keys to be in ascending order. 'label' should be before 'value'.","https://eslint.org/docs/latest/rules/sort-keys"
"one-var","eslint",3,"BestPractices,JavaScript,TypeScript,Fixable","scripts/training/check.mjs",21,3,21,58,"Combine this with the previous 'const' statement.","https://eslint.org/docs/latest/rules/one-var"
"id-length","eslint",3,"BestPractices,JavaScript,TypeScript","scripts/training/check.mjs",21,33,21,34,"Identifier name 'l' is too short (< 2).","https://eslint.org/docs/latest/rules/id-length"
"one-var","eslint",3,"BestPractices,JavaScript,TypeScript,Fixable","scripts/training/check.mjs",22,3,25,5,"Combine this with the previous 'const' statement.","https://eslint.org/docs/latest/rules/one-var"
"sort-keys","eslint",3,"BestPractices,JavaScript,TypeScript","scripts/training/check.mjs",23,21,23,26,"Expected object keys to be in ascending order. 'label' should be before 'value'.","https://eslint.org/docs/latest/rules/sort-keys"
"id-length","eslint",3,"BestPractices,JavaScript,TypeScript","scripts/training/check.mjs",24,27,24,28,"Identifier name 'l' is too short (< 2).","https://eslint.org/docs/latest/rules/id-length"
"sort-keys","eslint",3,"BestPractices,JavaScript,TypeScript","scripts/training/check.mjs",24,58,24,63,"Expected object keys to be in ascending order. 'label' should be before 'value'.","https://eslint.org/docs/latest/rules/sort-keys"
"one-var","eslint",3,"BestPractices,JavaScript,TypeScript,Fixable","scripts/training/check.mjs",26,3,26,64,"Combine this with the previous 'const' statement.","https://eslint.org/docs/latest/rules/one-var"
"sort-keys","eslint",3,"BestPractices,JavaScript,TypeScript","scripts/training/check.mjs",29,42,29,45,"Expected object keys to be in ascending order. 'lab' should be before 'level'.","https://eslint.org/docs/latest/rules/sort-keys"
"no-ternary","eslint",3,"BestPractices,JavaScript,TypeScript","scripts/training/check.mjs",29,47,29,78,"Ternary operator used.","https://eslint.org/docs/latest/rules/no-ternary"
"no-undefined","eslint",3,"BestPractices,JavaScript,TypeScript","scripts/training/check.mjs",29,63,29,72,"Unexpected use of undefined.","https://eslint.org/docs/latest/rules/no-undefined"
"sort-imports","eslint",3,"BestPractices,JavaScript,TypeScript,Fixable","scripts/training/reset.mjs",9,13,9,17,"Member 'info' of the import declaration should be sorted alphabetically.","https://eslint.org/docs/latest/rules/sort-imports"
"max-lines-per-function","eslint",3,"BestPractices,JavaScript,TypeScript","scripts/training/reset.mjs",13,16,79,2,"Async function 'reset' has too many lines (67). Maximum allowed is 50.","https://eslint.org/docs/latest/rules/max-lines-per-function"
"max-statements","eslint",3,"BestPractices,JavaScript,TypeScript","scripts/training/reset.mjs",13,16,79,2,"Async function 'reset' has too many statements (38). Maximum allowed is 10.","https://eslint.org/docs/latest/rules/max-statements"
"id-length","eslint",3,"BestPractices,JavaScript,TypeScript","scripts/training/reset.mjs",14,9,14,10,"Identifier name 'u' is too short (< 2).","https://eslint.org/docs/latest/rules/id-length"
"one-var","eslint",3,"BestPractices,JavaScript,TypeScript,Fixable","scripts/training/reset.mjs",17,3,27,5,"Combine this with the previous 'const' statement.","https://eslint.org/docs/latest/rules/one-var"
"id-length","eslint",3,"BestPractices,JavaScript,TypeScript","scripts/training/reset.mjs",20,21,20,22,"Identifier name 'l' is too short (< 2).","https://eslint.org/docs/latest/rules/id-length"
"sort-keys","eslint",3,"BestPractices,JavaScript,TypeScript","scripts/training/reset.mjs",22,9,22,14,"Expected object keys to be in ascending order. 'label' should be before 'value'.","https://eslint.org/docs/latest/rules/sort-keys"
"sort-keys","eslint",3,"BestPractices,JavaScript,TypeScript","scripts/training/reset.mjs",23,9,23,13,"Expected object keys to be in ascending order. 'hint' should be before 'label'.","https://eslint.org/docs/latest/rules/sort-keys"
"one-var","eslint",3,"BestPractices,JavaScript,TypeScript,Fixable","scripts/training/reset.mjs",29,3,29,36,"Combine this with the previous 'const' statement.","https://eslint.org/docs/latest/rules/one-var"
"one-var","eslint",3,"BestPractices,JavaScript,TypeScript,Fixable","scripts/training/reset.mjs",34,3,34,94,"Combine this with the previous 'const' statement.","https://eslint.org/docs/latest/rules/one-var"
"no-magic-numbers","eslint",3,"BestPractices,JavaScript","scripts/training/reset.mjs",43,61,43,62,"No magic number: 0.","https://eslint.org/docs/latest/rules/no-magic-numbers"
"one-var","eslint",3,"BestPractices,JavaScript,TypeScript,Fixable","scripts/training/reset.mjs",46,3,46,73,"Combine this with the previous 'const' statement.","https://eslint.org/docs/latest/rules/one-var"
"one-var","eslint",3,"BestPractices,JavaScript,TypeScript,Fixable","scripts/training/reset.mjs",56,3,56,51,"Combine this with the previous 'const' statement.","https://eslint.org/docs/latest/rules/one-var"
"one-var","eslint",3,"BestPractices,JavaScript,TypeScript,Fixable","scripts/training/reset.mjs",65,3,65,84,"Combine this with the previous 'const' statement.","https://eslint.org/docs/latest/rules/one-var"
"no-negated-condition","eslint",3,"BestPractices,JavaScript,TypeScript","scripts/training/reset.mjs",66,3,70,4,"Unexpected negated condition.","https://eslint.org/docs/latest/rules/no-negated-condition"
"no-magic-numbers","eslint",3,"BestPractices,JavaScript","scripts/training/reset.mjs",66,21,66,22,"No magic number: 0.","https://eslint.org/docs/latest/rules/no-magic-numbers"
"one-var","eslint",3,"BestPractices,JavaScript,TypeScript,Fixable","scripts/training/reset.mjs",73,3,73,60,"Combine this with the previous 'const' statement.","https://eslint.org/docs/latest/rules/one-var"
"id-length","eslint",3,"BestPractices,JavaScript,TypeScript","scripts/training/reset.mjs",73,35,73,36,"Identifier name 'l' is too short (< 2).","https://eslint.org/docs/latest/rules/id-length"
"func-style","eslint",3,"BestPractices,JavaScript,TypeScript","scripts/training/reset.mjs",81,1,83,2,"Expected a function expression.","https://eslint.org/docs/latest/rules/func-style"
"func-style","eslint",3,"BestPractices,JavaScript,TypeScript","scripts/training/reset.mjs",85,1,92,2,"Expected a function expression.","https://eslint.org/docs/latest/rules/func-style"
"id-length","eslint",3,"BestPractices,JavaScript,TypeScript","scripts/training/reset.mjs",85,25,85,26,"Identifier name 'u' is too short (< 2).","https://eslint.org/docs/latest/rules/id-length"
"id-length","eslint",3,"BestPractices,JavaScript,TypeScript","scripts/training/reset.mjs",86,55,86,56,"Identifier name 'r' is too short (< 2).","https://eslint.org/docs/latest/rules/id-length"
"sort-imports","eslint",3,"BestPractices,JavaScript,TypeScript,Fixable","scripts/training/seed.mjs",15,1,18,26,"Expected 'multiple' syntax before 'single' syntax.","https://eslint.org/docs/latest/rules/sort-imports"
"sort-imports","eslint",3,"BestPractices,JavaScript,TypeScript,Fixable","scripts/training/seed.mjs",16,19,16,23,"Member 'info' of the import declaration should be sorted alphabetically.","https://eslint.org/docs/latest/rules/sort-imports"
"max-lines-per-function","eslint",3,"BestPractices,JavaScript,TypeScript","scripts/training/seed.mjs",22,16,116,2,"Async function 'seed' has too many lines (95). Maximum allowed is 50.","https://eslint.org/docs/latest/rules/max-lines-per-function"
"max-statements","eslint",3,"BestPractices,JavaScript,TypeScript","scripts/training/seed.mjs",22,16,116,2,"Async function 'seed' has too many statements (46). Maximum allowed is 10.","https://eslint.org/docs/latest/rules/max-statements"
"id-length","eslint",3,"BestPractices,JavaScript,TypeScript","scripts/training/seed.mjs",25,40,25,41,"Identifier name 'o' is too short (< 2).","https://eslint.org/docs/latest/rules/id-length"
"no-magic-numbers","eslint",3,"BestPractices,JavaScript","scripts/training/seed.mjs",26,23,26,24,"No magic number: 0.","https://eslint.org/docs/latest/rules/no-magic-numbers"
"one-var","eslint",3,"BestPractices,JavaScript,TypeScript,Fixable","scripts/training/seed.mjs",33,3,33,53,"Combine this with the previous 'const' statement.","https://eslint.org/docs/latest/rules/one-var"
"id-length","eslint",3,"BestPractices,JavaScript,TypeScript","scripts/training/seed.mjs",33,38,33,39,"Identifier name 'o' is too short (< 2).","https://eslint.org/docs/latest/rules/id-length"
"one-var","eslint",3,"BestPractices,JavaScript,TypeScript,Fixable","scripts/training/seed.mjs",34,3,34,65,"Combine this with the previous 'const' statement.","https://eslint.org/docs/latest/rules/one-var"
"id-length","eslint",3,"BestPractices,JavaScript,TypeScript","scripts/training/seed.mjs",34,34,34,35,"Identifier name 'o' is too short (< 2).","https://eslint.org/docs/latest/rules/id-length"
"one-var","eslint",3,"BestPractices,JavaScript,TypeScript,Fixable","scripts/training/seed.mjs",35,3,35,56,"Combine this with the previous 'const' statement.","https://eslint.org/docs/latest/rules/one-var"
"no-ternary","eslint",3,"BestPractices,JavaScript,TypeScript","scripts/training/seed.mjs",35,16,35,55,"Ternary operator used.","https://eslint.org/docs/latest/rules/no-ternary"
"no-magic-numbers","eslint",3,"BestPractices,JavaScript","scripts/training/seed.mjs",35,35,35,36,"No magic number: 0.","https://eslint.org/docs/latest/rules/no-magic-numbers"
"one-var","eslint",3,"BestPractices,JavaScript,TypeScript,Fixable","scripts/training/seed.mjs",37,3,37,95,"Combine this with the previous 'const' statement.","https://eslint.org/docs/latest/rules/one-var"
"one-var","eslint",3,"BestPractices,JavaScript,TypeScript,Fixable","scripts/training/seed.mjs",46,3,52,6,"Combine this with the previous 'const' statement.","https://eslint.org/docs/latest/rules/one-var"
"no-magic-numbers","eslint",3,"BestPractices,JavaScript","scripts/training/seed.mjs",53,23,53,24,"No magic number: 0.","https://eslint.org/docs/latest/rules/no-magic-numbers"
"capitalized-comments","eslint",3,"BestPractices,JavaScript,TypeScript,Fixable","scripts/training/seed.mjs",63,3,63,80,"Comments should not begin with a lowercase character.","https://eslint.org/docs/latest/rules/capitalized-comments"
"capitalized-comments","eslint",3,"BestPractices,JavaScript,TypeScript,Fixable","scripts/training/seed.mjs",64,3,64,80,"Comments should not begin with a lowercase character.","https://eslint.org/docs/latest/rules/capitalized-comments"
"capitalized-comments","eslint",3,"BestPractices,JavaScript,TypeScript,Fixable","scripts/training/seed.mjs",65,3,65,57,"Comments should not begin with a lowercase character.","https://eslint.org/docs/latest/rules/capitalized-comments"
"one-var","eslint",3,"BestPractices,JavaScript,TypeScript,Fixable","scripts/training/seed.mjs",67,3,67,109,"Combine this with the previous 'const' statement.","https://eslint.org/docs/latest/rules/one-var"
"no-negated-condition","eslint",3,"BestPractices,JavaScript,TypeScript","scripts/training/seed.mjs",68,3,72,4,"Unexpected negated condition.","https://eslint.org/docs/latest/rules/no-negated-condition"
"no-magic-numbers","eslint",3,"BestPractices,JavaScript","scripts/training/seed.mjs",68,23,68,24,"No magic number: 0.","https://eslint.org/docs/latest/rules/no-magic-numbers"
"one-var","eslint",3,"BestPractices,JavaScript,TypeScript,Fixable","scripts/training/seed.mjs",76,3,76,67,"Combine this with the previous 'const' statement.","https://eslint.org/docs/latest/rules/one-var"
"one-var","eslint",3,"BestPractices,JavaScript,TypeScript,Fixable","scripts/training/seed.mjs",77,3,82,6,"Combine this with the previous 'const' statement.","https://eslint.org/docs/latest/rules/one-var"
"no-magic-numbers","eslint",3,"BestPractices,JavaScript","scripts/training/seed.mjs",83,27,83,28,"No magic number: 0.","https://eslint.org/docs/latest/rules/no-magic-numbers"
"one-var","eslint",3,"BestPractices,JavaScript,TypeScript,Fixable","scripts/training/seed.mjs",93,3,93,38,"Combine this with the previous 'const' statement.","https://eslint.org/docs/latest/rules/one-var"
"no-magic-numbers","eslint",3,"BestPractices,JavaScript","scripts/training/seed.mjs",94,26,94,27,"No magic number: 0.","https://eslint.org/docs/latest/rules/no-magic-numbers"
"one-var","eslint",3,"BestPractices,JavaScript,TypeScript,Fixable","scripts/training/seed.mjs",101,3,101,35,"Combine this with the previous 'const' statement.","https://eslint.org/docs/latest/rules/one-var"
"logical-assignment-operators","eslint",3,"BestPractices,JavaScript,TypeScript,Fixable","scripts/training/seed.mjs",102,3,102,38,"Assignment (=) can be replaced with operator assignment (||=).","https://eslint.org/docs/latest/rules/logical-assignment-operators"
"one-var","eslint",3,"BestPractices,JavaScript,TypeScript,Fixable","scripts/training/seed.mjs",107,3,107,39,"Combine this with the previous 'const' statement.","https://eslint.org/docs/latest/rules/one-var"
"prefer-template","eslint",3,"BestPractices,JavaScript,TypeScript,Fixable","scripts/training/seed.mjs",115,26,115,89,"Unexpected string concatenation.","https://eslint.org/docs/latest/rules/prefer-template"
"func-style","eslint",3,"BestPractices,JavaScript,TypeScript","scripts/training/seed.mjs",123,1,155,2,"Expected a function expression.","https://eslint.org/docs/latest/rules/func-style"
"max-statements","eslint",3,"BestPractices,JavaScript,TypeScript","scripts/training/seed.mjs",123,1,155,2,"Function 'applyDrift' has too many statements (19). Maximum allowed is 10.","https://eslint.org/docs/latest/rules/max-statements"
"one-var","eslint",3,"BestPractices,JavaScript,TypeScript,Fixable","scripts/training/seed.mjs",128,3,128,59,"Combine this with the previous 'const' statement.","https://eslint.org/docs/latest/rules/one-var"
"one-var","eslint",3,"BestPractices,JavaScript,TypeScript,Fixable","scripts/training/seed.mjs",129,3,129,19,"Combine this with the previous 'const' statement.","https://eslint.org/docs/latest/rules/one-var"
"one-var","eslint",3,"BestPractices,JavaScript,TypeScript,Fixable","scripts/training/seed.mjs",134,7,134,116,"Combine this with the previous 'const' statement.","https://eslint.org/docs/latest/rules/one-var"
"sort-keys","eslint",3,"BestPractices,JavaScript,TypeScript","scripts/training/seed.mjs",134,99,134,106,"Expected object keys to be in ascending order. 'capture' should be before 'quiet'.","https://eslint.org/docs/latest/rules/sort-keys"
"no-magic-numbers","eslint",3,"BestPractices,JavaScript","scripts/training/seed.mjs",136,24,136,25,"No magic number: 0.","https://eslint.org/docs/latest/rules/no-magic-numbers"
"sort-keys","eslint",3,"BestPractices,JavaScript,TypeScript","scripts/training/seed.mjs",146,25,146,32,"Expected object keys to be in ascending order. 'capture' should be before 'quiet'.","https://eslint.org/docs/latest/rules/sort-keys"
"no-magic-numbers","eslint",3,"BestPractices,JavaScript","scripts/training/seed.mjs",147,24,147,25,"No magic number: 0.","https://eslint.org/docs/latest/rules/no-magic-numbers"
"func-style","eslint",3,"BestPractices,JavaScript,TypeScript","scripts/training/seed.mjs",157,1,171,2,"Expected a function expression.","https://eslint.org/docs/latest/rules/func-style"
"id-length","eslint",3,"BestPractices,JavaScript,TypeScript","scripts/training/seed.mjs",158,9,158,10,"Identifier name 'q' is too short (< 2).","https://eslint.org/docs/latest/rules/id-length"
"no-ternary","eslint",3,"BestPractices,JavaScript,TypeScript","scripts/training/seed.mjs",160,12,160,59,"Ternary operator used.","https://eslint.org/docs/latest/rules/no-ternary"
"one-var","eslint",3,"BestPractices,JavaScript,TypeScript,Fixable","scripts/training/seed.mjs",162,3,162,61,"Combine this with the previous 'const' statement.","https://eslint.org/docs/latest/rules/one-var"
"sort-keys","eslint",3,"BestPractices,JavaScript,TypeScript","scripts/training/seed.mjs",168,5,168,12,"Expected object keys to be in ascending order. 'batches' should be before 'installations'.","https://eslint.org/docs/latest/rules/sort-keys"
"sort-keys","eslint",3,"BestPractices,JavaScript,TypeScript","scripts/training/seed.mjs",169,5,169,13,"Expected object keys to be in ascending order. 'accounts' should be before 'batches'.","https://eslint.org/docs/latest/rules/sort-keys"
"sort-imports","eslint",3,"BestPractices,JavaScript,TypeScript,Fixable","scripts/training/simulate.mjs",16,1,19,26,"Expected 'multiple' syntax before 'single' syntax.","https://eslint.org/docs/latest/rules/sort-imports"
"sort-imports","eslint",3,"BestPractices,JavaScript,TypeScript,Fixable","scripts/training/simulate.mjs",17,19,17,23,"Member 'info' of the import declaration should be sorted alphabetically.","https://eslint.org/docs/latest/rules/sort-imports"
"no-unused-vars","eslint",2,"Recommended,ErrorProne,JavaScript","scripts/training/simulate.mjs",17,47,17,50,"'git' is defined but never used.","https://eslint.org/docs/latest/rules/no-unused-vars"
"max-lines-per-function","eslint",3,"BestPractices,JavaScript,TypeScript","scripts/training/simulate.mjs",23,16,132,2,"Async function 'simulate' has too many lines (110). Maximum allowed is 50.","https://eslint.org/docs/latest/rules/max-lines-per-function"
"max-statements","eslint",3,"BestPractices,JavaScript,TypeScript","scripts/training/simulate.mjs",23,16,132,2,"Async function 'simulate' has too many statements (63). Maximum allowed is 10.","https://eslint.org/docs/latest/rules/max-statements"
"no-magic-numbers","eslint",3,"BestPractices,JavaScript","scripts/training/simulate.mjs",27,28,27,29,"No magic number: 0.","https://eslint.org/docs/latest/rules/no-magic-numbers"
"one-var","eslint",3,"BestPractices,JavaScript,TypeScript,Fixable","scripts/training/simulate.mjs",31,3,35,5,"Combine this with the previous 'const' statement.","https://eslint.org/docs/latest/rules/one-var"
"id-length","eslint",3,"BestPractices,JavaScript,TypeScript","scripts/training/simulate.mjs",33,20,33,21,"Identifier name 's' is too short (< 2).","https://eslint.org/docs/latest/rules/id-length"
"sort-keys","eslint",3,"BestPractices,JavaScript,TypeScript","scripts/training/simulate.mjs",33,42,33,47,"Expected object keys to be in ascending order. 'label' should be before 'value'.","https://eslint.org/docs/latest/rules/sort-keys"
"sort-keys","eslint",3,"BestPractices,JavaScript,TypeScript","scripts/training/simulate.mjs",33,63,33,67,"Expected object keys to be in ascending order. 'hint' should be before 'label'.","https://eslint.org/docs/latest/rules/sort-keys"
"one-var","eslint",3,"BestPractices,JavaScript,TypeScript,Fixable","scripts/training/simulate.mjs",36,3,36,55,"Combine this with the previous 'const' statement.","https://eslint.org/docs/latest/rules/one-var"
"id-length","eslint",3,"BestPractices,JavaScript,TypeScript","scripts/training/simulate.mjs",36,36,36,37,"Identifier name 's' is too short (< 2).","https://eslint.org/docs/latest/rules/id-length"
"one-var","eslint",3,"BestPractices,JavaScript,TypeScript,Fixable","scripts/training/simulate.mjs",38,3,38,27,"Combine this with the previous 'const' statement.","https://eslint.org/docs/latest/rules/one-var"
"one-var","eslint",3,"BestPractices,JavaScript,TypeScript,Fixable","scripts/training/simulate.mjs",52,3,52,73,"Combine this with the previous 'const' statement.","https://eslint.org/docs/latest/rules/one-var"
"one-var","eslint",3,"BestPractices,JavaScript,TypeScript,Fixable","scripts/training/simulate.mjs",58,3,58,72,"Combine this with the previous 'const' statement.","https://eslint.org/docs/latest/rules/one-var"
"one-var","eslint",3,"BestPractices,JavaScript,TypeScript,Fixable","scripts/training/simulate.mjs",59,3,59,51,"Combine this with the previous 'const' statement.","https://eslint.org/docs/latest/rules/one-var"
"no-magic-numbers","eslint",3,"BestPractices,JavaScript","scripts/training/simulate.mjs",69,56,69,57,"No magic number: 0.","https://eslint.org/docs/latest/rules/no-magic-numbers"
"one-var","eslint",3,"BestPractices,JavaScript,TypeScript,Fixable","scripts/training/simulate.mjs",73,3,73,71,"Combine this with the previous 'const' statement.","https://eslint.org/docs/latest/rules/one-var"
"one-var","eslint",3,"BestPractices,JavaScript,TypeScript,Fixable","scripts/training/simulate.mjs",82,3,82,40,"Combine this with the previous 'const' statement.","https://eslint.org/docs/latest/rules/one-var"
"id-length","eslint",3,"BestPractices,JavaScript,TypeScript","scripts/training/simulate.mjs",83,20,83,21,"Identifier name 'f' is too short (< 2).","https://eslint.org/docs/latest/rules/id-length"
"one-var","eslint",3,"BestPractices,JavaScript,TypeScript,Fixable","scripts/training/simulate.mjs",88,3,92,6,"Combine this with the previous 'const' statement.","https://eslint.org/docs/latest/rules/one-var"
"no-magic-numbers","eslint",3,"BestPractices,JavaScript","scripts/training/simulate.mjs",93,23,93,24,"No magic number: 0.","https://eslint.org/docs/latest/rules/no-magic-numbers"
"one-var","eslint",3,"BestPractices,JavaScript,TypeScript,Fixable","scripts/training/simulate.mjs",101,3,101,92,"Combine this with the previous 'const' statement.","https://eslint.org/docs/latest/rules/one-var"
"no-magic-numbers","eslint",3,"BestPractices,JavaScript","scripts/training/simulate.mjs",102,21,102,22,"No magic number: 0.","https://eslint.org/docs/latest/rules/no-magic-numbers"
"no-negated-condition","eslint",3,"BestPractices,JavaScript,TypeScript","scripts/training/simulate.mjs",106,3,126,4,"Unexpected negated condition.","https://eslint.org/docs/latest/rules/no-negated-condition"
"one-var","eslint",3,"BestPractices,JavaScript,TypeScript,Fixable","scripts/training/simulate.mjs",112,5,118,8,"Combine this with the previous 'const' statement.","https://eslint.org/docs/latest/rules/one-var"
"no-negated-condition","eslint",3,"BestPractices,JavaScript,TypeScript","scripts/training/simulate.mjs",120,5,125,6,"Unexpected negated condition.","https://eslint.org/docs/latest/rules/no-negated-condition"
"no-magic-numbers","eslint",3,"BestPractices,JavaScript","scripts/training/simulate.mjs",120,21,120,22,"No magic number: 0.","https://eslint.org/docs/latest/rules/no-magic-numbers"
"no-ternary","eslint",3,"BestPractices,JavaScript,TypeScript","scripts/training/simulate.mjs",128,27,128,112,"Ternary operator used.","https://eslint.org/docs/latest/rules/no-ternary"
"func-style","eslint",3,"BestPractices,JavaScript,TypeScript","scripts/training/simulate.mjs",134,1,143,2,"Expected a function expression.","https://eslint.org/docs/latest/rules/func-style"
"id-length","eslint",3,"BestPractices,JavaScript,TypeScript","scripts/training/simulate.mjs",140,14,140,15,"Identifier name 'p' is too short (< 2).","https://eslint.org/docs/latest/rules/id-length"
"id-length","eslint",3,"BestPractices,JavaScript,TypeScript","scripts/training/simulate.mjs",141,11,141,12,"Identifier name 'p' is too short (< 2).","https://eslint.org/docs/latest/rules/id-length"
"id-length","eslint",3,"BestPractices,JavaScript,TypeScript","scripts/training/simulate.mjs",142,12,142,13,"Identifier name 'a' is too short (< 2).","https://eslint.org/docs/latest/rules/id-length"
"id-length","eslint",3,"BestPractices,JavaScript,TypeScript","scripts/training/simulate.mjs",142,15,142,16,"Identifier name 'b' is too short (< 2).","https://eslint.org/docs/latest/rules/id-length"
"func-style","eslint",3,"BestPractices,JavaScript,TypeScript","scripts/training/simulate.mjs",145,1,174,2,"Expected a function expression.","https://eslint.org/docs/latest/rules/func-style"
"max-statements","eslint",3,"BestPractices,JavaScript,TypeScript","scripts/training/simulate.mjs",145,1,174,2,"Function 'applyFiles' has too many statements (12). Maximum allowed is 10.","https://eslint.org/docs/latest/rules/max-statements"
"one-var","eslint",3,"BestPractices,JavaScript,TypeScript,Fixable","scripts/training/simulate.mjs",150,3,150,22,"Combine this with the previous 'const' statement.","https://eslint.org/docs/latest/rules/one-var"
"one-var","eslint",3,"BestPractices,JavaScript,TypeScript,Fixable","scripts/training/simulate.mjs",151,3,164,5,"Combine this with the previous 'const' statement.","https://eslint.org/docs/latest/rules/one-var"
"one-var","eslint",3,"BestPractices,JavaScript,TypeScript,Fixable","scripts/training/simulate.mjs",154,7,154,65,"Combine this with the previous 'const' statement.","https://eslint.org/docs/latest/rules/one-var"
"no-ternary","eslint",3,"BestPractices,JavaScript,TypeScript","scripts/training/simulate.mjs",154,23,154,64,"Ternary operator used.","https://eslint.org/docs/latest/rules/no-ternary"
"sort-imports","eslint",3,"BestPractices,JavaScript,TypeScript,Fixable","scripts/training/status.mjs",8,19,8,23,"Member 'info' of the import declaration should be sorted alphabetically.","https://eslint.org/docs/latest/rules/sort-imports"
"max-lines-per-function","eslint",3,"BestPractices,JavaScript,TypeScript","scripts/training/status.mjs",14,16,83,2,"Async function 'status' has too many lines (70). Maximum allowed is 50.","https://eslint.org/docs/latest/rules/max-lines-per-function"
"max-statements","eslint",3,"BestPractices,JavaScript,TypeScript","scripts/training/status.mjs",14,16,83,2,"Async function 'status' has too many statements (48). Maximum allowed is 10.","https://eslint.org/docs/latest/rules/max-statements"
"require-await","eslint",3,"BestPractices,JavaScript","scripts/training/status.mjs",14,16,14,37,"Async function 'status' has no 'await' expression.","https://eslint.org/docs/latest/rules/require-await"
"id-length","eslint",3,"BestPractices,JavaScript,TypeScript","scripts/training/status.mjs",15,9,15,10,"Identifier name 'u' is too short (< 2).","https://eslint.org/docs/latest/rules/id-length"
"one-var","eslint",3,"BestPractices,JavaScript,TypeScript,Fixable","scripts/training/status.mjs",19,3,19,27,"Combine this with the previous 'const' statement.","https://eslint.org/docs/latest/rules/one-var"
"one-var","eslint",3,"BestPractices,JavaScript,TypeScript,Fixable","scripts/training/status.mjs",20,3,20,64,"Combine this with the previous 'const' statement.","https://eslint.org/docs/latest/rules/one-var"
"one-var","eslint",3,"BestPractices,JavaScript,TypeScript,Fixable","scripts/training/status.mjs",29,3,29,59,"Combine this with the previous 'const' statement.","https://eslint.org/docs/latest/rules/one-var"
"id-length","eslint",3,"BestPractices,JavaScript,TypeScript","scripts/training/status.mjs",29,40,29,41,"Identifier name 'o' is too short (< 2).","https://eslint.org/docs/latest/rules/id-length"
"one-var","eslint",3,"BestPractices,JavaScript,TypeScript,Fixable","scripts/training/status.mjs",30,3,30,79,"Combine this with the previous 'const' statement.","https://eslint.org/docs/latest/rules/one-var"
"id-length","eslint",3,"BestPractices,JavaScript,TypeScript","scripts/training/status.mjs",30,32,30,33,"Identifier name 'o' is too short (< 2).","https://eslint.org/docs/latest/rules/id-length"
"no-ternary","eslint",3,"BestPractices,JavaScript,TypeScript","scripts/training/status.mjs",31,26,31,116,"Ternary operator used.","https://eslint.org/docs/latest/rules/no-ternary"
"no-magic-numbers","eslint",3,"BestPractices,JavaScript","scripts/training/status.mjs",31,43,31,44,"No magic number: 0.","https://eslint.org/docs/latest/rules/no-magic-numbers"
"id-length","eslint",3,"BestPractices,JavaScript,TypeScript","scripts/training/status.mjs",31,91,31,92,"Identifier name 'o' is too short (< 2).","https://eslint.org/docs/latest/rules/id-length"
"one-var","eslint",3,"BestPractices,JavaScript,TypeScript,Fixable","scripts/training/status.mjs",33,3,33,35,"Combine this with the previous 'const' statement.","https://eslint.org/docs/latest/rules/one-var"
"one-var","eslint",3,"BestPractices,JavaScript,TypeScript,Fixable","scripts/training/status.mjs",34,3,34,51,"Combine this with the previous 'const' statement.","https://eslint.org/docs/latest/rules/one-var"
"no-magic-numbers","eslint",3,"BestPractices,JavaScript","scripts/training/status.mjs",35,23,35,24,"No magic number: 0.","https://eslint.org/docs/latest/rules/no-magic-numbers"
"one-var","eslint",3,"BestPractices,JavaScript,TypeScript,Fixable","scripts/training/status.mjs",40,3,40,33,"Combine this with the previous 'const' statement.","https://eslint.org/docs/latest/rules/one-var"
"one-var","eslint",3,"BestPractices,JavaScript,TypeScript,Fixable","scripts/training/status.mjs",42,3,42,22,"Combine this with the previous 'let' statement.","https://eslint.org/docs/latest/rules/one-var"
"one-var","eslint",3,"BestPractices,JavaScript,TypeScript,Fixable","scripts/training/status.mjs",46,5,46,55,"Combine this with the previous 'const' statement.","https://eslint.org/docs/latest/rules/one-var"
"id-length","eslint",3,"BestPractices,JavaScript,TypeScript","scripts/training/status.mjs",46,36,46,37,"Identifier name 'r' is too short (< 2).","https://eslint.org/docs/latest/rules/id-length"
"one-var","eslint",3,"BestPractices,JavaScript,TypeScript,Fixable","scripts/training/status.mjs",47,5,47,34,"Combine this with the previous 'const' statement.","https://eslint.org/docs/latest/rules/one-var"
"one-var","eslint",3,"BestPractices,JavaScript,TypeScript,Fixable","scripts/training/status.mjs",48,5,48,70,"Combine this with the previous 'const' statement.","https://eslint.org/docs/latest/rules/one-var"
"one-var","eslint",3,"BestPractices,JavaScript,TypeScript,Fixable","scripts/training/status.mjs",49,5,49,96,"Combine this with the previous 'const' statement.","https://eslint.org/docs/latest/rules/one-var"
"id-length","eslint",3,"BestPractices,JavaScript,TypeScript","scripts/training/status.mjs",55,44,55,45,"Identifier name 'r' is too short (< 2).","https://eslint.org/docs/latest/rules/id-length"
"no-ternary","eslint",3,"BestPractices,JavaScript,TypeScript","scripts/training/status.mjs",57,19,57,59,"Ternary operator used.","https://eslint.org/docs/latest/rules/no-ternary"
"no-magic-numbers","eslint",3,"BestPractices,JavaScript","scripts/training/status.mjs",57,58,57,59,"No magic number: 0.","https://eslint.org/docs/latest/rules/no-magic-numbers"
"no-console","eslint",3,"BestPractices,JavaScript,TypeScript","scripts/training/status.mjs",63,3,63,14,"Unexpected console statement.","https://eslint.org/docs/latest/rules/no-console"
"prefer-template","eslint",3,"BestPractices,JavaScript,TypeScript,Fixable","scripts/training/status.mjs",66,22,66,90,"Unexpected string concatenation.","https://eslint.org/docs/latest/rules/prefer-template"
"one-var","eslint",3,"BestPractices,JavaScript,TypeScript,Fixable","scripts/training/status.mjs",70,3,70,64,"Combine this with the previous 'const' statement.","https://eslint.org/docs/latest/rules/one-var"
"id-length","eslint",3,"BestPractices,JavaScript,TypeScript","scripts/training/status.mjs",70,35,70,36,"Identifier name 'l' is too short (< 2).","https://eslint.org/docs/latest/rules/id-length"
"one-var","eslint",3,"BestPractices,JavaScript,TypeScript,Fixable","scripts/training/status.mjs",71,3,71,83,"Combine this with the previous 'const' statement.","https://eslint.org/docs/latest/rules/one-var"
"id-length","eslint",3,"BestPractices,JavaScript,TypeScript","scripts/training/status.mjs",71,38,71,39,"Identifier name 'l' is too short (< 2).","https://eslint.org/docs/latest/rules/id-length"
"no-magic-numbers","eslint",3,"BestPractices,JavaScript","scripts/training/status.mjs",71,80,71,81,"No magic number: 0.","https://eslint.org/docs/latest/rules/no-magic-numbers"
"one-var","eslint",3,"BestPractices,JavaScript,TypeScript,Fixable","scripts/training/status.mjs",78,3,78,33,"Combine this with the previous 'const' statement.","https://eslint.org/docs/latest/rules/one-var"
"sort-imports","eslint",3,"BestPractices,JavaScript,TypeScript,Fixable","scripts/training/teardown.mjs",11,1,14,26,"Expected 'multiple' syntax before 'single' syntax.","https://eslint.org/docs/latest/rules/sort-imports"
"sort-imports","eslint",3,"BestPractices,JavaScript,TypeScript,Fixable","scripts/training/teardown.mjs",12,13,12,17,"Member 'info' of the import declaration should be sorted alphabetically.","https://eslint.org/docs/latest/rules/sort-imports"
"one-var","eslint",3,"BestPractices,JavaScript,TypeScript,Fixable","scripts/training/teardown.mjs",27,1,35,3,"Combine this with the previous 'const' statement.","https://eslint.org/docs/latest/rules/one-var"
"max-lines-per-function","eslint",3,"BestPractices,JavaScript,TypeScript","scripts/training/teardown.mjs",37,16,96,2,"Async function 'teardown' has too many lines (60). Maximum allowed is 50.","https://eslint.org/docs/latest/rules/max-lines-per-function"
"max-statements","eslint",3,"BestPractices,JavaScript,TypeScript","scripts/training/teardown.mjs",37,16,96,2,"Async function 'teardown' has too many statements (34). Maximum allowed is 10.","https://eslint.org/docs/latest/rules/max-statements"
"id-length","eslint",3,"BestPractices,JavaScript,TypeScript","scripts/training/teardown.mjs",40,40,40,41,"Identifier name 'o' is too short (< 2).","https://eslint.org/docs/latest/rules/id-length"
"no-magic-numbers","eslint",3,"BestPractices,JavaScript","scripts/training/teardown.mjs",41,23,41,24,"No magic number: 0.","https://eslint.org/docs/latest/rules/no-magic-numbers"
"one-var","eslint",3,"BestPractices,JavaScript,TypeScript,Fixable","scripts/training/teardown.mjs",44,3,44,53,"Combine this with the previous 'const' statement.","https://eslint.org/docs/latest/rules/one-var"
"id-length","eslint",3,"BestPractices,JavaScript,TypeScript","scripts/training/teardown.mjs",44,38,44,39,"Identifier name 'o' is too short (< 2).","https://eslint.org/docs/latest/rules/id-length"
"one-var","eslint",3,"BestPractices,JavaScript,TypeScript,Fixable","scripts/training/teardown.mjs",45,3,45,65,"Combine this with the previous 'const' statement.","https://eslint.org/docs/latest/rules/one-var"
"id-length","eslint",3,"BestPractices,JavaScript,TypeScript","scripts/training/teardown.mjs",45,34,45,35,"Identifier name 'o' is too short (< 2).","https://eslint.org/docs/latest/rules/id-length"
"one-var","eslint",3,"BestPractices,JavaScript,TypeScript,Fixable","scripts/training/teardown.mjs",46,3,50,5,"Combine this with the previous 'const' statement.","https://eslint.org/docs/latest/rules/one-var"
"no-ternary","eslint",3,"BestPractices,JavaScript,TypeScript","scripts/training/teardown.mjs",48,16,48,55,"Ternary operator used.","https://eslint.org/docs/latest/rules/no-ternary"
"no-magic-numbers","eslint",3,"BestPractices,JavaScript","scripts/training/teardown.mjs",48,35,48,36,"No magic number: 0.","https://eslint.org/docs/latest/rules/no-magic-numbers"
"one-var","eslint",3,"BestPractices,JavaScript,TypeScript,Fixable","scripts/training/teardown.mjs",55,3,55,110,"Combine this with the previous 'const' statement.","https://eslint.org/docs/latest/rules/one-var"
"one-var","eslint",3,"BestPractices,JavaScript,TypeScript,Fixable","scripts/training/teardown.mjs",62,3,62,81,"Combine this with the previous 'const' statement.","https://eslint.org/docs/latest/rules/one-var"
"one-var","eslint",3,"BestPractices,JavaScript,TypeScript,Fixable","scripts/training/teardown.mjs",64,3,64,87,"Combine this with the previous 'const' statement.","https://eslint.org/docs/latest/rules/one-var"
"no-negated-condition","eslint",3,"BestPractices,JavaScript,TypeScript","scripts/training/teardown.mjs",66,3,70,4,"Unexpected negated condition.","https://eslint.org/docs/latest/rules/no-negated-condition"
"no-magic-numbers","eslint",3,"BestPractices,JavaScript","scripts/training/teardown.mjs",66,21,66,22,"No magic number: 0.","https://eslint.org/docs/latest/rules/no-magic-numbers"
"one-var","eslint",3,"BestPractices,JavaScript,TypeScript,Fixable","scripts/training/teardown.mjs",73,3,73,73,"Combine this with the previous 'const' statement.","https://eslint.org/docs/latest/rules/one-var"
"one-var","eslint",3,"BestPractices,JavaScript,TypeScript,Fixable","scripts/training/teardown.mjs",76,3,83,6,"Combine this with the previous 'const' statement.","https://eslint.org/docs/latest/rules/one-var"
"sort-keys","eslint",3,"BestPractices,JavaScript,TypeScript","scripts/training/teardown.mjs",84,37,84,42,"Expected object keys to be in ascending order. 'force' should be before 'recursive'.","https://eslint.org/docs/latest/rules/sort-keys"
"no-magic-numbers","eslint",3,"BestPractices,JavaScript","scripts/training/teardown.mjs",85,23,85,24,"No magic number: 0.","https://eslint.org/docs/latest/rules/no-magic-numbers"
"func-style","eslint",3,"BestPractices,JavaScript,TypeScript","scripts/training/teardown.mjs",98,1,104,2,"Expected a function expression.","https://eslint.org/docs/latest/rules/func-style"
"func-style","eslint",3,"BestPractices,JavaScript,TypeScript","scripts/training/teardown.mjs",106,1,117,2,"Expected a function expression.","https://eslint.org/docs/latest/rules/func-style"
"id-length","eslint",3,"BestPractices,JavaScript,TypeScript","scripts/training/teardown.mjs",108,32,108,33,"Identifier name 'm' is too short (< 2).","https://eslint.org/docs/latest/rules/id-length"
"sort-imports","eslint",3,"BestPractices,JavaScript,TypeScript,Fixable","scripts/verify/audit.mjs",23,1,23,58,"Expected 'multiple' syntax before 'single' syntax.","https://eslint.org/docs/latest/rules/sort-imports"
"func-style","eslint",3,"BestPractices,JavaScript,TypeScript","scripts/verify/audit.mjs",33,8,35,2,"Expected a function expression.","https://eslint.org/docs/latest/rules/func-style"
"id-length","eslint",3,"BestPractices,JavaScript,TypeScript","scripts/verify/audit.mjs",34,41,34,42,"Identifier name '_' is too short (< 2).","https://eslint.org/docs/latest/rules/id-length"
"id-length","eslint",3,"BestPractices,JavaScript,TypeScript","scripts/verify/audit.mjs",34,44,34,45,"Identifier name 'i' is too short (< 2).","https://eslint.org/docs/latest/rules/id-length"
"no-magic-numbers","eslint",3,"BestPractices,JavaScript","scripts/verify/audit.mjs",34,54,34,55,"No magic number: 1.","https://eslint.org/docs/latest/rules/no-magic-numbers"
"func-style","eslint",3,"BestPractices,JavaScript,TypeScript","scripts/verify/audit.mjs",37,8,60,2,"Expected a function expression.","https://eslint.org/docs/latest/rules/func-style"
"max-statements","eslint",3,"BestPractices,JavaScript,TypeScript","scripts/verify/audit.mjs",37,8,60,2,"Function 'auditRepository' has too many statements (13). Maximum allowed is 10.","https://eslint.org/docs/latest/rules/max-statements"
"one-var","eslint",3,"BestPractices,JavaScript,TypeScript,Fixable","scripts/verify/audit.mjs",39,3,39,22,"Combine this with the previous 'const' statement.","https://eslint.org/docs/latest/rules/one-var"
"no-continue","eslint",3,"BestPractices,JavaScript,TypeScript","scripts/verify/audit.mjs",43,9,43,18,"Unexpected use of continue statement.","https://eslint.org/docs/latest/rules/no-continue"
"init-declarations","eslint",3,"BestPractices,JavaScript","scripts/verify/audit.mjs",45,11,45,18,"Variable 'outcome' should be initialized on declaration.","https://eslint.org/docs/latest/rules/init-declarations"
"sort-keys","eslint",3,"BestPractices,JavaScript,TypeScript","scripts/verify/audit.mjs",51,11,51,17,"Expected object keys to be in ascending order. 'detail' should be before 'ok'.","https://eslint.org/docs/latest/rules/sort-keys"
"one-var","eslint",3,"BestPractices,JavaScript,TypeScript,Fixable","scripts/verify/audit.mjs",58,3,58,53,"Combine this with the previous 'const' statement.","https://eslint.org/docs/latest/rules/one-var"
"id-length","eslint",3,"BestPractices,JavaScript,TypeScript","scripts/verify/audit.mjs",58,34,58,35,"Identifier name 'r' is too short (< 2).","https://eslint.org/docs/latest/rules/id-length"
"sort-keys","eslint",3,"BestPractices,JavaScript,TypeScript","scripts/verify/audit.mjs",59,21,59,27,"Expected object keys to be in ascending order. 'passed' should be before 'results'.","https://eslint.org/docs/latest/rules/sort-keys"
"sort-keys","eslint",3,"BestPractices,JavaScript,TypeScript","scripts/verify/audit.mjs",59,52,59,54,"Expected object keys to be in ascending order. 'ok' should be before 'total'.","https://eslint.org/docs/latest/rules/sort-keys"
"func-style","eslint",3,"BestPractices,JavaScript,TypeScript","scripts/verify/audit.mjs",62,8,112,2,"Expected a function expression.","https://eslint.org/docs/latest/rules/func-style"
"max-lines-per-function","eslint",3,"BestPractices,JavaScript,TypeScript","scripts/verify/audit.mjs",62,8,112,2,"Function 'renderReport' has too many lines (51). Maximum allowed is 50.","https://eslint.org/docs/latest/rules/max-lines-per-function"
"max-statements","eslint",3,"BestPractices,JavaScript,TypeScript","scripts/verify/audit.mjs",62,8,112,2,"Function 'renderReport' has too many statements (40). Maximum allowed is 10.","https://eslint.org/docs/latest/rules/max-statements"
"no-magic-numbers","eslint",3,"BestPractices,JavaScript","scripts/verify/audit.mjs",71,17,71,18,"No magic number: 1.","https://eslint.org/docs/latest/rules/no-magic-numbers"
"no-magic-numbers","eslint",3,"BestPractices,JavaScript","scripts/verify/audit.mjs",73,67,73,68,"No magic number: 1.","https://eslint.org/docs/latest/rules/no-magic-numbers"
"id-length","eslint",3,"BestPractices,JavaScript,TypeScript","scripts/verify/audit.mjs",78,42,78,43,"Identifier name 'r' is too short (< 2).","https://eslint.org/docs/latest/rules/id-length"
"no-ternary","eslint",3,"BestPractices,JavaScript,TypeScript","scripts/verify/audit.mjs",104,76,104,105,"Ternary operator used.","https://eslint.org/docs/latest/rules/no-ternary"
"func-style","eslint",3,"BestPractices,JavaScript,TypeScript","scripts/verify/audit.mjs",114,1,164,2,"Expected a function expression.","https://eslint.org/docs/latest/rules/func-style"
"max-lines-per-function","eslint",3,"BestPractices,JavaScript,TypeScript","scripts/verify/audit.mjs",114,1,164,2,"Async function 'main' has too many lines (51). Maximum allowed is 50.","https://eslint.org/docs/latest/rules/max-lines-per-function"
"max-statements","eslint",3,"BestPractices,JavaScript,TypeScript","scripts/verify/audit.mjs",114,1,164,2,"Async function 'main' has too many statements (15). Maximum allowed is 10.","https://eslint.org/docs/latest/rules/max-statements"
"require-await","eslint",3,"BestPractices,JavaScript","scripts/verify/audit.mjs",114,1,114,20,"Async function 'main' has no 'await' expression.","https://eslint.org/docs/latest/rules/require-await"
"@lwc/lwc-platform/no-process-env","eslint",3,"Recommended,LWC,BestPractices,JavaScript","scripts/verify/audit.mjs",115,26,115,38,"Usage of `process.argv.slice` is not allowed",
"no-magic-numbers","eslint",3,"BestPractices,JavaScript","scripts/verify/audit.mjs",115,45,115,46,"No magic number: 2.","https://eslint.org/docs/latest/rules/no-magic-numbers"
"one-var","eslint",3,"BestPractices,JavaScript,TypeScript,Fixable","scripts/verify/audit.mjs",116,3,116,49,"Combine this with the previous 'const' statement.","https://eslint.org/docs/latest/rules/one-var"
"one-var","eslint",3,"BestPractices,JavaScript,TypeScript,Fixable","scripts/verify/audit.mjs",117,3,117,24,"Combine this with the previous 'const' statement.","https://eslint.org/docs/latest/rules/one-var"
"prefer-destructuring","eslint",3,"BestPractices,JavaScript,Fixable","scripts/verify/audit.mjs",117,9,117,23,"Use object destructuring.","https://eslint.org/docs/latest/rules/prefer-destructuring"
"no-magic-numbers","eslint",3,"BestPractices,JavaScript","scripts/verify/audit.mjs",118,43,118,44,"No magic number: 1.","https://eslint.org/docs/latest/rules/no-magic-numbers"
"no-magic-numbers","eslint",3,"BestPractices,JavaScript","scripts/verify/audit.mjs",118,56,118,57,"No magic number: 3.","https://eslint.org/docs/latest/rules/no-magic-numbers"
"no-console","eslint",3,"BestPractices,JavaScript,TypeScript","scripts/verify/audit.mjs",119,5,119,18,"Unexpected console statement.","https://eslint.org/docs/latest/rules/no-console"
"@lwc/lwc-platform/no-process-env","eslint",3,"Recommended,LWC,BestPractices,JavaScript","scripts/verify/audit.mjs",120,5,120,17,"Usage of `process.exit` is not allowed",
"no-magic-numbers","eslint",3,"BestPractices,JavaScript","scripts/verify/audit.mjs",120,18,120,19,"No magic number: 2.","https://eslint.org/docs/latest/rules/no-magic-numbers"
"no-console","eslint",3,"BestPractices,JavaScript,TypeScript","scripts/verify/audit.mjs",123,5,123,18,"Unexpected console statement.","https://eslint.org/docs/latest/rules/no-console"
"@lwc/lwc-platform/no-process-env","eslint",3,"Recommended,LWC,BestPractices,JavaScript","scripts/verify/audit.mjs",124,5,124,17,"Usage of `process.exit` is not allowed",
"no-magic-numbers","eslint",3,"BestPractices,JavaScript","scripts/verify/audit.mjs",124,18,124,19,"No magic number: 2.","https://eslint.org/docs/latest/rules/no-magic-numbers"
"one-var","eslint",3,"BestPractices,JavaScript,TypeScript,Fixable","scripts/verify/audit.mjs",127,3,127,45,"Combine this with the previous 'const' statement.","https://eslint.org/docs/latest/rules/one-var"
"one-var","eslint",3,"BestPractices,JavaScript,TypeScript,Fixable","scripts/verify/audit.mjs",128,3,132,6,"Combine this with the previous 'const' statement.","https://eslint.org/docs/latest/rules/one-var"
"sort-keys","eslint",3,"BestPractices,JavaScript,TypeScript","scripts/verify/audit.mjs",130,5,130,11,"Expected object keys to be in ascending order. 'handle' should be before 'level'.","https://eslint.org/docs/latest/rules/sort-keys"
"no-console","eslint",3,"BestPractices,JavaScript,TypeScript","scripts/verify/audit.mjs",133,3,133,14,"Unexpected console statement.","https://eslint.org/docs/latest/rules/no-console"
"prefer-template","eslint",3,"BestPractices,JavaScript,TypeScript,Fixable","scripts/verify/audit.mjs",138,7,158,15,"Unexpected string concatenation.","https://eslint.org/docs/latest/rules/prefer-template"
"sort-keys","eslint",3,"BestPractices,JavaScript,TypeScript","scripts/verify/audit.mjs",141,11,141,17,"Expected object keys to be in ascending order. 'handle' should be before 'level'.","https://eslint.org/docs/latest/rules/sort-keys"
"sort-keys","eslint",3,"BestPractices,JavaScript,TypeScript","scripts/verify/audit.mjs",143,11,143,13,"Expected object keys to be in ascending order. 'ok' should be before 'repo'.","https://eslint.org/docs/latest/rules/sort-keys"
"sort-keys","eslint",3,"BestPractices,JavaScript,TypeScript","scripts/verify/audit.mjs",146,11,146,16,"Expected object keys to be in ascending order. 'badge' should be before 'total'.","https://eslint.org/docs/latest/rules/sort-keys"
"no-ternary","eslint",3,"BestPractices,JavaScript,TypeScript","scripts/verify/audit.mjs",146,18,146,54,"Ternary operator used.","https://eslint.org/docs/latest/rules/no-ternary"
"id-length","eslint",3,"BestPractices,JavaScript,TypeScript","scripts/verify/audit.mjs",147,38,147,39,"Identifier name 'r' is too short (< 2).","https://eslint.org/docs/latest/rules/id-length"
"sort-keys","eslint",3,"BestPractices,JavaScript,TypeScript","scripts/verify/audit.mjs",149,13,149,15,"Expected object keys to be in ascending order. 'id' should be before 'level'.","https://eslint.org/docs/latest/rules/sort-keys"
"sort-keys","eslint",3,"BestPractices,JavaScript,TypeScript","scripts/verify/audit.mjs",151,13,151,15,"Expected object keys to be in ascending order. 'ok' should be before 'title'.","https://eslint.org/docs/latest/rules/sort-keys"
"sort-keys","eslint",3,"BestPractices,JavaScript,TypeScript","scripts/verify/audit.mjs",152,13,152,19,"Expected object keys to be in ascending order. 'detail' should be before 'ok'.","https://eslint.org/docs/latest/rules/sort-keys"
"no-magic-numbers","eslint",3,"BestPractices,JavaScript","scripts/verify/audit.mjs",157,9,157,10,"No magic number: 2.","https://eslint.org/docs/latest/rules/no-magic-numbers"
"@lwc/lwc-platform/no-process-env","eslint",3,"Recommended,LWC,BestPractices,JavaScript","scripts/verify/audit.mjs",163,3,163,15,"Usage of `process.exit` is not allowed",
"no-ternary","eslint",3,"BestPractices,JavaScript,TypeScript","scripts/verify/audit.mjs",163,16,163,32,"Ternary operator used.","https://eslint.org/docs/latest/rules/no-ternary"
"no-magic-numbers","eslint",3,"BestPractices,JavaScript","scripts/verify/audit.mjs",163,27,163,28,"No magic number: 0.","https://eslint.org/docs/latest/rules/no-magic-numbers"
"no-magic-numbers","eslint",3,"BestPractices,JavaScript","scripts/verify/audit.mjs",163,31,163,32,"No magic number: 1.","https://eslint.org/docs/latest/rules/no-magic-numbers"
"capitalized-comments","eslint",3,"BestPractices,JavaScript,TypeScript,Fixable","scripts/verify/audit.mjs",167,1,167,78,"Comments should not begin with a lowercase character.","https://eslint.org/docs/latest/rules/capitalized-comments"
"no-magic-numbers","eslint",3,"BestPractices,JavaScript","scripts/verify/audit.mjs",168,52,168,53,"No magic number: 1.","https://eslint.org/docs/latest/rules/no-magic-numbers"
"sort-imports","eslint",3,"BestPractices,JavaScript,TypeScript,Fixable","scripts/verify/check-commands.mjs",16,1,16,37,"Imports should be sorted alphabetically.","https://eslint.org/docs/latest/rules/sort-imports"
"one-var","eslint",3,"BestPractices,JavaScript,TypeScript,Fixable","scripts/verify/check-commands.mjs",19,1,19,45,"Combine this with the previous 'const' statement.","https://eslint.org/docs/latest/rules/one-var"
"one-var","eslint",3,"BestPractices,JavaScript,TypeScript,Fixable","scripts/verify/check-commands.mjs",21,1,21,64,"Combine this with the previous 'const' statement.","https://eslint.org/docs/latest/rules/one-var"
"no-console","eslint",3,"BestPractices,JavaScript,TypeScript","scripts/verify/check-commands.mjs",23,3,23,16,"Unexpected console statement.","https://eslint.org/docs/latest/rules/no-console"
"@lwc/lwc-platform/no-process-env","eslint",3,"Recommended,LWC,BestPractices,JavaScript","scripts/verify/check-commands.mjs",24,3,24,15,"Usage of `process.exit` is not allowed",
"no-magic-numbers","eslint",3,"BestPractices,JavaScript","scripts/verify/check-commands.mjs",24,16,24,17,"No magic number: 2.","https://eslint.org/docs/latest/rules/no-magic-numbers"
"one-var","eslint",3,"BestPractices,JavaScript,TypeScript,Fixable","scripts/verify/check-commands.mjs",26,1,26,68,"Combine this with the previous 'const' statement.","https://eslint.org/docs/latest/rules/one-var"
"one-var","eslint",3,"BestPractices,JavaScript,TypeScript,Fixable","scripts/verify/check-commands.mjs",28,1,28,26,"Combine this with the previous 'const' statement.","https://eslint.org/docs/latest/rules/one-var"
"no-magic-numbers","eslint",3,"BestPractices,JavaScript","scripts/verify/check-commands.mjs",38,21,38,22,"No magic number: 0.","https://eslint.org/docs/latest/rules/no-magic-numbers"
"no-console","eslint",3,"BestPractices,JavaScript,TypeScript","scripts/verify/check-commands.mjs",39,3,39,14,"Unexpected console statement.","https://eslint.org/docs/latest/rules/no-console"
"@lwc/lwc-platform/no-process-env","eslint",3,"Recommended,LWC,BestPractices,JavaScript","scripts/verify/check-commands.mjs",40,3,40,15,"Usage of `process.exit` is not allowed",
"no-magic-numbers","eslint",3,"BestPractices,JavaScript","scripts/verify/check-commands.mjs",40,16,40,17,"No magic number: 0.","https://eslint.org/docs/latest/rules/no-magic-numbers"
"one-var","eslint",3,"BestPractices,JavaScript,TypeScript,Fixable","scripts/verify/check-commands.mjs",43,1,47,4,"Combine this with the previous 'const' statement.","https://eslint.org/docs/latest/rules/one-var"
"@lwc/lwc-platform/no-process-env","eslint",3,"Recommended,LWC,BestPractices,JavaScript","scripts/verify/check-commands.mjs",45,10,45,26,"Usage of `process.platform` is not allowed",
"sort-keys","eslint",3,"BestPractices,JavaScript,TypeScript","scripts/verify/check-commands.mjs",46,3,46,12,"Expected object keys to be in ascending order. 'maxBuffer' should be before 'shell'.","https://eslint.org/docs/latest/rules/sort-keys"
"no-magic-numbers","eslint",3,"BestPractices,JavaScript","scripts/verify/check-commands.mjs",46,14,46,16,"No magic number: 64.","https://eslint.org/docs/latest/rules/no-magic-numbers"
"no-magic-numbers","eslint",3,"BestPractices,JavaScript","scripts/verify/check-commands.mjs",46,19,46,23,"No magic number: 1024.","https://eslint.org/docs/latest/rules/no-magic-numbers"
"no-magic-numbers","eslint",3,"BestPractices,JavaScript","scripts/verify/check-commands.mjs",46,26,46,30,"No magic number: 1024.","https://eslint.org/docs/latest/rules/no-magic-numbers"
"one-var","eslint",3,"BestPractices,JavaScript,TypeScript,Fixable","scripts/verify/check-commands.mjs",49,1,49,72,"Combine this with the previous 'const' statement.","https://eslint.org/docs/latest/rules/one-var"
"no-magic-numbers","eslint",3,"BestPractices,JavaScript","scripts/verify/check-commands.mjs",50,24,50,25,"No magic number: 0.","https://eslint.org/docs/latest/rules/no-magic-numbers"
"require-unicode-regexp","eslint",3,"BestPractices,JavaScript,TypeScript","scripts/verify/check-commands.mjs",50,29,50,45,"Use the 'u' flag.","https://eslint.org/docs/latest/rules/require-unicode-regexp"
"no-console","eslint",3,"BestPractices,JavaScript,TypeScript","scripts/verify/check-commands.mjs",51,3,51,16,"Unexpected console statement.","https://eslint.org/docs/latest/rules/no-console"
"no-console","eslint",3,"BestPractices,JavaScript,TypeScript","scripts/verify/check-commands.mjs",52,3,52,16,"Unexpected console statement.","https://eslint.org/docs/latest/rules/no-console"
"no-magic-numbers","eslint",3,"BestPractices,JavaScript","scripts/verify/check-commands.mjs",52,37,52,38,"No magic number: 0.","https://eslint.org/docs/latest/rules/no-magic-numbers"
"no-magic-numbers","eslint",3,"BestPractices,JavaScript","scripts/verify/check-commands.mjs",52,40,52,44,"No magic number: 1500.","https://eslint.org/docs/latest/rules/no-magic-numbers"
"require-unicode-regexp","eslint",3,"BestPractices,JavaScript,TypeScript","scripts/verify/check-commands.mjs",53,7,53,23,"Use the 'u' flag.","https://eslint.org/docs/latest/rules/require-unicode-regexp"
"no-console","eslint",3,"BestPractices,JavaScript,TypeScript","scripts/verify/check-commands.mjs",54,5,54,18,"Unexpected console statement.","https://eslint.org/docs/latest/rules/no-console"
"no-console","eslint",3,"BestPractices,JavaScript,TypeScript","scripts/verify/check-commands.mjs",55,5,55,18,"Unexpected console statement.","https://eslint.org/docs/latest/rules/no-console"
"no-template-curly-in-string","eslint",2,"ErrorProne,JavaScript,TypeScript","scripts/verify/check-commands.mjs",55,19,55,100,"Unexpected template string expression.","https://eslint.org/docs/latest/rules/no-template-curly-in-string"
"no-console","eslint",3,"BestPractices,JavaScript,TypeScript","scripts/verify/check-commands.mjs",56,5,56,18,"Unexpected console statement.","https://eslint.org/docs/latest/rules/no-console"
"no-console","eslint",3,"BestPractices,JavaScript,TypeScript","scripts/verify/check-commands.mjs",57,5,57,18,"Unexpected console statement.","https://eslint.org/docs/latest/rules/no-console"
"@lwc/lwc-platform/no-process-env","eslint",3,"Recommended,LWC,BestPractices,JavaScript","scripts/verify/check-commands.mjs",59,3,59,15,"Usage of `process.exit` is not allowed",
"no-magic-numbers","eslint",3,"BestPractices,JavaScript","scripts/verify/check-commands.mjs",59,16,59,17,"No magic number: 2.","https://eslint.org/docs/latest/rules/no-magic-numbers"
"init-declarations","eslint",3,"BestPractices,JavaScript","scripts/verify/check-commands.mjs",62,5,62,14,"Variable 'available' should be initialized on declaration.","https://eslint.org/docs/latest/rules/init-declarations"
"one-var","eslint",3,"BestPractices,JavaScript,TypeScript,Fixable","scripts/verify/check-commands.mjs",65,3,65,69,"Combine this with the previous 'const' statement.","https://eslint.org/docs/latest/rules/one-var"
"no-ternary","eslint",3,"BestPractices,JavaScript,TypeScript","scripts/verify/check-commands.mjs",65,16,65,68,"Ternary operator used.","https://eslint.org/docs/latest/rules/no-ternary"
"require-unicode-regexp","eslint",3,"BestPractices,JavaScript,TypeScript","scripts/verify/check-commands.mjs",66,70,66,76,"Use the 'u' flag.","https://eslint.org/docs/latest/rules/require-unicode-regexp"
"no-console","eslint",3,"BestPractices,JavaScript,TypeScript","scripts/verify/check-commands.mjs",68,3,68,16,"Unexpected console statement.","https://eslint.org/docs/latest/rules/no-console"
"@lwc/lwc-platform/no-process-env","eslint",3,"Recommended,LWC,BestPractices,JavaScript","scripts/verify/check-commands.mjs",69,3,69,15,"Usage of `process.exit` is not allowed",
"no-magic-numbers","eslint",3,"BestPractices,JavaScript","scripts/verify/check-commands.mjs",69,16,69,17,"No magic number: 2.","https://eslint.org/docs/latest/rules/no-magic-numbers"
"one-var","eslint",3,"BestPractices,JavaScript,TypeScript,Fixable","scripts/verify/check-commands.mjs",72,1,72,20,"Combine this with the previous 'const' statement.","https://eslint.org/docs/latest/rules/one-var"
"capitalized-comments","eslint",3,"BestPractices,JavaScript,TypeScript,Fixable","scripts/verify/check-commands.mjs",74,3,74,70,"Comments should not begin with a lowercase character.","https://eslint.org/docs/latest/rules/capitalized-comments"
"require-unicode-regexp","eslint",3,"BestPractices,JavaScript,TypeScript","scripts/verify/check-commands.mjs",75,38,75,44,"Use the 'u' flag.","https://eslint.org/docs/latest/rules/require-unicode-regexp"
"require-unicode-regexp","eslint",3,"BestPractices,JavaScript,TypeScript","scripts/verify/check-commands.mjs",76,69,76,73,"Use the 'u' flag.","https://eslint.org/docs/latest/rules/require-unicode-regexp"
"no-continue","eslint",3,"BestPractices,JavaScript,TypeScript","scripts/verify/check-commands.mjs",77,5,77,14,"Unexpected use of continue statement.","https://eslint.org/docs/latest/rules/no-continue"
"no-console","eslint",3,"BestPractices,JavaScript,TypeScript","scripts/verify/check-commands.mjs",82,1,82,12,"Unexpected console statement.","https://eslint.org/docs/latest/rules/no-console"
"no-magic-numbers","eslint",3,"BestPractices,JavaScript","scripts/verify/check-commands.mjs",84,24,84,25,"No magic number: 0.","https://eslint.org/docs/latest/rules/no-magic-numbers"
"no-console","eslint",3,"BestPractices,JavaScript,TypeScript","scripts/verify/check-commands.mjs",85,3,85,14,"Unexpected console statement.","https://eslint.org/docs/latest/rules/no-console"
"@lwc/lwc-platform/no-process-env","eslint",3,"Recommended,LWC,BestPractices,JavaScript","scripts/verify/check-commands.mjs",86,3,86,15,"Usage of `process.exit` is not allowed",
"no-magic-numbers","eslint",3,"BestPractices,JavaScript","scripts/verify/check-commands.mjs",86,16,86,17,"No magic number: 0.","https://eslint.org/docs/latest/rules/no-magic-numbers"
"no-console","eslint",3,"BestPractices,JavaScript,TypeScript","scripts/verify/check-commands.mjs",89,1,89,14,"Unexpected console statement.","https://eslint.org/docs/latest/rules/no-console"
"no-console","eslint",3,"BestPractices,JavaScript,TypeScript","scripts/verify/check-commands.mjs",91,3,91,16,"Unexpected console statement.","https://eslint.org/docs/latest/rules/no-console"
"no-console","eslint",3,"BestPractices,JavaScript,TypeScript","scripts/verify/check-commands.mjs",92,3,92,16,"Unexpected console statement.","https://eslint.org/docs/latest/rules/no-console"
"no-console","eslint",3,"BestPractices,JavaScript,TypeScript","scripts/verify/check-commands.mjs",94,1,94,14,"Unexpected console statement.","https://eslint.org/docs/latest/rules/no-console"
"@lwc/lwc-platform/no-process-env","eslint",3,"Recommended,LWC,BestPractices,JavaScript","scripts/verify/check-commands.mjs",95,1,95,13,"Usage of `process.exit` is not allowed",
"no-magic-numbers","eslint",3,"BestPractices,JavaScript","scripts/verify/check-commands.mjs",95,14,95,15,"No magic number: 1.","https://eslint.org/docs/latest/rules/no-magic-numbers"
"sort-imports","eslint",3,"BestPractices,JavaScript,TypeScript,Fixable","scripts/verify/check-links.mjs",14,1,14,37,"Imports should be sorted alphabetically.","https://eslint.org/docs/latest/rules/sort-imports"
"one-var","eslint",3,"BestPractices,JavaScript,TypeScript,Fixable","scripts/verify/check-links.mjs",17,1,17,45,"Combine this with the previous 'const' statement.","https://eslint.org/docs/latest/rules/one-var"
"one-var","eslint",3,"BestPractices,JavaScript,TypeScript,Fixable","scripts/verify/check-links.mjs",18,1,18,56,"Combine this with the previous 'const' statement.","https://eslint.org/docs/latest/rules/one-var"
"@lwc/lwc-platform/no-process-env","eslint",3,"Recommended,LWC,BestPractices,JavaScript","scripts/verify/check-links.mjs",18,19,18,31,"Usage of `process.argv.includes` is not allowed",
"capitalized-comments","eslint",3,"BestPractices,JavaScript,TypeScript,Fixable","scripts/verify/check-links.mjs",21,1,21,65,"Comments should not begin with a lowercase character.","https://eslint.org/docs/latest/rules/capitalized-comments"
"one-var","eslint",3,"BestPractices,JavaScript,TypeScript,Fixable","scripts/verify/check-links.mjs",22,1,22,70,"Combine this with the previous 'const' statement.","https://eslint.org/docs/latest/rules/one-var"
"capitalized-comments","eslint",3,"BestPractices,JavaScript,TypeScript,Fixable","scripts/verify/check-links.mjs",25,1,25,82,"Comments should not begin with a lowercase character.","https://eslint.org/docs/latest/rules/capitalized-comments"
"capitalized-comments","eslint",3,"BestPractices,JavaScript,TypeScript,Fixable","scripts/verify/check-links.mjs",26,1,26,69,"Comments should not begin with a lowercase character.","https://eslint.org/docs/latest/rules/capitalized-comments"
"one-var","eslint",3,"BestPractices,JavaScript,TypeScript,Fixable","scripts/verify/check-links.mjs",27,1,27,145,"Combine this with the previous 'const' statement.","https://eslint.org/docs/latest/rules/one-var"
"require-unicode-regexp","eslint",3,"BestPractices,JavaScript,TypeScript","scripts/verify/check-links.mjs",27,22,27,63,"Use the 'u' flag.","https://eslint.org/docs/latest/rules/require-unicode-regexp"
"require-unicode-regexp","eslint",3,"BestPractices,JavaScript,TypeScript","scripts/verify/check-links.mjs",27,65,27,100,"Use the 'u' flag.","https://eslint.org/docs/latest/rules/require-unicode-regexp"
"require-unicode-regexp","eslint",3,"BestPractices,JavaScript,TypeScript","scripts/verify/check-links.mjs",27,102,27,143,"Use the 'u' flag.","https://eslint.org/docs/latest/rules/require-unicode-regexp"
"func-style","eslint",3,"BestPractices,JavaScript,TypeScript","scripts/verify/check-links.mjs",29,1,42,2,"Expected a function expression.","https://eslint.org/docs/latest/rules/func-style"
"one-var","eslint",3,"BestPractices,JavaScript,TypeScript,Fixable","scripts/verify/check-links.mjs",44,1,44,118,"Combine this with the previous 'const' statement.","https://eslint.org/docs/latest/rules/one-var"
"one-var","eslint",3,"BestPractices,JavaScript,TypeScript,Fixable","scripts/verify/check-links.mjs",46,1,46,28,"Combine this with the previous 'const' statement.","https://eslint.org/docs/latest/rules/one-var"
"one-var","eslint",3,"BestPractices,JavaScript,TypeScript,Fixable","scripts/verify/check-links.mjs",47,1,47,29,"Combine this with the previous 'const' statement.","https://eslint.org/docs/latest/rules/one-var"
"one-var","eslint",3,"BestPractices,JavaScript,TypeScript,Fixable","scripts/verify/check-links.mjs",51,3,51,61,"Combine this with the previous 'const' statement.","https://eslint.org/docs/latest/rules/one-var"
"require-unicode-regexp","eslint",3,"BestPractices,JavaScript,TypeScript","scripts/verify/check-links.mjs",51,49,51,54,"Use the 'u' flag.","https://eslint.org/docs/latest/rules/require-unicode-regexp"
"prefer-named-capture-group","eslint",3,"BestPractices,JavaScript,TypeScript","scripts/verify/check-links.mjs",52,37,52,78,"Capture group '([^)\s]+)' should be converted to a named or non-capturing group.","https://eslint.org/docs/latest/rules/prefer-named-capture-group"
"require-unicode-regexp","eslint",3,"BestPractices,JavaScript,TypeScript","scripts/verify/check-links.mjs",52,37,52,78,"Use the 'u' flag.","https://eslint.org/docs/latest/rules/require-unicode-regexp"
"prefer-destructuring","eslint",3,"BestPractices,JavaScript,Fixable","scripts/verify/check-links.mjs",53,11,53,28,"Use array destructuring.","https://eslint.org/docs/latest/rules/prefer-destructuring"
"no-magic-numbers","eslint",3,"BestPractices,JavaScript","scripts/verify/check-links.mjs",53,26,53,27,"No magic number: 1.","https://eslint.org/docs/latest/rules/no-magic-numbers"
"no-continue","eslint",3,"BestPractices,JavaScript,TypeScript","scripts/verify/check-links.mjs",55,7,55,16,"Unexpected use of continue statement.","https://eslint.org/docs/latest/rules/no-continue"
"require-unicode-regexp","eslint",3,"BestPractices,JavaScript,TypeScript","scripts/verify/check-links.mjs",57,9,57,23,"Use the 'u' flag.","https://eslint.org/docs/latest/rules/require-unicode-regexp"
"no-continue","eslint",3,"BestPractices,JavaScript,TypeScript","scripts/verify/check-links.mjs",59,9,59,18,"Unexpected use of continue statement.","https://eslint.org/docs/latest/rules/no-continue"
"require-unicode-regexp","eslint",3,"BestPractices,JavaScript,TypeScript","scripts/verify/check-links.mjs",61,34,61,41,"Use the 'u' flag.","https://eslint.org/docs/latest/rules/require-unicode-regexp"
"no-continue","eslint",3,"BestPractices,JavaScript,TypeScript","scripts/verify/check-links.mjs",66,7,66,16,"Unexpected use of continue statement.","https://eslint.org/docs/latest/rules/no-continue"
"one-var","eslint",3,"BestPractices,JavaScript,TypeScript,Fixable","scripts/verify/check-links.mjs",69,5,69,40,"Combine this with the previous 'const' statement.","https://eslint.org/docs/latest/rules/one-var"
"prefer-destructuring","eslint",3,"BestPractices,JavaScript,Fixable","scripts/verify/check-links.mjs",69,11,69,39,"Use array destructuring.","https://eslint.org/docs/latest/rules/prefer-destructuring"
"no-magic-numbers","eslint",3,"BestPractices,JavaScript","scripts/verify/check-links.mjs",69,37,69,38,"No magic number: 0.","https://eslint.org/docs/latest/rules/no-magic-numbers"
"no-continue","eslint",3,"BestPractices,JavaScript,TypeScript","scripts/verify/check-links.mjs",71,7,71,16,"Unexpected use of continue statement.","https://eslint.org/docs/latest/rules/no-continue"
"one-var","eslint",3,"BestPractices,JavaScript,TypeScript,Fixable","scripts/verify/check-links.mjs",73,5,73,62,"Combine this with the previous 'const' statement.","https://eslint.org/docs/latest/rules/one-var"
"no-console","eslint",3,"BestPractices,JavaScript,TypeScript","scripts/verify/check-links.mjs",80,1,80,12,"Unexpected console statement.","https://eslint.org/docs/latest/rules/no-console"
"func-style","eslint",3,"BestPractices,JavaScript,TypeScript","scripts/verify/check-links.mjs",82,1,105,2,"Expected a function expression.","https://eslint.org/docs/latest/rules/func-style"
"no-await-in-loop","eslint",2,"ErrorProne,JavaScript,TypeScript","scripts/verify/check-links.mjs",85,24,90,9,"Unexpected `await` inside a loop.","https://eslint.org/docs/latest/rules/no-await-in-loop"
"sort-keys","eslint",3,"BestPractices,JavaScript,TypeScript","scripts/verify/check-links.mjs",88,9,88,16,"Expected object keys to be in ascending order. 'headers' should be before 'redirect'.","https://eslint.org/docs/latest/rules/sort-keys"
"no-magic-numbers","eslint",3,"BestPractices,JavaScript","scripts/verify/check-links.mjs",89,37,89,42,"No magic number: 20000.","https://eslint.org/docs/latest/rules/no-magic-numbers"
"no-ternary","eslint",3,"BestPractices,JavaScript,TypeScript","scripts/verify/check-links.mjs",100,37,100,94,"Ternary operator used.","https://eslint.org/docs/latest/rules/no-ternary"
"one-var","eslint",3,"BestPractices,JavaScript,TypeScript,Fixable","scripts/verify/check-links.mjs",107,1,107,42,"Combine this with the previous 'const' statement.","https://eslint.org/docs/latest/rules/one-var"
"one-var","eslint",3,"BestPractices,JavaScript,TypeScript,Fixable","scripts/verify/check-links.mjs",108,1,108,19,"Combine this with the previous 'const' statement.","https://eslint.org/docs/latest/rules/one-var"
"one-var","eslint",3,"BestPractices,JavaScript,TypeScript,Fixable","scripts/verify/check-links.mjs",109,1,109,25,"Combine this with the previous 'const' statement.","https://eslint.org/docs/latest/rules/one-var"
"one-var","eslint",3,"BestPractices,JavaScript,TypeScript,Fixable","scripts/verify/check-links.mjs",110,1,110,17,"Combine this with the previous 'const' statement.","https://eslint.org/docs/latest/rules/one-var"
"id-length","eslint",3,"BestPractices,JavaScript,TypeScript","scripts/verify/check-links.mjs",111,10,111,11,"Identifier name 'i' is too short (< 2).","https://eslint.org/docs/latest/rules/id-length"
"one-var","eslint",3,"BestPractices,JavaScript,TypeScript,Fixable","scripts/verify/check-links.mjs",113,3,113,68,"Combine this with the previous 'const' statement.","https://eslint.org/docs/latest/rules/one-var"
"no-await-in-loop","eslint",2,"ErrorProne,JavaScript,TypeScript","scripts/verify/check-links.mjs",113,19,113,67,"Unexpected `await` inside a loop.","https://eslint.org/docs/latest/rules/no-await-in-loop"
"sort-keys","eslint",3,"BestPractices,JavaScript,TypeScript","scripts/verify/check-links.mjs",119,32,119,38,"Expected object keys to be in ascending order. 'status' should be before 'url'.","https://eslint.org/docs/latest/rules/sort-keys"
"sort-keys","eslint",3,"BestPractices,JavaScript,TypeScript","scripts/verify/check-links.mjs",122,24,122,30,"Expected object keys to be in ascending order. 'status' should be before 'url'.","https://eslint.org/docs/latest/rules/sort-keys"
"@lwc/lwc-platform/no-process-env","eslint",3,"Recommended,LWC,BestPractices,JavaScript","scripts/verify/check-links.mjs",124,3,124,17,"Usage of `process.stdout.write` is not allowed",
"no-console","eslint",3,"BestPractices,JavaScript,TypeScript","scripts/verify/check-links.mjs",126,1,126,12,"Unexpected console statement.","https://eslint.org/docs/latest/rules/no-console"
"no-magic-numbers","eslint",3,"BestPractices,JavaScript","scripts/verify/check-links.mjs",130,31,130,32,"No magic number: 0.","https://eslint.org/docs/latest/rules/no-magic-numbers"
"no-console","eslint",3,"BestPractices,JavaScript,TypeScript","scripts/verify/check-links.mjs",132,3,132,16,"Unexpected console statement.","https://eslint.org/docs/latest/rules/no-console"
"no-console","eslint",3,"BestPractices,JavaScript,TypeScript","scripts/verify/check-links.mjs",133,38,133,51,"Unexpected console statement.","https://eslint.org/docs/latest/rules/no-console"
"no-magic-numbers","eslint",3,"BestPractices,JavaScript","scripts/verify/check-links.mjs",136,21,136,22,"No magic number: 0.","https://eslint.org/docs/latest/rules/no-magic-numbers"
"no-console","eslint",3,"BestPractices,JavaScript,TypeScript","scripts/verify/check-links.mjs",138,3,138,16,"Unexpected console statement.","https://eslint.org/docs/latest/rules/no-console"
"no-console","eslint",3,"BestPractices,JavaScript,TypeScript","scripts/verify/check-links.mjs",140,5,140,18,"Unexpected console statement.","https://eslint.org/docs/latest/rules/no-console"
"no-magic-numbers","eslint",3,"BestPractices,JavaScript","scripts/verify/check-links.mjs",141,23,141,24,"No magic number: 0.","https://eslint.org/docs/latest/rules/no-magic-numbers"
"no-magic-numbers","eslint",3,"BestPractices,JavaScript","scripts/verify/check-links.mjs",141,26,141,27,"No magic number: 4.","https://eslint.org/docs/latest/rules/no-magic-numbers"
"no-console","eslint",3,"BestPractices,JavaScript,TypeScript","scripts/verify/check-links.mjs",141,47,141,60,"Unexpected console statement.","https://eslint.org/docs/latest/rules/no-console"
"no-magic-numbers","eslint",3,"BestPractices,JavaScript","scripts/verify/check-links.mjs",145,27,145,28,"No magic number: 0.","https://eslint.org/docs/latest/rules/no-magic-numbers"
"no-console","eslint",3,"BestPractices,JavaScript,TypeScript","scripts/verify/check-links.mjs",146,3,146,14,"Unexpected console statement.","https://eslint.org/docs/latest/rules/no-console"
"no-console","eslint",3,"BestPractices,JavaScript,TypeScript","scripts/verify/check-links.mjs",148,34,148,45,"Unexpected console statement.","https://eslint.org/docs/latest/rules/no-console"
"no-console","eslint",3,"BestPractices,JavaScript,TypeScript","scripts/verify/check-links.mjs",149,3,149,14,"Unexpected console statement.","https://eslint.org/docs/latest/rules/no-console"
"no-console","eslint",3,"BestPractices,JavaScript,TypeScript","scripts/verify/check-links.mjs",153,3,153,14,"Unexpected console statement.","https://eslint.org/docs/latest/rules/no-console"
"@lwc/lwc-platform/no-process-env","eslint",3,"Recommended,LWC,BestPractices,JavaScript","scripts/verify/check-links.mjs",154,3,154,15,"Usage of `process.exit` is not allowed",
"no-magic-numbers","eslint",3,"BestPractices,JavaScript","scripts/verify/check-links.mjs",154,16,154,17,"No magic number: 0.","https://eslint.org/docs/latest/rules/no-magic-numbers"
"@lwc/lwc-platform/no-process-env","eslint",3,"Recommended,LWC,BestPractices,JavaScript","scripts/verify/check-links.mjs",157,1,157,13,"Usage of `process.exit` is not allowed",
"no-ternary","eslint",3,"BestPractices,JavaScript,TypeScript","scripts/verify/check-links.mjs",157,14,157,31,"Ternary operator used.","https://eslint.org/docs/latest/rules/no-ternary"
"no-magic-numbers","eslint",3,"BestPractices,JavaScript","scripts/verify/check-links.mjs",157,26,157,27,"No magic number: 0.","https://eslint.org/docs/latest/rules/no-magic-numbers"
"no-magic-numbers","eslint",3,"BestPractices,JavaScript","scripts/verify/check-links.mjs",157,30,157,31,"No magic number: 1.","https://eslint.org/docs/latest/rules/no-magic-numbers"
"sort-imports","eslint",3,"BestPractices,JavaScript,TypeScript,Fixable","scripts/verify/check.mjs",12,1,12,120,"Expected 'multiple' syntax before 'single' syntax.","https://eslint.org/docs/latest/rules/sort-imports"
"sort-imports","eslint",3,"BestPractices,JavaScript,TypeScript,Fixable","scripts/verify/check.mjs",12,26,12,30,"Member 'info' of the import declaration should be sorted alphabetically.","https://eslint.org/docs/latest/rules/sort-imports"
"sort-imports","eslint",3,"BestPractices,JavaScript,TypeScript,Fixable","scripts/verify/check.mjs",13,38,13,46,"Member 'findRule' of the import declaration should be sorted alphabetically.","https://eslint.org/docs/latest/rules/sort-imports"
"func-style","eslint",3,"BestPractices,JavaScript,TypeScript","scripts/verify/check.mjs",15,8,18,2,"Expected a function expression.","https://eslint.org/docs/latest/rules/func-style"
"prefer-template","eslint",3,"BestPractices,JavaScript,TypeScript,Fixable","scripts/verify/check.mjs",16,17,16,60,"Unexpected string concatenation.","https://eslint.org/docs/latest/rules/prefer-template"
"no-magic-numbers","eslint",3,"BestPractices,JavaScript","scripts/verify/check.mjs",16,48,16,49,"No magic number: 0.","https://eslint.org/docs/latest/rules/no-magic-numbers"
"no-magic-numbers","eslint",3,"BestPractices,JavaScript","scripts/verify/check.mjs",16,51,16,53,"No magic number: 16.","https://eslint.org/docs/latest/rules/no-magic-numbers"
"func-style","eslint",3,"BestPractices,JavaScript,TypeScript","scripts/verify/check.mjs",20,8,30,2,"Expected a function expression.","https://eslint.org/docs/latest/rules/func-style"
"init-declarations","eslint",3,"BestPractices,JavaScript","scripts/verify/check.mjs",22,9,22,15,"Variable 'result' should be initialized on declaration.","https://eslint.org/docs/latest/rules/init-declarations"
"sort-keys","eslint",3,"BestPractices,JavaScript,TypeScript","scripts/verify/check.mjs",26,29,26,35,"Expected object keys to be in ascending order. 'detail' should be before 'ok'.","https://eslint.org/docs/latest/rules/sort-keys"
"func-style","eslint",3,"BestPractices,JavaScript,TypeScript","scripts/verify/check.mjs",32,8,56,2,"Expected a function expression.","https://eslint.org/docs/latest/rules/func-style"
"max-params","eslint",3,"BestPractices,JavaScript","scripts/verify/check.mjs",32,8,32,29,"Function 'printResults' has too many parameters (4). Maximum allowed is 3.","https://eslint.org/docs/latest/rules/max-params"
"max-statements","eslint",3,"BestPractices,JavaScript,TypeScript","scripts/verify/check.mjs",32,8,56,2,"Function 'printResults' has too many statements (17). Maximum allowed is 10.","https://eslint.org/docs/latest/rules/max-statements"
"id-length","eslint",3,"BestPractices,JavaScript,TypeScript","scripts/verify/check.mjs",34,14,34,15,"Identifier name 'r' is too short (< 2).","https://eslint.org/docs/latest/rules/id-length"
"no-plusplus","eslint",3,"BestPractices,JavaScript,TypeScript","scripts/verify/check.mjs",37,7,37,15,"Unary operator '++' used.","https://eslint.org/docs/latest/rules/no-plusplus"
"no-console","eslint",3,"BestPractices,JavaScript,TypeScript","scripts/verify/check.mjs",44,9,44,20,"Unexpected console statement.","https://eslint.org/docs/latest/rules/no-console"
"sort-keys","eslint",3,"BestPractices,JavaScript,TypeScript","scripts/verify/check.mjs",45,46,45,48,"Expected object keys to be in ascending order. 'at' should be before 'line'.","https://eslint.org/docs/latest/rules/sort-keys"
"max-statements","eslint",3,"BestPractices,JavaScript,TypeScript","scripts/verify/check.mjs",58,16,100,2,"Async function 'main' has too many statements (30). Maximum allowed is 10.","https://eslint.org/docs/latest/rules/max-statements"
"require-await","eslint",3,"BestPractices,JavaScript","scripts/verify/check.mjs",58,16,58,35,"Async function 'main' has no 'await' expression.","https://eslint.org/docs/latest/rules/require-await"
"no-magic-numbers","eslint",3,"BestPractices,JavaScript","scripts/verify/check.mjs",60,43,60,44,"No magic number: 1.","https://eslint.org/docs/latest/rules/no-magic-numbers"
"no-magic-numbers","eslint",3,"BestPractices,JavaScript","scripts/verify/check.mjs",60,56,60,57,"No magic number: 3.","https://eslint.org/docs/latest/rules/no-magic-numbers"
"@lwc/lwc-platform/no-process-env","eslint",3,"Recommended,LWC,BestPractices,JavaScript","scripts/verify/check.mjs",62,5,62,17,"Usage of `process.exit` is not allowed",
"no-magic-numbers","eslint",3,"BestPractices,JavaScript","scripts/verify/check.mjs",62,18,62,19,"No magic number: 1.","https://eslint.org/docs/latest/rules/no-magic-numbers"
"one-var","eslint",3,"BestPractices,JavaScript,TypeScript,Fixable","scripts/verify/check.mjs",64,3,64,77,"Combine this with the previous 'const' statement.","https://eslint.org/docs/latest/rules/one-var"
"no-ternary","eslint",3,"BestPractices,JavaScript,TypeScript","scripts/verify/check.mjs",64,15,64,76,"Ternary operator used.","https://eslint.org/docs/latest/rules/no-ternary"
"no-undefined","eslint",3,"BestPractices,JavaScript,TypeScript","scripts/verify/check.mjs",64,28,64,37,"Unexpected use of undefined.","https://eslint.org/docs/latest/rules/no-undefined"
"one-var","eslint",3,"BestPractices,JavaScript,TypeScript,Fixable","scripts/verify/check.mjs",66,3,66,45,"Combine this with the previous 'const' statement.","https://eslint.org/docs/latest/rules/one-var"
"one-var","eslint",3,"BestPractices,JavaScript,TypeScript,Fixable","scripts/verify/check.mjs",67,3,67,33,"Combine this with the previous 'const' statement.","https://eslint.org/docs/latest/rules/one-var"
"one-var","eslint",3,"BestPractices,JavaScript,TypeScript,Fixable","scripts/verify/check.mjs",68,3,68,72,"Combine this with the previous 'const' statement.","https://eslint.org/docs/latest/rules/one-var"
"init-declarations","eslint",3,"BestPractices,JavaScript","scripts/verify/check.mjs",70,7,70,12,"Variable 'rules' should be initialized on declaration.","https://eslint.org/docs/latest/rules/init-declarations"
"@lwc/lwc-platform/no-process-env","eslint",3,"Recommended,LWC,BestPractices,JavaScript","scripts/verify/check.mjs",78,7,78,19,"Usage of `process.exit` is not allowed",
"no-magic-numbers","eslint",3,"BestPractices,JavaScript","scripts/verify/check.mjs",78,20,78,21,"No magic number: 1.","https://eslint.org/docs/latest/rules/no-magic-numbers"
"one-var","eslint",3,"BestPractices,JavaScript,TypeScript,Fixable","scripts/verify/check.mjs",84,3,84,40,"Combine this with the previous 'const' statement.","https://eslint.org/docs/latest/rules/one-var"
"one-var","eslint",3,"BestPractices,JavaScript,TypeScript,Fixable","scripts/verify/check.mjs",85,3,85,74,"Combine this with the previous 'const' statement.","https://eslint.org/docs/latest/rules/one-var"
"no-console","eslint",3,"BestPractices,JavaScript,TypeScript","scripts/verify/check.mjs",87,3,87,14,"Unexpected console statement.","https://eslint.org/docs/latest/rules/no-console"
"@lwc/lwc-platform/no-process-env","eslint",3,"Recommended,LWC,BestPractices,JavaScript","scripts/verify/check.mjs",98,5,98,21,"Usage of `process.exitCode` is not allowed",
"capitalized-comments","eslint",3,"BestPractices,JavaScript,TypeScript,Fixable","scripts/verify/check.mjs",104,1,104,70,"Comments should not begin with a lowercase character.","https://eslint.org/docs/latest/rules/capitalized-comments"
"no-magic-numbers","eslint",3,"BestPractices,JavaScript","scripts/verify/check.mjs",105,52,105,53,"No magic number: 1.","https://eslint.org/docs/latest/rules/no-magic-numbers"
"@lwc/lwc-platform/no-process-env","eslint",3,"Recommended,LWC,BestPractices,JavaScript","scripts/verify/check.mjs",106,18,106,30,"Usage of `process.argv.slice` is not allowed",
"no-magic-numbers","eslint",3,"BestPractices,JavaScript","scripts/verify/check.mjs",106,37,106,38,"No magic number: 2.","https://eslint.org/docs/latest/rules/no-magic-numbers"
"func-style","eslint",3,"BestPractices,JavaScript,TypeScript","scripts/verify/rules.mjs",22,8,79,2,"Expected a function expression.","https://eslint.org/docs/latest/rules/func-style"
"max-lines-per-function","eslint",3,"BestPractices,JavaScript,TypeScript","scripts/verify/rules.mjs",22,8,79,2,"Function 'makeContext' has too many lines (58). Maximum allowed is 50.","https://eslint.org/docs/latest/rules/max-lines-per-function"
"one-var","eslint",3,"BestPractices,JavaScript,TypeScript,Fixable","scripts/verify/rules.mjs",27,3,30,22,"Combine this with the previous 'const' statement.","https://eslint.org/docs/latest/rules/one-var"
"id-length","eslint",3,"BestPractices,JavaScript,TypeScript","scripts/verify/rules.mjs",29,11,29,12,"Identifier name 'b' is too short (< 2).","https://eslint.org/docs/latest/rules/id-length"
"require-unicode-regexp","eslint",3,"BestPractices,JavaScript,TypeScript","scripts/verify/rules.mjs",29,27,29,38,"Use the 'u' flag.","https://eslint.org/docs/latest/rules/require-unicode-regexp"
"one-var","eslint",3,"BestPractices,JavaScript,TypeScript,Fixable","scripts/verify/rules.mjs",32,3,32,27,"Combine this with the previous 'const' statement.","https://eslint.org/docs/latest/rules/one-var"
"one-var","eslint",3,"BestPractices,JavaScript,TypeScript,Fixable","scripts/verify/rules.mjs",34,3,55,5,"Combine this with the previous 'const' statement.","https://eslint.org/docs/latest/rules/one-var"
"max-statements","eslint",3,"BestPractices,JavaScript,TypeScript","scripts/verify/rules.mjs",34,18,55,4,"Arrow function has too many statements (15). Maximum allowed is 10.","https://eslint.org/docs/latest/rules/max-statements"
"no-magic-numbers","eslint",3,"BestPractices,JavaScript","scripts/verify/rules.mjs",42,26,42,27,"No magic number: 0.","https://eslint.org/docs/latest/rules/no-magic-numbers"
"id-length","eslint",3,"BestPractices,JavaScript,TypeScript","scripts/verify/rules.mjs",48,13,48,14,"Identifier name 'p' is too short (< 2).","https://eslint.org/docs/latest/rules/id-length"
"one-var","eslint",3,"BestPractices,JavaScript,TypeScript,Fixable","scripts/verify/rules.mjs",56,3,64,5,"Combine this with the previous 'const' statement.","https://eslint.org/docs/latest/rules/one-var"
"no-magic-numbers","eslint",3,"BestPractices,JavaScript","scripts/verify/rules.mjs",59,26,59,27,"No magic number: 0.","https://eslint.org/docs/latest/rules/no-magic-numbers"
"id-length","eslint",3,"BestPractices,JavaScript,TypeScript","scripts/verify/rules.mjs",60,44,60,45,"Identifier name 's' is too short (< 2).","https://eslint.org/docs/latest/rules/id-length"
"id-length","eslint",3,"BestPractices,JavaScript,TypeScript","scripts/verify/rules.mjs",60,68,60,69,"Identifier name 's' is too short (< 2).","https://eslint.org/docs/latest/rules/id-length"
"func-style","eslint",3,"BestPractices,JavaScript,TypeScript","scripts/verify/rules.mjs",65,3,67,4,"Expected a function expression.","https://eslint.org/docs/latest/rules/func-style"
"one-var","eslint",3,"BestPractices,JavaScript,TypeScript,Fixable","scripts/verify/rules.mjs",68,3,76,5,"Combine this with the previous 'const' statement.","https://eslint.org/docs/latest/rules/one-var"
"no-magic-numbers","eslint",3,"BestPractices,JavaScript","scripts/verify/rules.mjs",71,26,71,27,"No magic number: 0.","https://eslint.org/docs/latest/rules/no-magic-numbers"
"sort-keys","eslint",3,"BestPractices,JavaScript,TypeScript","scripts/verify/rules.mjs",78,22,78,30,"Expected object keys to be in ascending order. 'branches' should be before 'git'.","https://eslint.org/docs/latest/rules/sort-keys"
"sort-keys","eslint",3,"BestPractices,JavaScript,TypeScript","scripts/verify/rules.mjs",78,40,78,46,"Expected object keys to be in ascending order. 'listOn' should be before 'readOn'.","https://eslint.org/docs/latest/rules/sort-keys"
"sort-keys","eslint",3,"BestPractices,JavaScript,TypeScript","scripts/verify/rules.mjs",78,53,78,66,"Expected object keys to be in ascending order. 'currentBranch' should be before 'log'.","https://eslint.org/docs/latest/rules/sort-keys"
"id-length","eslint",3,"BestPractices,JavaScript,TypeScript","scripts/verify/rules.mjs",78,80,78,81,"Identifier name 'b' is too short (< 2).","https://eslint.org/docs/latest/rules/id-length"
"one-var","eslint",3,"BestPractices,JavaScript,TypeScript,Fixable","scripts/verify/rules.mjs",83,1,83,102,"Combine this with the previous 'const' statement.","https://eslint.org/docs/latest/rules/one-var"
"one-var","eslint",3,"BestPractices,JavaScript,TypeScript,Fixable","scripts/verify/rules.mjs",84,1,84,98,"Combine this with the previous 'const' statement.","https://eslint.org/docs/latest/rules/one-var"
"one-var","eslint",3,"BestPractices,JavaScript,TypeScript,Fixable","scripts/verify/rules.mjs",86,1,86,49,"Combine this with the previous 'const' statement.","https://eslint.org/docs/latest/rules/one-var"
"sort-keys","eslint",3,"BestPractices,JavaScript,TypeScript","scripts/verify/rules.mjs",86,39,86,45,"Expected object keys to be in ascending order. 'detail' should be before 'ok'.","https://eslint.org/docs/latest/rules/sort-keys"
"one-var","eslint",3,"BestPractices,JavaScript,TypeScript,Fixable","scripts/verify/rules.mjs",87,1,87,64,"Combine this with the previous 'const' statement.","https://eslint.org/docs/latest/rules/one-var"
"sort-keys","eslint",3,"BestPractices,JavaScript,TypeScript","scripts/verify/rules.mjs",87,47,87,53,"Expected object keys to be in ascending order. 'detail' should be before 'ok'.","https://eslint.org/docs/latest/rules/sort-keys"
"func-style","eslint",3,"BestPractices,JavaScript,TypeScript","scripts/verify/rules.mjs",89,1,98,2,"Expected a function expression.","https://eslint.org/docs/latest/rules/func-style"
"require-unicode-regexp","eslint",3,"BestPractices,JavaScript,TypeScript","scripts/verify/rules.mjs",93,17,96,4,"Use the 'u' flag.","https://eslint.org/docs/latest/rules/require-unicode-regexp"
"require-unicode-regexp","eslint",3,"BestPractices,JavaScript,TypeScript","scripts/verify/rules.mjs",94,86,94,93,"Use the 'u' flag.","https://eslint.org/docs/latest/rules/require-unicode-regexp"
"require-unicode-regexp","eslint",3,"BestPractices,JavaScript,TypeScript","scripts/verify/rules.mjs",97,37,97,42,"Use the 'u' flag.","https://eslint.org/docs/latest/rules/require-unicode-regexp"
"func-style","eslint",3,"BestPractices,JavaScript,TypeScript","scripts/verify/rules.mjs",100,1,102,2,"Expected a function expression.","https://eslint.org/docs/latest/rules/func-style"
"func-style","eslint",3,"BestPractices,JavaScript,TypeScript","scripts/verify/rules.mjs",104,1,106,2,"Expected a function expression.","https://eslint.org/docs/latest/rules/func-style"
"one-var","eslint",3,"BestPractices,JavaScript,TypeScript,Fixable","scripts/verify/rules.mjs",109,8,651,3,"Combine this with the previous 'const' statement.","https://eslint.org/docs/latest/rules/one-var"
"sort-keys","eslint",3,"BestPractices,JavaScript,TypeScript","scripts/verify/rules.mjs",112,27,112,30,"Expected object keys to be in ascending order. 'lab' should be before 'level'.","https://eslint.org/docs/latest/rules/sort-keys"
"sort-keys","eslint",3,"BestPractices,JavaScript,TypeScript","scripts/verify/rules.mjs",112,35,112,44,"Expected object keys to be in ascending order. 'auditable' should be before 'lab'.","https://eslint.org/docs/latest/rules/sort-keys"
"sort-keys","eslint",3,"BestPractices,JavaScript,TypeScript","scripts/verify/rules.mjs",114,5,114,10,"Expected object keys to be in ascending order. 'check' should be before 'title'.","https://eslint.org/docs/latest/rules/sort-keys"
"no-ternary","eslint",3,"BestPractices,JavaScript,TypeScript","scripts/verify/rules.mjs",116,14,118,81,"Ternary operator used.","https://eslint.org/docs/latest/rules/no-ternary"
"sort-keys","eslint",3,"BestPractices,JavaScript,TypeScript","scripts/verify/rules.mjs",122,27,122,30,"Expected object keys to be in ascending order. 'lab' should be before 'level'.","https://eslint.org/docs/latest/rules/sort-keys"
"sort-keys","eslint",3,"BestPractices,JavaScript,TypeScript","scripts/verify/rules.mjs",124,5,124,10,"Expected object keys to be in ascending order. 'check' should be before 'title'.","https://eslint.org/docs/latest/rules/sort-keys"
"one-var","eslint",3,"BestPractices,JavaScript,TypeScript,Fixable","scripts/verify/rules.mjs",132,7,133,56,"Combine this with the previous 'const' statement.","https://eslint.org/docs/latest/rules/one-var"
"require-unicode-regexp","eslint",3,"BestPractices,JavaScript,TypeScript","scripts/verify/rules.mjs",132,22,132,60,"Use the 'u' flag.","https://eslint.org/docs/latest/rules/require-unicode-regexp"
"require-unicode-regexp","eslint",3,"BestPractices,JavaScript,TypeScript","scripts/verify/rules.mjs",133,10,133,42,"Use the 'u' flag.","https://eslint.org/docs/latest/rules/require-unicode-regexp"
"no-ternary","eslint",3,"BestPractices,JavaScript,TypeScript","scripts/verify/rules.mjs",134,14,139,10,"Ternary operator used.","https://eslint.org/docs/latest/rules/no-ternary"
"sort-keys","eslint",3,"BestPractices,JavaScript,TypeScript","scripts/verify/rules.mjs",143,27,143,30,"Expected object keys to be in ascending order. 'lab' should be before 'level'.","https://eslint.org/docs/latest/rules/sort-keys"
"sort-keys","eslint",3,"BestPractices,JavaScript,TypeScript","scripts/verify/rules.mjs",145,5,145,10,"Expected object keys to be in ascending order. 'check' should be before 'title'.","https://eslint.org/docs/latest/rules/sort-keys"
"no-ternary","eslint",3,"BestPractices,JavaScript,TypeScript","scripts/verify/rules.mjs",147,14,149,71,"Ternary operator used.","https://eslint.org/docs/latest/rules/no-ternary"
"sort-keys","eslint",3,"BestPractices,JavaScript,TypeScript","scripts/verify/rules.mjs",153,27,153,30,"Expected object keys to be in ascending order. 'lab' should be before 'level'.","https://eslint.org/docs/latest/rules/sort-keys"
"sort-keys","eslint",3,"BestPractices,JavaScript,TypeScript","scripts/verify/rules.mjs",155,5,155,10,"Expected object keys to be in ascending order. 'check' should be before 'title'.","https://eslint.org/docs/latest/rules/sort-keys"
"new-cap","eslint",3,"BestPractices,JavaScript,TypeScript","scripts/verify/rules.mjs",156,37,156,42,"A function with a name starting with an uppercase letter should only be used as a constructor.","https://eslint.org/docs/latest/rules/new-cap"
"new-cap","eslint",3,"BestPractices,JavaScript,TypeScript","scripts/verify/rules.mjs",160,14,160,19,"A function with a name starting with an uppercase letter should only be used as a constructor.","https://eslint.org/docs/latest/rules/new-cap"
"one-var","eslint",3,"BestPractices,JavaScript,TypeScript,Fixable","scripts/verify/rules.mjs",163,7,163,69,"Combine this with the previous 'const' statement.","https://eslint.org/docs/latest/rules/one-var"
"new-cap","eslint",3,"BestPractices,JavaScript,TypeScript","scripts/verify/rules.mjs",163,36,163,43,"A function with a name starting with an uppercase letter should only be used as a constructor.","https://eslint.org/docs/latest/rules/new-cap"
"no-ternary","eslint",3,"BestPractices,JavaScript,TypeScript","scripts/verify/rules.mjs",164,14,169,10,"Ternary operator used.","https://eslint.org/docs/latest/rules/no-ternary"
"new-cap","eslint",3,"BestPractices,JavaScript,TypeScript","scripts/verify/rules.mjs",168,14,168,21,"A function with a name starting with an uppercase letter should only be used as a constructor.","https://eslint.org/docs/latest/rules/new-cap"
"sort-keys","eslint",3,"BestPractices,JavaScript,TypeScript","scripts/verify/rules.mjs",173,27,173,30,"Expected object keys to be in ascending order. 'lab' should be before 'level'.","https://eslint.org/docs/latest/rules/sort-keys"
"sort-keys","eslint",3,"BestPractices,JavaScript,TypeScript","scripts/verify/rules.mjs",175,5,175,10,"Expected object keys to be in ascending order. 'check' should be before 'title'.","https://eslint.org/docs/latest/rules/sort-keys"
"no-ternary","eslint",3,"BestPractices,JavaScript,TypeScript","scripts/verify/rules.mjs",177,14,182,10,"Ternary operator used.","https://eslint.org/docs/latest/rules/no-ternary"
"sort-keys","eslint",3,"BestPractices,JavaScript,TypeScript","scripts/verify/rules.mjs",186,27,186,30,"Expected object keys to be in ascending order. 'lab' should be before 'level'.","https://eslint.org/docs/latest/rules/sort-keys"
"sort-keys","eslint",3,"BestPractices,JavaScript,TypeScript","scripts/verify/rules.mjs",188,5,188,10,"Expected object keys to be in ascending order. 'check' should be before 'title'.","https://eslint.org/docs/latest/rules/sort-keys"
"new-cap","eslint",3,"BestPractices,JavaScript,TypeScript","scripts/verify/rules.mjs",189,37,189,42,"A function with a name starting with an uppercase letter should only be used as a constructor.","https://eslint.org/docs/latest/rules/new-cap"
"one-var","eslint",3,"BestPractices,JavaScript,TypeScript,Fixable","scripts/verify/rules.mjs",193,7,193,107,"Combine this with the previous 'const' statement.","https://eslint.org/docs/latest/rules/one-var"
"no-negated-condition","eslint",3,"BestPractices,JavaScript,TypeScript","scripts/verify/rules.mjs",194,14,199,10,"Unexpected negated condition.","https://eslint.org/docs/latest/rules/no-negated-condition"
"no-ternary","eslint",3,"BestPractices,JavaScript,TypeScript","scripts/verify/rules.mjs",194,14,199,10,"Ternary operator used.","https://eslint.org/docs/latest/rules/no-ternary"
"require-unicode-regexp","eslint",3,"BestPractices,JavaScript,TypeScript","scripts/verify/rules.mjs",194,15,194,35,"Use the 'u' flag.","https://eslint.org/docs/latest/rules/require-unicode-regexp"
"sort-keys","eslint",3,"BestPractices,JavaScript,TypeScript","scripts/verify/rules.mjs",203,27,203,30,"Expected object keys to be in ascending order. 'lab' should be before 'level'.","https://eslint.org/docs/latest/rules/sort-keys"
"sort-keys","eslint",3,"BestPractices,JavaScript,TypeScript","scripts/verify/rules.mjs",205,5,205,10,"Expected object keys to be in ascending order. 'check' should be before 'title'.","https://eslint.org/docs/latest/rules/sort-keys"
"new-cap","eslint",3,"BestPractices,JavaScript,TypeScript","scripts/verify/rules.mjs",206,37,206,42,"A function with a name starting with an uppercase letter should only be used as a constructor.","https://eslint.org/docs/latest/rules/new-cap"
"new-cap","eslint",3,"BestPractices,JavaScript,TypeScript","scripts/verify/rules.mjs",210,14,210,19,"A function with a name starting with an uppercase letter should only be used as a constructor.","https://eslint.org/docs/latest/rules/new-cap"
"one-var","eslint",3,"BestPractices,JavaScript,TypeScript,Fixable","scripts/verify/rules.mjs",213,7,213,98,"Combine this with the previous 'const' statement.","https://eslint.org/docs/latest/rules/one-var"
"one-var","eslint",3,"BestPractices,JavaScript,TypeScript,Fixable","scripts/verify/rules.mjs",214,7,214,65,"Combine this with the previous 'const' statement.","https://eslint.org/docs/latest/rules/one-var"
"id-length","eslint",3,"BestPractices,JavaScript,TypeScript","scripts/verify/rules.mjs",214,35,214,36,"Identifier name 'v' is too short (< 2).","https://eslint.org/docs/latest/rules/id-length"
"require-unicode-regexp","eslint",3,"BestPractices,JavaScript,TypeScript","scripts/verify/rules.mjs",214,41,214,55,"Use the 'u' flag.","https://eslint.org/docs/latest/rules/require-unicode-regexp"
"one-var","eslint",3,"BestPractices,JavaScript,TypeScript,Fixable","scripts/verify/rules.mjs",221,7,221,69,"Combine this with the previous 'const' statement.","https://eslint.org/docs/latest/rules/one-var"
"new-cap","eslint",3,"BestPractices,JavaScript,TypeScript","scripts/verify/rules.mjs",221,36,221,43,"A function with a name starting with an uppercase letter should only be used as a constructor.","https://eslint.org/docs/latest/rules/new-cap"
"no-ternary","eslint",3,"BestPractices,JavaScript,TypeScript","scripts/verify/rules.mjs",222,14,227,10,"Ternary operator used.","https://eslint.org/docs/latest/rules/no-ternary"
"new-cap","eslint",3,"BestPractices,JavaScript,TypeScript","scripts/verify/rules.mjs",226,14,226,21,"A function with a name starting with an uppercase letter should only be used as a constructor.","https://eslint.org/docs/latest/rules/new-cap"
"sort-keys","eslint",3,"BestPractices,JavaScript,TypeScript","scripts/verify/rules.mjs",233,27,233,30,"Expected object keys to be in ascending order. 'lab' should be before 'level'.","https://eslint.org/docs/latest/rules/sort-keys"
"sort-keys","eslint",3,"BestPractices,JavaScript,TypeScript","scripts/verify/rules.mjs",233,35,233,44,"Expected object keys to be in ascending order. 'auditable' should be before 'lab'.","https://eslint.org/docs/latest/rules/sort-keys"
"sort-keys","eslint",3,"BestPractices,JavaScript,TypeScript","scripts/verify/rules.mjs",235,5,235,10,"Expected object keys to be in ascending order. 'check' should be before 'title'.","https://eslint.org/docs/latest/rules/sort-keys"
"no-ternary","eslint",3,"BestPractices,JavaScript,TypeScript","scripts/verify/rules.mjs",237,14,242,10,"Ternary operator used.","https://eslint.org/docs/latest/rules/no-ternary"
"sort-keys","eslint",3,"BestPractices,JavaScript,TypeScript","scripts/verify/rules.mjs",246,27,246,30,"Expected object keys to be in ascending order. 'lab' should be before 'level'.","https://eslint.org/docs/latest/rules/sort-keys"
"sort-keys","eslint",3,"BestPractices,JavaScript,TypeScript","scripts/verify/rules.mjs",248,5,248,10,"Expected object keys to be in ascending order. 'check' should be before 'title'.","https://eslint.org/docs/latest/rules/sort-keys"
"require-unicode-regexp","eslint",3,"BestPractices,JavaScript,TypeScript","scripts/verify/rules.mjs",250,11,250,21,"Use the 'u' flag.","https://eslint.org/docs/latest/rules/require-unicode-regexp"
"one-var","eslint",3,"BestPractices,JavaScript,TypeScript,Fixable","scripts/verify/rules.mjs",256,7,256,87,"Combine this with the previous 'const' statement.","https://eslint.org/docs/latest/rules/one-var"
"new-cap","eslint",3,"BestPractices,JavaScript,TypeScript","scripts/verify/rules.mjs",256,37,256,42,"A function with a name starting with an uppercase letter should only be used as a constructor.","https://eslint.org/docs/latest/rules/new-cap"
"new-cap","eslint",3,"BestPractices,JavaScript,TypeScript","scripts/verify/rules.mjs",260,14,260,19,"A function with a name starting with an uppercase letter should only be used as a constructor.","https://eslint.org/docs/latest/rules/new-cap"
"one-var","eslint",3,"BestPractices,JavaScript,TypeScript,Fixable","scripts/verify/rules.mjs",263,7,263,70,"Combine this with the previous 'const' statement.","https://eslint.org/docs/latest/rules/one-var"
"no-ternary","eslint",3,"BestPractices,JavaScript,TypeScript","scripts/verify/rules.mjs",264,14,269,10,"Ternary operator used.","https://eslint.org/docs/latest/rules/no-ternary"
"id-length","eslint",3,"BestPractices,JavaScript,TypeScript","scripts/verify/rules.mjs",264,26,264,27,"Identifier name 'f' is too short (< 2).","https://eslint.org/docs/latest/rules/id-length"
"require-unicode-regexp","eslint",3,"BestPractices,JavaScript,TypeScript","scripts/verify/rules.mjs",264,32,264,47,"Use the 'u' flag.","https://eslint.org/docs/latest/rules/require-unicode-regexp"
"sort-keys","eslint",3,"BestPractices,JavaScript,TypeScript","scripts/verify/rules.mjs",273,27,273,30,"Expected object keys to be in ascending order. 'lab' should be before 'level'.","https://eslint.org/docs/latest/rules/sort-keys"
"sort-keys","eslint",3,"BestPractices,JavaScript,TypeScript","scripts/verify/rules.mjs",275,5,275,10,"Expected object keys to be in ascending order. 'check' should be before 'title'.","https://eslint.org/docs/latest/rules/sort-keys"
"new-cap","eslint",3,"BestPractices,JavaScript,TypeScript","scripts/verify/rules.mjs",276,37,276,42,"A function with a name starting with an uppercase letter should only be used as a constructor.","https://eslint.org/docs/latest/rules/new-cap"
"require-unicode-regexp","eslint",3,"BestPractices,JavaScript,TypeScript","scripts/verify/rules.mjs",277,12,277,40,"Use the 'u' flag.","https://eslint.org/docs/latest/rules/require-unicode-regexp"
"new-cap","eslint",3,"BestPractices,JavaScript,TypeScript","scripts/verify/rules.mjs",280,14,280,19,"A function with a name starting with an uppercase letter should only be used as a constructor.","https://eslint.org/docs/latest/rules/new-cap"
"one-var","eslint",3,"BestPractices,JavaScript,TypeScript,Fixable","scripts/verify/rules.mjs",283,7,283,103,"Combine this with the previous 'const' statement.","https://eslint.org/docs/latest/rules/one-var"
"one-var","eslint",3,"BestPractices,JavaScript,TypeScript,Fixable","scripts/verify/rules.mjs",284,7,287,10,"Combine this with the previous 'const' statement.","https://eslint.org/docs/latest/rules/one-var"
"id-length","eslint",3,"BestPractices,JavaScript,TypeScript","scripts/verify/rules.mjs",284,38,284,39,"Identifier name 'f' is too short (< 2).","https://eslint.org/docs/latest/rules/id-length"
"require-unicode-regexp","eslint",3,"BestPractices,JavaScript,TypeScript","scripts/verify/rules.mjs",286,16,286,65,"Use the 'u' flag.","https://eslint.org/docs/latest/rules/require-unicode-regexp"
"require-unicode-regexp","eslint",3,"BestPractices,JavaScript,TypeScript","scripts/verify/rules.mjs",286,83,286,104,"Use the 'u' flag.","https://eslint.org/docs/latest/rules/require-unicode-regexp"
"no-ternary","eslint",3,"BestPractices,JavaScript,TypeScript","scripts/verify/rules.mjs",288,14,293,10,"Ternary operator used.","https://eslint.org/docs/latest/rules/no-ternary"
"sort-keys","eslint",3,"BestPractices,JavaScript,TypeScript","scripts/verify/rules.mjs",297,27,297,30,"Expected object keys to be in ascending order. 'lab' should be before 'level'.","https://eslint.org/docs/latest/rules/sort-keys"
"sort-keys","eslint",3,"BestPractices,JavaScript,TypeScript","scripts/verify/rules.mjs",299,5,299,10,"Expected object keys to be in ascending order. 'check' should be before 'title'.","https://eslint.org/docs/latest/rules/sort-keys"
"max-lines","eslint",3,"BestPractices,JavaScript,TypeScript","scripts/verify/rules.mjs",301,1,660,1,"File has too many lines (659). Maximum allowed is 300.","https://eslint.org/docs/latest/rules/max-lines"
"id-length","eslint",3,"BestPractices,JavaScript,TypeScript","scripts/verify/rules.mjs",301,29,301,30,"Identifier name 'f' is too short (< 2).","https://eslint.org/docs/latest/rules/id-length"
"require-unicode-regexp","eslint",3,"BestPractices,JavaScript,TypeScript","scripts/verify/rules.mjs",301,35,301,62,"Use the 'u' flag.","https://eslint.org/docs/latest/rules/require-unicode-regexp"
"one-var","eslint",3,"BestPractices,JavaScript,TypeScript,Fixable","scripts/verify/rules.mjs",307,7,307,107,"Combine this with the previous 'const' statement.","https://eslint.org/docs/latest/rules/one-var"
"one-var","eslint",3,"BestPractices,JavaScript,TypeScript,Fixable","scripts/verify/rules.mjs",308,7,308,80,"Combine this with the previous 'const' statement.","https://eslint.org/docs/latest/rules/one-var"
"id-length","eslint",3,"BestPractices,JavaScript,TypeScript","scripts/verify/rules.mjs",308,37,308,38,"Identifier name 'f' is too short (< 2).","https://eslint.org/docs/latest/rules/id-length"
"one-var","eslint",3,"BestPractices,JavaScript,TypeScript,Fixable","scripts/verify/rules.mjs",309,7,309,91,"Combine this with the previous 'const' statement.","https://eslint.org/docs/latest/rules/one-var"
"require-unicode-regexp","eslint",3,"BestPractices,JavaScript,TypeScript","scripts/verify/rules.mjs",309,23,309,79,"Use the 'u' flag.","https://eslint.org/docs/latest/rules/require-unicode-regexp"
"one-var","eslint",3,"BestPractices,JavaScript,TypeScript,Fixable","scripts/verify/rules.mjs",310,7,310,68,"Combine this with the previous 'const' statement.","https://eslint.org/docs/latest/rules/one-var"
"require-unicode-regexp","eslint",3,"BestPractices,JavaScript,TypeScript","scripts/verify/rules.mjs",310,27,310,56,"Use the 'u' flag.","https://eslint.org/docs/latest/rules/require-unicode-regexp"
"one-var","eslint",3,"BestPractices,JavaScript,TypeScript,Fixable","scripts/verify/rules.mjs",311,7,311,46,"Combine this with the previous 'const' statement.","https://eslint.org/docs/latest/rules/one-var"
"require-unicode-regexp","eslint",3,"BestPractices,JavaScript,TypeScript","scripts/verify/rules.mjs",311,25,311,34,"Use the 'u' flag.","https://eslint.org/docs/latest/rules/require-unicode-regexp"
"one-var","eslint",3,"BestPractices,JavaScript,TypeScript,Fixable","scripts/verify/rules.mjs",312,7,316,25,"Combine this with the previous 'const' statement.","https://eslint.org/docs/latest/rules/one-var"
"no-negated-condition","eslint",3,"BestPractices,JavaScript,TypeScript","scripts/verify/rules.mjs",313,9,313,51,"Unexpected negated condition.","https://eslint.org/docs/latest/rules/no-negated-condition"
"no-ternary","eslint",3,"BestPractices,JavaScript,TypeScript","scripts/verify/rules.mjs",313,9,313,51,"Ternary operator used.","https://eslint.org/docs/latest/rules/no-ternary"
"no-negated-condition","eslint",3,"BestPractices,JavaScript,TypeScript","scripts/verify/rules.mjs",314,9,314,58,"Unexpected negated condition.","https://eslint.org/docs/latest/rules/no-negated-condition"
"no-ternary","eslint",3,"BestPractices,JavaScript,TypeScript","scripts/verify/rules.mjs",314,9,314,58,"Ternary operator used.","https://eslint.org/docs/latest/rules/no-ternary"
"no-negated-condition","eslint",3,"BestPractices,JavaScript,TypeScript","scripts/verify/rules.mjs",315,9,315,46,"Unexpected negated condition.","https://eslint.org/docs/latest/rules/no-negated-condition"
"no-ternary","eslint",3,"BestPractices,JavaScript,TypeScript","scripts/verify/rules.mjs",315,9,315,46,"Ternary operator used.","https://eslint.org/docs/latest/rules/no-ternary"
"no-ternary","eslint",3,"BestPractices,JavaScript,TypeScript","scripts/verify/rules.mjs",317,14,322,10,"Ternary operator used.","https://eslint.org/docs/latest/rules/no-ternary"
"no-magic-numbers","eslint",3,"BestPractices,JavaScript","scripts/verify/rules.mjs",317,33,317,34,"No magic number: 0.","https://eslint.org/docs/latest/rules/no-magic-numbers"
"sort-keys","eslint",3,"BestPractices,JavaScript,TypeScript","scripts/verify/rules.mjs",326,27,326,30,"Expected object keys to be in ascending order. 'lab' should be before 'level'.","https://eslint.org/docs/latest/rules/sort-keys"
"sort-keys","eslint",3,"BestPractices,JavaScript,TypeScript","scripts/verify/rules.mjs",328,5,328,10,"Expected object keys to be in ascending order. 'check' should be before 'title'.","https://eslint.org/docs/latest/rules/sort-keys"
"require-unicode-regexp","eslint",3,"BestPractices,JavaScript,TypeScript","scripts/verify/rules.mjs",330,12,330,27,"Use the 'u' flag.","https://eslint.org/docs/latest/rules/require-unicode-regexp"
"capitalized-comments","eslint",3,"BestPractices,JavaScript,TypeScript,Fixable","scripts/verify/rules.mjs",337,7,337,85,"Comments should not begin with a lowercase character.","https://eslint.org/docs/latest/rules/capitalized-comments"
"capitalized-comments","eslint",3,"BestPractices,JavaScript,TypeScript,Fixable","scripts/verify/rules.mjs",338,7,338,61,"Comments should not begin with a lowercase character.","https://eslint.org/docs/latest/rules/capitalized-comments"
"require-unicode-regexp","eslint",3,"BestPractices,JavaScript,TypeScript","scripts/verify/rules.mjs",339,12,339,47,"Use the 'u' flag.","https://eslint.org/docs/latest/rules/require-unicode-regexp"
"one-var","eslint",3,"BestPractices,JavaScript,TypeScript,Fixable","scripts/verify/rules.mjs",345,7,345,106,"Combine this with the previous 'const' statement.","https://eslint.org/docs/latest/rules/one-var"
"no-ternary","eslint",3,"BestPractices,JavaScript,TypeScript","scripts/verify/rules.mjs",346,14,351,10,"Ternary operator used.","https://eslint.org/docs/latest/rules/no-ternary"
"require-unicode-regexp","eslint",3,"BestPractices,JavaScript,TypeScript","scripts/verify/rules.mjs",346,14,346,29,"Use the 'u' flag.","https://eslint.org/docs/latest/rules/require-unicode-regexp"
"require-unicode-regexp","eslint",3,"BestPractices,JavaScript,TypeScript","scripts/verify/rules.mjs",346,44,346,53,"Use the 'u' flag.","https://eslint.org/docs/latest/rules/require-unicode-regexp"
"sort-keys","eslint",3,"BestPractices,JavaScript,TypeScript","scripts/verify/rules.mjs",355,27,355,30,"Expected object keys to be in ascending order. 'lab' should be before 'level'.","https://eslint.org/docs/latest/rules/sort-keys"
"sort-keys","eslint",3,"BestPractices,JavaScript,TypeScript","scripts/verify/rules.mjs",357,5,357,10,"Expected object keys to be in ascending order. 'check' should be before 'title'.","https://eslint.org/docs/latest/rules/sort-keys"
"new-cap","eslint",3,"BestPractices,JavaScript,TypeScript","scripts/verify/rules.mjs",358,36,358,43,"A function with a name starting with an uppercase letter should only be used as a constructor.","https://eslint.org/docs/latest/rules/new-cap"
"new-cap","eslint",3,"BestPractices,JavaScript,TypeScript","scripts/verify/rules.mjs",360,59,360,66,"A function with a name starting with an uppercase letter should only be used as a constructor.","https://eslint.org/docs/latest/rules/new-cap"
"new-cap","eslint",3,"BestPractices,JavaScript,TypeScript","scripts/verify/rules.mjs",365,14,365,21,"A function with a name starting with an uppercase letter should only be used as a constructor.","https://eslint.org/docs/latest/rules/new-cap"
"one-var","eslint",3,"BestPractices,JavaScript,TypeScript,Fixable","scripts/verify/rules.mjs",368,7,368,76,"Combine this with the previous 'const' statement.","https://eslint.org/docs/latest/rules/one-var"
"no-ternary","eslint",3,"BestPractices,JavaScript,TypeScript","scripts/verify/rules.mjs",369,14,374,10,"Ternary operator used.","https://eslint.org/docs/latest/rules/no-ternary"
"no-magic-numbers","eslint",3,"BestPractices,JavaScript","scripts/verify/rules.mjs",369,34,369,35,"No magic number: 0.","https://eslint.org/docs/latest/rules/no-magic-numbers"
"sort-keys","eslint",3,"BestPractices,JavaScript,TypeScript","scripts/verify/rules.mjs",378,27,378,30,"Expected object keys to be in ascending order. 'lab' should be before 'level'.","https://eslint.org/docs/latest/rules/sort-keys"
"sort-keys","eslint",3,"BestPractices,JavaScript,TypeScript","scripts/verify/rules.mjs",380,5,380,10,"Expected object keys to be in ascending order. 'check' should be before 'title'.","https://eslint.org/docs/latest/rules/sort-keys"
"max-statements","eslint",3,"BestPractices,JavaScript,TypeScript","scripts/verify/rules.mjs",380,12,402,6,"Method 'check' has too many statements (11). Maximum allowed is 10.","https://eslint.org/docs/latest/rules/max-statements"
"one-var","eslint",3,"BestPractices,JavaScript,TypeScript,Fixable","scripts/verify/rules.mjs",382,7,382,64,"Combine this with the previous 'const' statement.","https://eslint.org/docs/latest/rules/one-var"
"id-length","eslint",3,"BestPractices,JavaScript,TypeScript","scripts/verify/rules.mjs",382,34,382,35,"Identifier name 'f' is too short (< 2).","https://eslint.org/docs/latest/rules/id-length"
"require-unicode-regexp","eslint",3,"BestPractices,JavaScript,TypeScript","scripts/verify/rules.mjs",382,40,382,54,"Use the 'u' flag.","https://eslint.org/docs/latest/rules/require-unicode-regexp"
"one-var","eslint",3,"BestPractices,JavaScript,TypeScript,Fixable","scripts/verify/rules.mjs",386,7,386,50,"Combine this with the previous 'const' statement.","https://eslint.org/docs/latest/rules/one-var"
"require-unicode-regexp","eslint",3,"BestPractices,JavaScript,TypeScript","scripts/verify/rules.mjs",387,11,387,27,"Use the 'u' flag.","https://eslint.org/docs/latest/rules/require-unicode-regexp"
"one-var","eslint",3,"BestPractices,JavaScript,TypeScript,Fixable","scripts/verify/rules.mjs",393,7,393,72,"Combine this with the previous 'const' statement.","https://eslint.org/docs/latest/rules/one-var"
"require-unicode-regexp","eslint",3,"BestPractices,JavaScript,TypeScript","scripts/verify/rules.mjs",393,22,393,60,"Use the 'u' flag.","https://eslint.org/docs/latest/rules/require-unicode-regexp"
"one-var","eslint",3,"BestPractices,JavaScript,TypeScript,Fixable","scripts/verify/rules.mjs",394,7,394,81,"Combine this with the previous 'const' statement.","https://eslint.org/docs/latest/rules/one-var"
"new-cap","eslint",3,"BestPractices,JavaScript,TypeScript","scripts/verify/rules.mjs",394,39,394,46,"A function with a name starting with an uppercase letter should only be used as a constructor.","https://eslint.org/docs/latest/rules/new-cap"
"one-var","eslint",3,"BestPractices,JavaScript,TypeScript,Fixable","scripts/verify/rules.mjs",395,7,395,60,"Combine this with the previous 'const' statement.","https://eslint.org/docs/latest/rules/one-var"
"require-unicode-regexp","eslint",3,"BestPractices,JavaScript,TypeScript","scripts/verify/rules.mjs",395,34,395,45,"Use the 'u' flag.","https://eslint.org/docs/latest/rules/require-unicode-regexp"
"no-ternary","eslint",3,"BestPractices,JavaScript,TypeScript","scripts/verify/rules.mjs",396,14,401,10,"Ternary operator used.","https://eslint.org/docs/latest/rules/no-ternary"
"sort-keys","eslint",3,"BestPractices,JavaScript,TypeScript","scripts/verify/rules.mjs",405,27,405,30,"Expected object keys to be in ascending order. 'lab' should be before 'level'.","https://eslint.org/docs/latest/rules/sort-keys"
"sort-keys","eslint",3,"BestPractices,JavaScript,TypeScript","scripts/verify/rules.mjs",405,35,405,44,"Expected object keys to be in ascending order. 'auditable' should be before 'lab'.","https://eslint.org/docs/latest/rules/sort-keys"
"sort-keys","eslint",3,"BestPractices,JavaScript,TypeScript","scripts/verify/rules.mjs",407,5,407,10,"Expected object keys to be in ascending order. 'check' should be before 'title'.","https://eslint.org/docs/latest/rules/sort-keys"
"one-var","eslint",3,"BestPractices,JavaScript,TypeScript,Fixable","scripts/verify/rules.mjs",415,7,417,9,"Combine this with the previous 'const' statement.","https://eslint.org/docs/latest/rules/one-var"
"id-length","eslint",3,"BestPractices,JavaScript,TypeScript","scripts/verify/rules.mjs",415,72,415,73,"Identifier name 'f' is too short (< 2).","https://eslint.org/docs/latest/rules/id-length"
"prefer-named-capture-group","eslint",3,"BestPractices,JavaScript,TypeScript","scripts/verify/rules.mjs",416,9,416,80,"Capture group '(profiles|settings|standardValueSets|objectTranslations|networks)' should be converted to a named or non-capturing group.","https://eslint.org/docs/latest/rules/prefer-named-capture-group"
"require-unicode-regexp","eslint",3,"BestPractices,JavaScript,TypeScript","scripts/verify/rules.mjs",416,9,416,80,"Use the 'u' flag.","https://eslint.org/docs/latest/rules/require-unicode-regexp"
"no-ternary","eslint",3,"BestPractices,JavaScript,TypeScript","scripts/verify/rules.mjs",418,14,423,10,"Ternary operator used.","https://eslint.org/docs/latest/rules/no-ternary"
"no-magic-numbers","eslint",3,"BestPractices,JavaScript","scripts/verify/rules.mjs",418,31,418,32,"No magic number: 0.","https://eslint.org/docs/latest/rules/no-magic-numbers"
"no-magic-numbers","eslint",3,"BestPractices,JavaScript","scripts/verify/rules.mjs",421,108,421,109,"No magic number: 0.","https://eslint.org/docs/latest/rules/no-magic-numbers"
"no-magic-numbers","eslint",3,"BestPractices,JavaScript","scripts/verify/rules.mjs",421,111,421,112,"No magic number: 3.","https://eslint.org/docs/latest/rules/no-magic-numbers"
"sort-keys","eslint",3,"BestPractices,JavaScript,TypeScript","scripts/verify/rules.mjs",427,27,427,30,"Expected object keys to be in ascending order. 'lab' should be before 'level'.","https://eslint.org/docs/latest/rules/sort-keys"
"sort-keys","eslint",3,"BestPractices,JavaScript,TypeScript","scripts/verify/rules.mjs",429,5,429,10,"Expected object keys to be in ascending order. 'check' should be before 'title'.","https://eslint.org/docs/latest/rules/sort-keys"
"id-length","eslint",3,"BestPractices,JavaScript,TypeScript","scripts/verify/rules.mjs",431,26,431,27,"Identifier name 'f' is too short (< 2).","https://eslint.org/docs/latest/rules/id-length"
"require-unicode-regexp","eslint",3,"BestPractices,JavaScript,TypeScript","scripts/verify/rules.mjs",431,32,431,50,"Use the 'u' flag.","https://eslint.org/docs/latest/rules/require-unicode-regexp"
"one-var","eslint",3,"BestPractices,JavaScript,TypeScript,Fixable","scripts/verify/rules.mjs",437,7,437,59,"Combine this with the previous 'const' statement.","https://eslint.org/docs/latest/rules/one-var"
"id-length","eslint",3,"BestPractices,JavaScript,TypeScript","scripts/verify/rules.mjs",438,29,438,30,"Identifier name 'f' is too short (< 2).","https://eslint.org/docs/latest/rules/id-length"
"require-unicode-regexp","eslint",3,"BestPractices,JavaScript,TypeScript","scripts/verify/rules.mjs",438,35,438,46,"Use the 'u' flag.","https://eslint.org/docs/latest/rules/require-unicode-regexp"
"one-var","eslint",3,"BestPractices,JavaScript,TypeScript,Fixable","scripts/verify/rules.mjs",444,7,444,70,"Combine this with the previous 'const' statement.","https://eslint.org/docs/latest/rules/one-var"
"no-ternary","eslint",3,"BestPractices,JavaScript,TypeScript","scripts/verify/rules.mjs",445,14,447,120,"Ternary operator used.","https://eslint.org/docs/latest/rules/no-ternary"
"id-length","eslint",3,"BestPractices,JavaScript,TypeScript","scripts/verify/rules.mjs",445,26,445,27,"Identifier name 'f' is too short (< 2).","https://eslint.org/docs/latest/rules/id-length"
"require-unicode-regexp","eslint",3,"BestPractices,JavaScript,TypeScript","scripts/verify/rules.mjs",445,32,445,40,"Use the 'u' flag.","https://eslint.org/docs/latest/rules/require-unicode-regexp"
"sort-keys","eslint",3,"BestPractices,JavaScript,TypeScript","scripts/verify/rules.mjs",453,27,453,30,"Expected object keys to be in ascending order. 'lab' should be before 'level'.","https://eslint.org/docs/latest/rules/sort-keys"
"sort-keys","eslint",3,"BestPractices,JavaScript,TypeScript","scripts/verify/rules.mjs",455,5,455,10,"Expected object keys to be in ascending order. 'check' should be before 'title'.","https://eslint.org/docs/latest/rules/sort-keys"
"max-statements","eslint",3,"BestPractices,JavaScript,TypeScript","scripts/verify/rules.mjs",455,12,478,6,"Method 'check' has too many statements (11). Maximum allowed is 10.","https://eslint.org/docs/latest/rules/max-statements"
"id-length","eslint",3,"BestPractices,JavaScript,TypeScript","scripts/verify/rules.mjs",456,55,456,56,"Identifier name 'b' is too short (< 2).","https://eslint.org/docs/latest/rules/id-length"
"no-magic-numbers","eslint",3,"BestPractices,JavaScript","scripts/verify/rules.mjs",457,36,457,37,"No magic number: 0.","https://eslint.org/docs/latest/rules/no-magic-numbers"
"one-var","eslint",3,"BestPractices,JavaScript,TypeScript,Fixable","scripts/verify/rules.mjs",460,7,460,121,"Combine this with the previous 'const' statement.","https://eslint.org/docs/latest/rules/one-var"
"one-var","eslint",3,"BestPractices,JavaScript,TypeScript,Fixable","scripts/verify/rules.mjs",461,7,462,67,"Combine this with the previous 'const' statement.","https://eslint.org/docs/latest/rules/one-var"
"require-unicode-regexp","eslint",3,"BestPractices,JavaScript,TypeScript","scripts/verify/rules.mjs",461,24,461,66,"Use the 'u' flag.","https://eslint.org/docs/latest/rules/require-unicode-regexp"
"require-unicode-regexp","eslint",3,"BestPractices,JavaScript,TypeScript","scripts/verify/rules.mjs",462,9,462,52,"Use the 'u' flag.","https://eslint.org/docs/latest/rules/require-unicode-regexp"
"one-var","eslint",3,"BestPractices,JavaScript,TypeScript,Fixable","scripts/verify/rules.mjs",469,7,469,106,"Combine this with the previous 'const' statement.","https://eslint.org/docs/latest/rules/one-var"
"one-var","eslint",3,"BestPractices,JavaScript,TypeScript,Fixable","scripts/verify/rules.mjs",470,7,470,79,"Combine this with the previous 'const' statement.","https://eslint.org/docs/latest/rules/one-var"
"id-length","eslint",3,"BestPractices,JavaScript,TypeScript","scripts/verify/rules.mjs",470,37,470,38,"Identifier name 'f' is too short (< 2).","https://eslint.org/docs/latest/rules/id-length"
"require-unicode-regexp","eslint",3,"BestPractices,JavaScript,TypeScript","scripts/verify/rules.mjs",470,43,470,69,"Use the 'u' flag.","https://eslint.org/docs/latest/rules/require-unicode-regexp"
"one-var","eslint",3,"BestPractices,JavaScript,TypeScript,Fixable","scripts/verify/rules.mjs",471,7,471,81,"Combine this with the previous 'const' statement.","https://eslint.org/docs/latest/rules/one-var"
"id-length","eslint",3,"BestPractices,JavaScript,TypeScript","scripts/verify/rules.mjs",471,38,471,39,"Identifier name 'f' is too short (< 2).","https://eslint.org/docs/latest/rules/id-length"
"require-unicode-regexp","eslint",3,"BestPractices,JavaScript,TypeScript","scripts/verify/rules.mjs",471,44,471,71,"Use the 'u' flag.","https://eslint.org/docs/latest/rules/require-unicode-regexp"
"no-ternary","eslint",3,"BestPractices,JavaScript,TypeScript","scripts/verify/rules.mjs",472,14,477,10,"Ternary operator used.","https://eslint.org/docs/latest/rules/no-ternary"
"no-negated-condition","eslint",3,"BestPractices,JavaScript,TypeScript","scripts/verify/rules.mjs",475,45,475,68,"Unexpected negated condition.","https://eslint.org/docs/latest/rules/no-negated-condition"
"no-ternary","eslint",3,"BestPractices,JavaScript,TypeScript","scripts/verify/rules.mjs",475,45,475,68,"Ternary operator used.","https://eslint.org/docs/latest/rules/no-ternary"
"no-negated-condition","eslint",3,"BestPractices,JavaScript,TypeScript","scripts/verify/rules.mjs",475,70,475,95,"Unexpected negated condition.","https://eslint.org/docs/latest/rules/no-negated-condition"
"no-ternary","eslint",3,"BestPractices,JavaScript,TypeScript","scripts/verify/rules.mjs",475,70,475,95,"Ternary operator used.","https://eslint.org/docs/latest/rules/no-ternary"
"sort-keys","eslint",3,"BestPractices,JavaScript,TypeScript","scripts/verify/rules.mjs",481,27,481,30,"Expected object keys to be in ascending order. 'lab' should be before 'level'.","https://eslint.org/docs/latest/rules/sort-keys"
"sort-keys","eslint",3,"BestPractices,JavaScript,TypeScript","scripts/verify/rules.mjs",483,5,483,10,"Expected object keys to be in ascending order. 'check' should be before 'title'.","https://eslint.org/docs/latest/rules/sort-keys"
"max-statements","eslint",3,"BestPractices,JavaScript,TypeScript","scripts/verify/rules.mjs",483,12,508,6,"Method 'check' has too many statements (12). Maximum allowed is 10.","https://eslint.org/docs/latest/rules/max-statements"
"one-var","eslint",3,"BestPractices,JavaScript,TypeScript,Fixable","scripts/verify/rules.mjs",485,7,485,32,"Combine this with the previous 'const' statement.","https://eslint.org/docs/latest/rules/one-var"
"id-length","eslint",3,"BestPractices,JavaScript,TypeScript","scripts/verify/rules.mjs",486,18,486,19,"Identifier name 'b' is too short (< 2).","https://eslint.org/docs/latest/rules/id-length"
"one-var","eslint",3,"BestPractices,JavaScript,TypeScript,Fixable","scripts/verify/rules.mjs",489,9,489,68,"Combine this with the previous 'const' statement.","https://eslint.org/docs/latest/rules/one-var"
"require-unicode-regexp","eslint",3,"BestPractices,JavaScript,TypeScript","scripts/verify/rules.mjs",489,25,489,57,"Use the 'u' flag.","https://eslint.org/docs/latest/rules/require-unicode-regexp"
"one-var","eslint",3,"BestPractices,JavaScript,TypeScript,Fixable","scripts/verify/rules.mjs",490,9,490,62,"Combine this with the previous 'const' statement.","https://eslint.org/docs/latest/rules/one-var"
"require-unicode-regexp","eslint",3,"BestPractices,JavaScript,TypeScript","scripts/verify/rules.mjs",490,24,490,51,"Use the 'u' flag.","https://eslint.org/docs/latest/rules/require-unicode-regexp"
"no-magic-numbers","eslint",3,"BestPractices,JavaScript","scripts/verify/rules.mjs",495,34,495,35,"No magic number: 0.","https://eslint.org/docs/latest/rules/no-magic-numbers"
"one-var","eslint",3,"BestPractices,JavaScript,TypeScript,Fixable","scripts/verify/rules.mjs",501,7,501,40,"Combine this with the previous 'const' statement.","https://eslint.org/docs/latest/rules/one-var"
"no-ternary","eslint",3,"BestPractices,JavaScript,TypeScript","scripts/verify/rules.mjs",502,14,507,10,"Ternary operator used.","https://eslint.org/docs/latest/rules/no-ternary"
"sort-keys","eslint",3,"BestPractices,JavaScript,TypeScript","scripts/verify/rules.mjs",511,27,511,30,"Expected object keys to be in ascending order. 'lab' should be before 'level'.","https://eslint.org/docs/latest/rules/sort-keys"
"sort-keys","eslint",3,"BestPractices,JavaScript,TypeScript","scripts/verify/rules.mjs",513,5,513,10,"Expected object keys to be in ascending order. 'check' should be before 'title'.","https://eslint.org/docs/latest/rules/sort-keys"
"one-var","eslint",3,"BestPractices,JavaScript,TypeScript,Fixable","scripts/verify/rules.mjs",518,7,518,70,"Combine this with the previous 'const' statement.","https://eslint.org/docs/latest/rules/one-var"
"one-var","eslint",3,"BestPractices,JavaScript,TypeScript,Fixable","scripts/verify/rules.mjs",519,7,519,64,"Combine this with the previous 'const' statement.","https://eslint.org/docs/latest/rules/one-var"
"id-length","eslint",3,"BestPractices,JavaScript,TypeScript","scripts/verify/rules.mjs",519,34,519,35,"Identifier name 'f' is too short (< 2).","https://eslint.org/docs/latest/rules/id-length"
"require-unicode-regexp","eslint",3,"BestPractices,JavaScript,TypeScript","scripts/verify/rules.mjs",519,40,519,54,"Use the 'u' flag.","https://eslint.org/docs/latest/rules/require-unicode-regexp"
"one-var","eslint",3,"BestPractices,JavaScript,TypeScript,Fixable","scripts/verify/rules.mjs",520,7,520,64,"Combine this with the previous 'const' statement.","https://eslint.org/docs/latest/rules/one-var"
"no-ternary","eslint",3,"BestPractices,JavaScript,TypeScript","scripts/verify/rules.mjs",520,20,520,63,"Ternary operator used.","https://eslint.org/docs/latest/rules/no-ternary"
"no-ternary","eslint",3,"BestPractices,JavaScript,TypeScript","scripts/verify/rules.mjs",521,14,523,124,"Ternary operator used.","https://eslint.org/docs/latest/rules/no-ternary"
"require-unicode-regexp","eslint",3,"BestPractices,JavaScript,TypeScript","scripts/verify/rules.mjs",521,14,521,38,"Use the 'u' flag.","https://eslint.org/docs/latest/rules/require-unicode-regexp"
"sort-keys","eslint",3,"BestPractices,JavaScript,TypeScript","scripts/verify/rules.mjs",527,27,527,30,"Expected object keys to be in ascending order. 'lab' should be before 'level'.","https://eslint.org/docs/latest/rules/sort-keys"
"sort-keys","eslint",3,"BestPractices,JavaScript,TypeScript","scripts/verify/rules.mjs",527,35,527,44,"Expected object keys to be in ascending order. 'auditable' should be before 'lab'.","https://eslint.org/docs/latest/rules/sort-keys"
"sort-keys","eslint",3,"BestPractices,JavaScript,TypeScript","scripts/verify/rules.mjs",529,5,529,10,"Expected object keys to be in ascending order. 'check' should be before 'title'.","https://eslint.org/docs/latest/rules/sort-keys"
"no-ternary","eslint",3,"BestPractices,JavaScript,TypeScript","scripts/verify/rules.mjs",531,14,533,85,"Ternary operator used.","https://eslint.org/docs/latest/rules/no-ternary"
"sort-keys","eslint",3,"BestPractices,JavaScript,TypeScript","scripts/verify/rules.mjs",537,27,537,30,"Expected object keys to be in ascending order. 'lab' should be before 'level'.","https://eslint.org/docs/latest/rules/sort-keys"
"sort-keys","eslint",3,"BestPractices,JavaScript,TypeScript","scripts/verify/rules.mjs",539,5,539,10,"Expected object keys to be in ascending order. 'check' should be before 'title'.","https://eslint.org/docs/latest/rules/sort-keys"
"one-var","eslint",3,"BestPractices,JavaScript,TypeScript,Fixable","scripts/verify/rules.mjs",541,7,541,93,"Combine this with the previous 'const' statement.","https://eslint.org/docs/latest/rules/one-var"
"no-magic-numbers","eslint",3,"BestPractices,JavaScript","scripts/verify/rules.mjs",542,28,542,29,"No magic number: 0.","https://eslint.org/docs/latest/rules/no-magic-numbers"
"one-var","eslint",3,"BestPractices,JavaScript,TypeScript,Fixable","scripts/verify/rules.mjs",545,7,545,81,"Combine this with the previous 'const' statement.","https://eslint.org/docs/latest/rules/one-var"
"new-cap","eslint",3,"BestPractices,JavaScript,TypeScript","scripts/verify/rules.mjs",545,39,545,46,"A function with a name starting with an uppercase letter should only be used as a constructor.","https://eslint.org/docs/latest/rules/new-cap"
"no-negated-condition","eslint",3,"BestPractices,JavaScript,TypeScript","scripts/verify/rules.mjs",546,14,548,132,"Unexpected negated condition.","https://eslint.org/docs/latest/rules/no-negated-condition"
"no-ternary","eslint",3,"BestPractices,JavaScript,TypeScript","scripts/verify/rules.mjs",546,14,548,132,"Ternary operator used.","https://eslint.org/docs/latest/rules/no-ternary"
"require-unicode-regexp","eslint",3,"BestPractices,JavaScript,TypeScript","scripts/verify/rules.mjs",546,15,546,31,"Use the 'u' flag.","https://eslint.org/docs/latest/rules/require-unicode-regexp"
"new-cap","eslint",3,"BestPractices,JavaScript,TypeScript","scripts/verify/rules.mjs",548,78,548,85,"A function with a name starting with an uppercase letter should only be used as a constructor.","https://eslint.org/docs/latest/rules/new-cap"
"sort-keys","eslint",3,"BestPractices,JavaScript,TypeScript","scripts/verify/rules.mjs",552,27,552,30,"Expected object keys to be in ascending order. 'lab' should be before 'level'.","https://eslint.org/docs/latest/rules/sort-keys"
"sort-keys","eslint",3,"BestPractices,JavaScript,TypeScript","scripts/verify/rules.mjs",554,5,554,10,"Expected object keys to be in ascending order. 'check' should be before 'title'.","https://eslint.org/docs/latest/rules/sort-keys"
"new-cap","eslint",3,"BestPractices,JavaScript,TypeScript","scripts/verify/rules.mjs",558,39,558,44,"A function with a name starting with an uppercase letter should only be used as a constructor.","https://eslint.org/docs/latest/rules/new-cap"
"no-ternary","eslint",3,"BestPractices,JavaScript,TypeScript","scripts/verify/rules.mjs",559,14,564,10,"Ternary operator used.","https://eslint.org/docs/latest/rules/no-ternary"
"new-cap","eslint",3,"BestPractices,JavaScript,TypeScript","scripts/verify/rules.mjs",563,14,563,19,"A function with a name starting with an uppercase letter should only be used as a constructor.","https://eslint.org/docs/latest/rules/new-cap"
"sort-keys","eslint",3,"BestPractices,JavaScript,TypeScript","scripts/verify/rules.mjs",568,27,568,30,"Expected object keys to be in ascending order. 'lab' should be before 'level'.","https://eslint.org/docs/latest/rules/sort-keys"
"sort-keys","eslint",3,"BestPractices,JavaScript,TypeScript","scripts/verify/rules.mjs",570,5,570,10,"Expected object keys to be in ascending order. 'check' should be before 'title'.","https://eslint.org/docs/latest/rules/sort-keys"
"new-cap","eslint",3,"BestPractices,JavaScript,TypeScript","scripts/verify/rules.mjs",574,40,574,45,"A function with a name starting with an uppercase letter should only be used as a constructor.","https://eslint.org/docs/latest/rules/new-cap"
"new-cap","eslint",3,"BestPractices,JavaScript,TypeScript","scripts/verify/rules.mjs",578,14,578,19,"A function with a name starting with an uppercase letter should only be used as a constructor.","https://eslint.org/docs/latest/rules/new-cap"
"one-var","eslint",3,"BestPractices,JavaScript,TypeScript,Fixable","scripts/verify/rules.mjs",581,7,581,40,"Combine this with the previous 'const' statement.","https://eslint.org/docs/latest/rules/one-var"
"no-ternary","eslint",3,"BestPractices,JavaScript,TypeScript","scripts/verify/rules.mjs",582,14,584,75,"Ternary operator used.","https://eslint.org/docs/latest/rules/no-ternary"
"sort-keys","eslint",3,"BestPractices,JavaScript,TypeScript","scripts/verify/rules.mjs",588,27,588,30,"Expected object keys to be in ascending order. 'lab' should be before 'level'.","https://eslint.org/docs/latest/rules/sort-keys"
"sort-keys","eslint",3,"BestPractices,JavaScript,TypeScript","scripts/verify/rules.mjs",590,5,590,10,"Expected object keys to be in ascending order. 'check' should be before 'title'.","https://eslint.org/docs/latest/rules/sort-keys"
"new-cap","eslint",3,"BestPractices,JavaScript,TypeScript","scripts/verify/rules.mjs",591,41,591,46,"A function with a name starting with an uppercase letter should only be used as a constructor.","https://eslint.org/docs/latest/rules/new-cap"
"one-var","eslint",3,"BestPractices,JavaScript,TypeScript,Fixable","scripts/verify/rules.mjs",592,7,592,81,"Combine this with the previous 'const' statement.","https://eslint.org/docs/latest/rules/one-var"
"require-unicode-regexp","eslint",3,"BestPractices,JavaScript,TypeScript","scripts/verify/rules.mjs",592,27,592,67,"Use the 'u' flag.","https://eslint.org/docs/latest/rules/require-unicode-regexp"
"new-cap","eslint",3,"BestPractices,JavaScript,TypeScript","scripts/verify/rules.mjs",596,14,596,19,"A function with a name starting with an uppercase letter should only be used as a constructor.","https://eslint.org/docs/latest/rules/new-cap"
"one-var","eslint",3,"BestPractices,JavaScript,TypeScript,Fixable","scripts/verify/rules.mjs",599,7,599,39,"Combine this with the previous 'const' statement.","https://eslint.org/docs/latest/rules/one-var"
"no-ternary","eslint",3,"BestPractices,JavaScript,TypeScript","scripts/verify/rules.mjs",600,14,602,81,"Ternary operator used.","https://eslint.org/docs/latest/rules/no-ternary"
"sort-keys","eslint",3,"BestPractices,JavaScript,TypeScript","scripts/verify/rules.mjs",606,27,606,30,"Expected object keys to be in ascending order. 'lab' should be before 'level'.","https://eslint.org/docs/latest/rules/sort-keys"
"sort-keys","eslint",3,"BestPractices,JavaScript,TypeScript","scripts/verify/rules.mjs",608,5,608,10,"Expected object keys to be in ascending order. 'check' should be before 'title'.","https://eslint.org/docs/latest/rules/sort-keys"
"one-var","eslint",3,"BestPractices,JavaScript,TypeScript,Fixable","scripts/verify/rules.mjs",610,7,610,83,"Combine this with the previous 'const' statement.","https://eslint.org/docs/latest/rules/one-var"
"require-unicode-regexp","eslint",3,"BestPractices,JavaScript,TypeScript","scripts/verify/rules.mjs",610,31,610,81,"Use the 'u' flag.","https://eslint.org/docs/latest/rules/require-unicode-regexp"
"no-ternary","eslint",3,"BestPractices,JavaScript,TypeScript","scripts/verify/rules.mjs",611,14,616,10,"Ternary operator used.","https://eslint.org/docs/latest/rules/no-ternary"
"no-magic-numbers","eslint",3,"BestPractices,JavaScript","scripts/verify/rules.mjs",612,55,612,56,"No magic number: 0.","https://eslint.org/docs/latest/rules/no-magic-numbers"
"sort-keys","eslint",3,"BestPractices,JavaScript,TypeScript","scripts/verify/rules.mjs",620,27,620,30,"Expected object keys to be in ascending order. 'lab' should be before 'level'.","https://eslint.org/docs/latest/rules/sort-keys"
"sort-keys","eslint",3,"BestPractices,JavaScript,TypeScript","scripts/verify/rules.mjs",622,5,622,10,"Expected object keys to be in ascending order. 'check' should be before 'title'.","https://eslint.org/docs/latest/rules/sort-keys"
"one-var","eslint",3,"BestPractices,JavaScript,TypeScript,Fixable","scripts/verify/rules.mjs",624,7,624,89,"Combine this with the previous 'const' statement.","https://eslint.org/docs/latest/rules/one-var"
"id-length","eslint",3,"BestPractices,JavaScript,TypeScript","scripts/verify/rules.mjs",624,40,624,41,"Identifier name 'f' is too short (< 2).","https://eslint.org/docs/latest/rules/id-length"
"require-unicode-regexp","eslint",3,"BestPractices,JavaScript,TypeScript","scripts/verify/rules.mjs",624,46,624,79,"Use the 'u' flag.","https://eslint.org/docs/latest/rules/require-unicode-regexp"
"no-ternary","eslint",3,"BestPractices,JavaScript,TypeScript","scripts/verify/rules.mjs",625,14,630,10,"Ternary operator used.","https://eslint.org/docs/latest/rules/no-ternary"
"no-magic-numbers","eslint",3,"BestPractices,JavaScript","scripts/verify/rules.mjs",625,35,625,36,"No magic number: 0.","https://eslint.org/docs/latest/rules/no-magic-numbers"
"sort-keys","eslint",3,"BestPractices,JavaScript,TypeScript","scripts/verify/rules.mjs",634,27,634,30,"Expected object keys to be in ascending order. 'lab' should be before 'level'.","https://eslint.org/docs/latest/rules/sort-keys"
"sort-keys","eslint",3,"BestPractices,JavaScript,TypeScript","scripts/verify/rules.mjs",636,5,636,10,"Expected object keys to be in ascending order. 'check' should be before 'title'.","https://eslint.org/docs/latest/rules/sort-keys"
"one-var","eslint",3,"BestPractices,JavaScript,TypeScript,Fixable","scripts/verify/rules.mjs",638,7,638,55,"Combine this with the previous 'const' statement.","https://eslint.org/docs/latest/rules/one-var"
"require-unicode-regexp","eslint",3,"BestPractices,JavaScript,TypeScript","scripts/verify/rules.mjs",638,26,638,42,"Use the 'u' flag.","https://eslint.org/docs/latest/rules/require-unicode-regexp"
"one-var","eslint",3,"BestPractices,JavaScript,TypeScript,Fixable","scripts/verify/rules.mjs",639,7,639,98,"Combine this with the previous 'const' statement.","https://eslint.org/docs/latest/rules/one-var"
"new-cap","eslint",3,"BestPractices,JavaScript,TypeScript","scripts/verify/rules.mjs",639,54,639,59,"A function with a name starting with an uppercase letter should only be used as a constructor.","https://eslint.org/docs/latest/rules/new-cap"
"new-cap","eslint",3,"BestPractices,JavaScript,TypeScript","scripts/verify/rules.mjs",643,14,643,19,"A function with a name starting with an uppercase letter should only be used as a constructor.","https://eslint.org/docs/latest/rules/new-cap"
"no-ternary","eslint",3,"BestPractices,JavaScript,TypeScript","scripts/verify/rules.mjs",646,14,648,97,"Ternary operator used.","https://eslint.org/docs/latest/rules/no-ternary"
"func-style","eslint",3,"BestPractices,JavaScript,TypeScript","scripts/verify/rules.mjs",653,8,655,2,"Expected a function expression.","https://eslint.org/docs/latest/rules/func-style"
"id-length","eslint",3,"BestPractices,JavaScript,TypeScript","scripts/verify/rules.mjs",654,24,654,25,"Identifier name 'r' is too short (< 2).","https://eslint.org/docs/latest/rules/id-length"
"func-style","eslint",3,"BestPractices,JavaScript,TypeScript","scripts/verify/rules.mjs",657,8,659,2,"Expected a function expression.","https://eslint.org/docs/latest/rules/func-style"
"id-length","eslint",3,"BestPractices,JavaScript,TypeScript","scripts/verify/rules.mjs",658,22,658,23,"Identifier name 'r' is too short (< 2).","https://eslint.org/docs/latest/rules/id-length"
