Results of code-analyzer-aura linter (version 5.16.0)
See documentation on https://megalinter.io/10.1.0/descriptors/salesforce_code_analyzer_aura/
-----------------------------------------------

❌ [ERROR] for workspace /github/workspace
Linter raw log:

Streaming logs in real time to:
    /tmp/sfca-2026_09_16_00_40_22_255.log

Selecting rules... Eligible engines: retire-js, regex, uibundle, eslint, apexguru, flow, cpd, pmd, sfge; Completion: 0%; Elapsed time: 0sSelecting rules... Eligible engines: retire-js, regex, uibundle, eslint, apexguru, flow, cpd, pmd, sfge; Completion: 11%; Elapsed time: 0sSelecting rules... Eligible engines: retire-js, regex, uibundle, eslint, apexguru, flow, cpd, pmd, sfge; Completion: 22%; Elapsed time: 0sSelecting rules... Eligible engines: retire-js, regex, uibundle, eslint, apexguru, flow, cpd, pmd, sfge; Completion: 23%; Elapsed time: 0sSelecting rules... Eligible engines: retire-js, regex, uibundle, eslint, apexguru, flow, cpd, pmd, sfge; Completion: 24%; Elapsed time: 0sSelecting rules... Eligible engines: retire-js, regex, uibundle, eslint, apexguru, flow, cpd, pmd, sfge; Completion: 25%; Elapsed time: 0sSelecting rules... Eligible engines: retire-js, regex, uibundle, eslint, apexguru, flow, cpd, pmd, sfge; Completion: 26%; Elapsed time: 0sSelecting rules... Eligible engines: retire-js, regex, uibundle, eslint, apexguru, flow, cpd, pmd, sfge; Completion: 27%; Elapsed time: 0sSelecting rules... Eligible engines: retire-js, regex, uibundle, eslint, apexguru, flow, cpd, pmd, sfge; Completion: 28%; Elapsed time: 0sSelecting rules... Eligible engines: retire-js, regex, uibundle, eslint, apexguru, flow, cpd, pmd, sfge; Completion: 29%; Elapsed time: 0sSelecting rules... Eligible engines: retire-js, regex, uibundle, eslint, apexguru, flow, cpd, pmd, sfge; Completion: 30%; Elapsed time: 0sSelecting rules... Eligible engines: retire-js, regex, uibundle, eslint, apexguru, flow, cpd, pmd, sfge; Completion: 31%; Elapsed time: 0sSelecting rules... Eligible engines: retire-js, regex, uibundle, eslint, apexguru, flow, cpd, pmd, sfge; Completion: 32%; Elapsed time: 0sSelecting rules... Eligible engines: retire-js, regex, uibundle, eslint, apexguru, flow, cpd, pmd, sfge; Completion: 33%; Elapsed time: 0sSelecting rules... Eligible engines: retire-js, regex, uibundle, eslint, apexguru, flow, cpd, pmd, sfge; Completion: 44%; Elapsed time: 0sSelecting rules... Eligible engines: retire-js, regex, uibundle, eslint, apexguru, flow, cpd, pmd, sfge; Completion: 52%; Elapsed time: 0sSelecting rules... Eligible engines: retire-js, regex, uibundle, eslint, apexguru, flow, cpd, pmd, sfge; Completion: 55%; Elapsed time: 0sSelecting rules... Eligible engines: retire-js, regex, uibundle, eslint, apexguru, flow, cpd, pmd, sfge; Completion: 56%; Elapsed time: 0sSelecting rules... Eligible engines: retire-js, regex, uibundle, eslint, apexguru, flow, cpd, pmd, sfge; Completion: 57%; Elapsed time: 0sSelecting rules... Eligible engines: retire-js, regex, uibundle, eslint, apexguru, flow, cpd, pmd, sfge; Completion: 61%; Elapsed time: 0sSelecting rules... Eligible engines: retire-js, regex, uibundle, eslint, apexguru, flow, cpd, pmd, sfge; Completion: 68%; Elapsed time: 0sSelecting rules... Eligible engines: retire-js, regex, uibundle, eslint, apexguru, flow, cpd, pmd, sfge; Completion: 69%; Elapsed time: 0sSelecting rules... Eligible engines: retire-js, regex, uibundle, eslint, apexguru, flow, cpd, pmd, sfge; Completion: 80%; Elapsed time: 0sSelecting rules... Eligible engines: retire-js, regex, uibundle, eslint, apexguru, flow, cpd, pmd, sfge; Completion: 80%; Elapsed time: 1sSelecting rules... Eligible engines: retire-js, regex, uibundle, eslint, apexguru, flow, cpd, pmd, sfge; Completion: 80%; Elapsed time: 2sSelecting rules... Eligible engines: retire-js, regex, uibundle, eslint, apexguru, flow, cpd, pmd, sfge; Completion: 80%; Elapsed time: 3sSelecting rules... Eligible engines: retire-js, regex, uibundle, eslint, apexguru, flow, cpd, pmd, sfge; Completion: 87%; Elapsed time: 3sSelecting rules... Eligible engines: retire-js, regex, uibundle, eslint, apexguru, flow, cpd, pmd, sfge; Completion: 88%; Elapsed time: 3sSelecting rules... Eligible engines: retire-js, regex, uibundle, eslint, apexguru, flow, cpd, pmd, sfge; Completion: 89%; Elapsed time: 3sSelecting rules... Eligible engines: retire-js, regex, uibundle, eslint, apexguru, flow, cpd, pmd, sfge; Completion: 90%; Elapsed time: 3sSelecting rules... Eligible engines: retire-js, regex, uibundle, eslint, apexguru, flow, cpd, pmd, sfge; Completion: 97%; Elapsed time: 3sSelecting rules... Eligible engines: retire-js, regex, uibundle, eslint, apexguru, flow, cpd, pmd, sfge; Completion: 98%; Elapsed time: 3sSelecting rules... Eligible engines: retire-js, regex, uibundle, eslint, apexguru, flow, cpd, pmd, sfge; Completion: 99%; Elapsed time: 3sSelecting rules... Eligible engines: retire-js, regex, uibundle, eslint, apexguru, flow, cpd, pmd, sfge; Completion: 100%; Elapsed time: 3sSelecting rules... done.
Executing rules... 0 of 1 engines finished after 0s.
- eslint at 0% completion.Executing rules... 0 of 1 engines finished after 1s.
- eslint at 0% completion.Executing rules... 0 of 1 engines finished after 2s.
- eslint at 0% completion.Executing rules... 0 of 1 engines finished after 3s.
- eslint at 0% completion.Executing rules... 0 of 1 engines finished after 4s.
- eslint at 0% completion.Executing rules... 0 of 1 engines finished after 4s.
- eslint at 32.83% completion.Executing rules... 0 of 1 engines finished after 4s.
- eslint at 35.65% completion.Executing rules... 0 of 1 engines finished after 4s.
- eslint at 38.48% completion.Executing rules... 0 of 1 engines finished after 4s.
- eslint at 41.3% completion.Executing rules... 0 of 1 engines finished after 5s.
- eslint at 41.3% completion.Executing rules... 0 of 1 engines finished after 5s.
- eslint at 44.13% completion.Executing rules... 0 of 1 engines finished after 5s.
- eslint at 46.96% completion.Executing rules... 0 of 1 engines finished after 5s.
- eslint at 49.78% completion.Executing rules... 0 of 1 engines finished after 5s.
- eslint at 52.61% completion.Executing rules... 0 of 1 engines finished after 6s.
- eslint at 52.61% completion.Executing rules... 0 of 1 engines finished after 6s.
- eslint at 55.43% completion.Executing rules... 0 of 1 engines finished after 6s.
- eslint at 58.26% completion.Executing rules... 0 of 1 engines finished after 6s.
- eslint at 61.09% completion.Executing rules... 0 of 1 engines finished after 6s.
- eslint at 63.91% completion.Executing rules... 0 of 1 engines finished after 6s.
- eslint at 66.74% completion.Executing rules... 0 of 1 engines finished after 7s.
- eslint at 66.74% completion.Executing rules... 0 of 1 engines finished after 7s.
- eslint at 69.57% completion.Executing rules... 0 of 1 engines finished after 7s.
- eslint at 72.39% completion.Executing rules... 0 of 1 engines finished after 7s.
- eslint at 75.22% completion.Executing rules... 0 of 1 engines finished after 7s.
- eslint at 78.04% completion.Executing rules... 0 of 1 engines finished after 7s.
- eslint at 80.87% completion.Executing rules... 0 of 1 engines finished after 8s.
- eslint at 80.87% completion.Executing rules... 0 of 1 engines finished after 8s.
- eslint at 83.7% completion.Executing rules... 0 of 1 engines finished after 8s.
- eslint at 86.52% completion.Executing rules... 0 of 1 engines finished after 8s.
- eslint at 89.35% completion.Executing rules... 0 of 1 engines finished after 8s.
- eslint at 92.17% completion.Executing rules... 0 of 1 engines finished after 8s.
- eslint at 95% completion.Executing rules... 1 of 1 engines finished after 8s.
- eslint at 100% completion.Executing rules... done. Executed rules from eslint.
Warning: React version was set to "detect" in eslint-plugin-react settings, but the "react" package is not installed. Assuming latest React version for linting.

Violation file paths relative to '/github/workspace'.
 #     Severity      Rule                                     Location                                                                       Message                                                                                                                                  
--------------------------------------------------------------------------------------------------------------------------------------------------------------------------------------------------------------------------------------------------------------------------------------
 1     2 (High)      eslint:no-unused-vars                    scripts/build/data.mjs:42:7                                                    'STATUSES' is assigned a value but never used.                                                                                           
 2     2 (High)      eslint:no-useless-assignment             scripts/build/universe.mjs:56:7                                                This assigned value is not used in subsequent statements.                                                                                
 3     2 (High)      eslint:no-useless-assignment             scripts/build/universe.mjs:64:7                                                This assigned value is not used in subsequent statements.                                                                                
 4     2 (High)      eslint:no-promise-executor-return        scripts/lib/util.mjs:140:49                                                    Return values from promise executor functions cannot be read.                                                                            
 5     2 (High)      eslint:no-await-in-loop                  scripts/lib/util.mjs:174:20                                                    Unexpected `await` inside a loop.                                                                                                        
 6     2 (High)      eslint:no-unused-vars                    scripts/training/simulate.mjs:17:47                                            'git' is defined but never used.                                                                                                         
 7     2 (High)      eslint:no-template-curly-in-string       scripts/verify/check-commands.mjs:55:19                                        Unexpected template string expression.                                                                                                   
 8     2 (High)      eslint:no-await-in-loop                  scripts/verify/check-links.mjs:85:24                                           Unexpected `await` inside a loop.                                                                                                        
 9     2 (High)      eslint:no-await-in-loop                  scripts/verify/check-links.mjs:113:19                                          Unexpected `await` inside a loop.                                                                                                        
 10    3 (Moderate)  eslint:sort-keys                         force-app/main/default/lwc/installationTimeline/installationTimeline.js:5:21   Expected object keys to be in ascending order. 'fieldName' should be before 'label'.                                                     
 11    3 (Moderate)  eslint:sort-keys                         force-app/main/default/lwc/installationTimeline/installationTimeline.js:6:22   Expected object keys to be in ascending order. 'fieldName' should be before 'label'.                                                     
 12    3 (Moderate)  eslint:sort-keys                         force-app/main/default/lwc/installationTimeline/installationTimeline.js:6:61   Expected object keys to be in ascending order. 'cellAttributes' should be before 'type'.                                                 
 13    3 (Moderate)  eslint:sort-keys                         force-app/main/default/lwc/installationTimeline/installationTimeline.js:7:23   Expected object keys to be in ascending order. 'fieldName' should be before 'label'.                                                     
 14    3 (Moderate)  eslint:sort-keys                         force-app/main/default/lwc/installationTimeline/installationTimeline.js:8:29   Expected object keys to be in ascending order. 'fieldName' should be before 'label'.                                                     
 15    3 (Moderate)  eslint:sort-keys                         force-app/main/default/lwc/installationTimeline/installationTimeline.js:20:5   Expected object keys to be in ascending order. 'fields' should be before 'relatedListId'.                                                
 16    3 (Moderate)  eslint:sort-keys                         force-app/main/default/lwc/installationTimeline/installationTimeline.js:34:9   Expected object keys to be in ascending order. 'arrival' should be before 'quantity'.                                                    
 17    3 (Moderate)  eslint:no-undefined                      force-app/main/default/lwc/installationTimeline/installationTimeline.js:37:20  Unexpected use of undefined.                                                                                                             
 18    3 (Moderate)  eslint:no-magic-numbers                  force-app/main/default/lwc/installationTimeline/installationTimeline.js:45:31  No magic number: 0.                                                                                                                      
 19    3 (Moderate)  eslint:@lwc/lwc-platform/no-process-env  scripts/badges/parse-claim.mjs:13:14                                           Usage of `process.env.ISSUE_BODY` is not allowed                                                                                         
 20    3 (Moderate)  eslint:one-var                           scripts/badges/parse-claim.mjs:14:1                                            Combine this with the previous 'const' statement.                                                                                        
 21    3 (Moderate)  eslint:@lwc/lwc-platform/no-process-env  scripts/badges/parse-claim.mjs:14:17                                           Usage of `process.env.ISSUE_AUTHOR` is not allowed                                                                                       
 22    3 (Moderate)  eslint:func-style                        scripts/badges/parse-claim.mjs:17:1                                            Expected a function expression.                                                                                                          
 23    3 (Moderate)  eslint:require-unicode-regexp            scripts/badges/parse-claim.mjs:18:19                                           Use the 'u' flag.                                                                                                                        
 24    3 (Moderate)  eslint:one-var                           scripts/badges/parse-claim.mjs:19:3                                            Combine this with the previous 'const' statement.                                                                                        
 25    3 (Moderate)  eslint:no-magic-numbers                  scripts/badges/parse-claim.mjs:23:16                                           No magic number: 1.                                                                                                                      
 26    3 (Moderate)  eslint:require-unicode-regexp            scripts/badges/parse-claim.mjs:24:12                                           Use the 'u' flag.                                                                                                                        
 27    3 (Moderate)  eslint:func-style                        scripts/badges/parse-claim.mjs:31:1                                            Expected a function expression.                                                                                                          
 28    3 (Moderate)  eslint:no-magic-numbers                  scripts/badges/parse-claim.mjs:35:55                                           No magic number: 36.                                                                                                                     
 29    3 (Moderate)  eslint:no-magic-numbers                  scripts/badges/parse-claim.mjs:35:65                                           No magic number: 2.                                                                                                                      
 30    3 (Moderate)  eslint:no-console                        scripts/badges/parse-claim.mjs:36:7                                            Unexpected console statement.                                                                                                            
 31    3 (Moderate)  eslint:no-console                        scripts/badges/parse-claim.mjs:37:7                                            Unexpected console statement.                                                                                                            
 32    3 (Moderate)  eslint:no-console                        scripts/badges/parse-claim.mjs:38:7                                            Unexpected console statement.                                                                                                            
 33    3 (Moderate)  eslint:no-console                        scripts/badges/parse-claim.mjs:40:7                                            Unexpected console statement.                                                                                                            
 34    3 (Moderate)  eslint:func-style                        scripts/badges/parse-claim.mjs:45:1                                            Expected a function expression.                                                                                                          
 35    3 (Moderate)  eslint:sort-keys                         scripts/badges/parse-claim.mjs:46:28                                           Expected object keys to be in ascending order. 'reason' should be before 'valid'.                                                        
 36    3 (Moderate)  eslint:@lwc/lwc-platform/no-process-env  scripts/badges/parse-claim.mjs:47:3                                            Usage of `process.exit` is not allowed                                                                                                   
 37    3 (Moderate)  eslint:no-magic-numbers                  scripts/badges/parse-claim.mjs:47:16                                           No magic number: 0.                                                                                                                      
 38    3 (Moderate)  eslint:one-var                           scripts/badges/parse-claim.mjs:51:1                                            Combine this with the previous 'const' statement.                                                                                        
 39    3 (Moderate)  eslint:one-var                           scripts/badges/parse-claim.mjs:52:1                                            Combine this with the previous 'const' statement.                                                                                        
 40    3 (Moderate)  eslint:prefer-named-capture-group        scripts/badges/parse-claim.mjs:52:35                                           Capture group '([123])' should be converted to a named or non-capturing group.                                                           
 41    3 (Moderate)  eslint:require-unicode-regexp            scripts/badges/parse-claim.mjs:52:35                                           Use the 'u' flag.                                                                                                                        
 42    3 (Moderate)  eslint:one-var                           scripts/badges/parse-claim.mjs:63:1                                            Combine this with the previous 'const' statement.                                                                                        
 43    3 (Moderate)  eslint:no-magic-numbers                  scripts/badges/parse-claim.mjs:63:33                                           No magic number: 1.                                                                                                                      
 44    3 (Moderate)  eslint:one-var                           scripts/badges/parse-claim.mjs:66:1                                            Combine this with the previous 'const' statement.                                                                                        
 45    3 (Moderate)  eslint:require-unicode-regexp            scripts/badges/parse-claim.mjs:67:6                                            Use the 'u' flag.                                                                                                                        
 46    3 (Moderate)  eslint:one-var                           scripts/badges/parse-claim.mjs:81:1                                            Combine this with the previous 'const' statement.                                                                                        
 47    3 (Moderate)  eslint:one-var                           scripts/badges/parse-claim.mjs:82:1                                            Combine this with the previous 'const' statement.                                                                                        
 48    3 (Moderate)  eslint:prefer-named-capture-group        scripts/badges/parse-claim.mjs:82:33                                           Capture group '([A-Za-z0-9][A-Za-z0-9-]{0,38})' should be converted to a named or non-capturing group.                                   
 49    3 (Moderate)  eslint:prefer-named-capture-group        scripts/badges/parse-claim.mjs:82:33                                           Capture group '([A-Za-z0-9._-]{1,100}?)' should be converted to a named or non-capturing group.                                          
 50    3 (Moderate)  eslint:require-unicode-regexp            scripts/badges/parse-claim.mjs:82:33                                           Use the 'u' flag.                                                                                                                        
 51    3 (Moderate)  eslint:one-var                           scripts/badges/parse-claim.mjs:100:1                                           Combine this with the previous 'const' statement.                                                                                        
 52    3 (Moderate)  eslint:capitalized-comments              scripts/badges/parse-claim.mjs:116:1                                           Comments should not begin with a lowercase character.                                                                                    
 53    3 (Moderate)  eslint:capitalized-comments              scripts/badges/parse-claim.mjs:117:1                                           Comments should not begin with a lowercase character.                                                                                    
 54    3 (Moderate)  eslint:sort-keys                         scripts/badges/parse-claim.mjs:136:3                                           Expected object keys to be in ascending order. 'reason' should be before 'valid'.                                                        
 55    3 (Moderate)  eslint:sort-keys                         scripts/badges/parse-claim.mjs:137:3                                           Expected object keys to be in ascending order. 'level' should be before 'reason'.                                                        
 56    3 (Moderate)  eslint:sort-keys                         scripts/badges/parse-claim.mjs:138:3                                           Expected object keys to be in ascending order. 'handle' should be before 'level'.                                                        
 57    3 (Moderate)  eslint:sort-keys                         scripts/badges/parse-claim.mjs:140:3                                           Expected object keys to be in ascending order. 'repo' should be before 'trailblazer'.                                                    
 58    3 (Moderate)  eslint:sort-imports                      scripts/badges/render.mjs:12:1                                                 Imports should be sorted alphabetically.                                                                                                 
 59    3 (Moderate)  eslint:one-var                           scripts/badges/render.mjs:16:1                                                 Combine this with the previous 'const' statement.                                                                                        
 60    3 (Moderate)  eslint:one-var                           scripts/badges/render.mjs:17:1                                                 Combine this with the previous 'const' statement.                                                                                        
 61    3 (Moderate)  eslint:one-var                           scripts/badges/render.mjs:19:1                                                 Combine this with the previous 'const' statement.                                                                                        
 62    3 (Moderate)  eslint:one-var                           scripts/badges/render.mjs:20:1                                                 Combine this with the previous 'const' statement.                                                                                        
 63    3 (Moderate)  eslint:one-var                           scripts/badges/render.mjs:21:1                                                 Combine this with the previous 'const' statement.                                                                                        
 64    3 (Moderate)  eslint:one-var                           scripts/badges/render.mjs:23:1                                                 Combine this with the previous 'const' statement.                                                                                        
 65    3 (Moderate)  eslint:sort-keys                         scripts/badges/render.mjs:24:48                                                Expected object keys to be in ascending order. 'hue' should be before 'name'.                                                            
 66    3 (Moderate)  eslint:sort-keys                         scripts/badges/render.mjs:24:64                                                Expected object keys to be in ascending order. 'blurb' should be before 'hue'.                                                           
 67    3 (Moderate)  eslint:sort-keys                         scripts/badges/render.mjs:25:41                                                Expected object keys to be in ascending order. 'hue' should be before 'name'.                                                            
 68    3 (Moderate)  eslint:sort-keys                         scripts/badges/render.mjs:25:57                                                Expected object keys to be in ascending order. 'blurb' should be before 'hue'.                                                           
 69    3 (Moderate)  eslint:sort-keys                         scripts/badges/render.mjs:26:45                                                Expected object keys to be in ascending order. 'hue' should be before 'name'.                                                            
 70    3 (Moderate)  eslint:sort-keys                         scripts/badges/render.mjs:26:61                                                Expected object keys to be in ascending order. 'blurb' should be before 'hue'.                                                           
 71    3 (Moderate)  eslint:one-var                           scripts/badges/render.mjs:29:1                                                 Combine this with the previous 'const' statement.                                                                                        
 72    3 (Moderate)  eslint:@lwc/lwc-platform/no-process-env  scripts/badges/render.mjs:29:24                                                Usage of `process.argv.slice` is not allowed                                                                                             
 73    3 (Moderate)  eslint:no-magic-numbers                  scripts/badges/render.mjs:29:43                                                No magic number: 2.                                                                                                                      
 74    3 (Moderate)  eslint:no-console                        scripts/badges/render.mjs:31:3                                                 Unexpected console statement.                                                                                                            
 75    3 (Moderate)  eslint:@lwc/lwc-platform/no-process-env  scripts/badges/render.mjs:32:3                                                 Usage of `process.exit` is not allowed                                                                                                   
 76    3 (Moderate)  eslint:no-magic-numbers                  scripts/badges/render.mjs:32:16                                                No magic number: 2.                                                                                                                      
 77    3 (Moderate)  eslint:one-var                           scripts/badges/render.mjs:35:1                                                 Combine this with the previous 'const' statement.                                                                                        
 78    3 (Moderate)  eslint:no-console                        scripts/badges/render.mjs:37:3                                                 Unexpected console statement.                                                                                                            
 79    3 (Moderate)  eslint:@lwc/lwc-platform/no-process-env  scripts/badges/render.mjs:38:3                                                 Usage of `process.exit` is not allowed                                                                                                   
 80    3 (Moderate)  eslint:no-magic-numbers                  scripts/badges/render.mjs:38:16                                                No magic number: 1.                                                                                                                      
 81    3 (Moderate)  eslint:one-var                           scripts/badges/render.mjs:41:1                                                 Combine this with the previous 'const' statement.                                                                                        
 82    3 (Moderate)  eslint:prefer-destructuring              scripts/badges/render.mjs:41:7                                                 Use object destructuring.                                                                                                                
 83    3 (Moderate)  eslint:one-var                           scripts/badges/render.mjs:42:1                                                 Combine this with the previous 'const' statement.                                                                                        
 84    3 (Moderate)  eslint:prefer-destructuring              scripts/badges/render.mjs:42:7                                                 Use object destructuring.                                                                                                                
 85    3 (Moderate)  eslint:one-var                           scripts/badges/render.mjs:43:1                                                 Combine this with the previous 'const' statement.                                                                                        
 86    3 (Moderate)  eslint:no-magic-numbers                  scripts/badges/render.mjs:43:46                                                No magic number: 0.                                                                                                                      
 87    3 (Moderate)  eslint:no-magic-numbers                  scripts/badges/render.mjs:43:49                                                No magic number: 10.                                                                                                                     
 88    3 (Moderate)  eslint:one-var                           scripts/badges/render.mjs:44:1                                                 Combine this with the previous 'const' statement.                                                                                        
 89    3 (Moderate)  eslint:func-style                        scripts/badges/render.mjs:47:1                                                 Expected a function expression.                                                                                                          
 90    3 (Moderate)  eslint:one-var                           scripts/badges/render.mjs:49:3                                                 Combine this with the previous 'const' statement.                                                                                        
 91    3 (Moderate)  eslint:require-unicode-regexp            scripts/badges/render.mjs:51:14                                                Use the 'u' flag.                                                                                                                        
 92    3 (Moderate)  eslint:require-unicode-regexp            scripts/badges/render.mjs:52:14                                                Use the 'u' flag.                                                                                                                        
 93    3 (Moderate)  eslint:require-unicode-regexp            scripts/badges/render.mjs:53:14                                                Use the 'u' flag.                                                                                                                        
 94    3 (Moderate)  eslint:require-unicode-regexp            scripts/badges/render.mjs:54:14                                                Use the 'u' flag.                                                                                                                        
 95    3 (Moderate)  eslint:require-unicode-regexp            scripts/badges/render.mjs:55:14                                                Use the 'u' flag.                                                                                                                        
 96    3 (Moderate)  eslint:func-style                        scripts/badges/render.mjs:57:1                                                 Expected a function expression.                                                                                                          
 97    3 (Moderate)  eslint:require-unicode-regexp            scripts/badges/render.mjs:58:32                                                Use the 'u' flag.                                                                                                                        
 98    3 (Moderate)  eslint:sort-keys                         scripts/badges/render.mjs:58:81                                                Expected object keys to be in ascending order. '&' should be before '>'.                                                                 
 99    3 (Moderate)  eslint:sort-keys                         scripts/badges/render.mjs:58:95                                                Expected object keys to be in ascending order. '"' should be before '&'.                                                                 
 100   3 (Moderate)  eslint:one-var                           scripts/badges/render.mjs:65:1                                                 Combine this with the previous 'const' statement.                                                                                        
 101   3 (Moderate)  eslint:one-var                           scripts/badges/render.mjs:66:1                                                 Combine this with the previous 'const' statement.                                                                                        
 102   3 (Moderate)  eslint:no-ternary                        scripts/badges/render.mjs:66:16                                                Ternary operator used.                                                                                                                   
 103   3 (Moderate)  eslint:sort-keys                         scripts/badges/render.mjs:66:115                                               Expected object keys to be in ascending order. 'badges' should be before 'recipient'.                                                    
 104   3 (Moderate)  eslint:capitalized-comments              scripts/badges/render.mjs:74:3                                                 Comments should not begin with a lowercase character.                                                                                    
 105   3 (Moderate)  eslint:sort-keys                         scripts/badges/render.mjs:76:3                                                 Expected object keys to be in ascending order. 'level' should be before 'type'.                                                          
 106   3 (Moderate)  eslint:sort-keys                         scripts/badges/render.mjs:78:3                                                 Expected object keys to be in ascending order. 'description' should be before 'name'.                                                    
 107   3 (Moderate)  eslint:sort-keys                         scripts/badges/render.mjs:82:5                                                 Expected object keys to be in ascending order. 'course' should be before 'url'.                                                          
 108   3 (Moderate)  eslint:sort-keys                         scripts/badges/render.mjs:84:3                                                 Expected object keys to be in ascending order. 'issuedOn' should be before 'issuer'.                                                     
 109   3 (Moderate)  eslint:sort-keys                         scripts/badges/render.mjs:85:3                                                 Expected object keys to be in ascending order. 'evidence' should be before 'issuedOn'.                                                   
 110   3 (Moderate)  eslint:no-ternary                        scripts/badges/render.mjs:87:32                                                Ternary operator used.                                                                                                                   
 111   3 (Moderate)  eslint:sort-keys                         scripts/badges/render.mjs:90:3                                                 Expected object keys to be in ascending order. 'checksPassed' should be before 'image'.                                                  
 112   3 (Moderate)  eslint:id-length                         scripts/badges/render.mjs:93:21                                                Identifier name 'a' is too short (< 2).                                                                                                  
 113   3 (Moderate)  eslint:id-length                         scripts/badges/render.mjs:93:24                                                Identifier name 'b' is too short (< 2).                                                                                                  
 114   3 (Moderate)  eslint:prefer-template                   scripts/badges/render.mjs:94:30                                                Unexpected string concatenation.                                                                                                         
 115   3 (Moderate)  eslint:no-magic-numbers                  scripts/badges/render.mjs:94:59                                                No magic number: 2.                                                                                                                      
 116   3 (Moderate)  eslint:one-var                           scripts/badges/render.mjs:97:1                                                 Combine this with the previous 'const' statement.                                                                                        
 117   3 (Moderate)  eslint:one-var                           scripts/badges/render.mjs:101:1                                                Combine this with the previous 'const' statement.                                                                                        
 118   3 (Moderate)  eslint:no-ternary                        scripts/badges/render.mjs:107:3                                                Ternary operator used.                                                                                                                   
 119   3 (Moderate)  eslint:no-ternary                        scripts/badges/render.mjs:114:47                                               Ternary operator used.                                                                                                                   
 120   3 (Moderate)  eslint:no-magic-numbers                  scripts/badges/render.mjs:114:61                                               No magic number: 0.                                                                                                                      
 121   3 (Moderate)  eslint:no-magic-numbers                  scripts/badges/render.mjs:114:81                                               No magic number: 0.                                                                                                                      
 122   3 (Moderate)  eslint:no-magic-numbers                  scripts/badges/render.mjs:114:93                                               No magic number: 0.                                                                                                                      
 123   3 (Moderate)  eslint:no-magic-numbers                  scripts/badges/render.mjs:114:132                                              No magic number: 0.                                                                                                                      
 124   3 (Moderate)  eslint:no-magic-numbers                  scripts/badges/render.mjs:114:144                                              No magic number: 0.                                                                                                                      
 125   3 (Moderate)  eslint:no-console                        scripts/badges/render.mjs:132:1                                                Unexpected console statement.                                                                                                            
 126   3 (Moderate)  eslint:no-console                        scripts/badges/render.mjs:133:1                                                Unexpected console statement.                                                                                                            
 127   3 (Moderate)  eslint:no-console                        scripts/badges/render.mjs:134:1                                                Unexpected console statement.                                                                                                            
 128   3 (Moderate)  eslint:no-console                        scripts/badges/render.mjs:135:1                                                Unexpected console statement.                                                                                                            
 129   3 (Moderate)  eslint:sort-imports                      scripts/build/data.mjs:13:1                                                    Imports should be sorted alphabetically.                                                                                                 
 130   3 (Moderate)  eslint:one-var                           scripts/build/data.mjs:16:1                                                    Combine this with the previous 'const' statement.                                                                                        
 131   3 (Moderate)  eslint:one-var                           scripts/build/data.mjs:17:1                                                    Combine this with the previous 'const' statement.                                                                                        
 132   3 (Moderate)  eslint:func-style                        scripts/build/data.mjs:21:1                                                    Expected a function expression.                                                                                                          
 133   3 (Moderate)  eslint:no-magic-numbers                  scripts/build/data.mjs:22:18                                                   No magic number: 1103515245.                                                                                                             
 134   3 (Moderate)  eslint:no-magic-numbers                  scripts/build/data.mjs:22:31                                                   No magic number: 12345.                                                                                                                  
 135   3 (Moderate)  eslint:no-magic-numbers                  scripts/build/data.mjs:22:40                                                   No magic number: 2147483648.                                                                                                             
 136   3 (Moderate)  eslint:no-magic-numbers                  scripts/build/data.mjs:23:17                                                   No magic number: 2147483648.                                                                                                             
 137   3 (Moderate)  eslint:one-var                           scripts/build/data.mjs:25:1                                                    Combine this with the previous 'const' statement.                                                                                        
 138   3 (Moderate)  eslint:one-var                           scripts/build/data.mjs:26:1                                                    Combine this with the previous 'const' statement.                                                                                        
 139   3 (Moderate)  eslint:no-magic-numbers                  scripts/build/data.mjs:26:70                                                   No magic number: 1.                                                                                                                      
 140   3 (Moderate)  eslint:one-var                           scripts/build/data.mjs:28:1                                                    Combine this with the previous 'const' statement.                                                                                        
 141   3 (Moderate)  eslint:one-var                           scripts/build/data.mjs:35:1                                                    Combine this with the previous 'const' statement.                                                                                        
 142   3 (Moderate)  eslint:one-var                           scripts/build/data.mjs:37:1                                                    Combine this with the previous 'const' statement.                                                                                        
 143   3 (Moderate)  eslint:one-var                           scripts/build/data.mjs:39:1                                                    Combine this with the previous 'const' statement.                                                                                        
 144   3 (Moderate)  eslint:one-var                           scripts/build/data.mjs:41:1                                                    Combine this with the previous 'const' statement.                                                                                        
 145   3 (Moderate)  eslint:one-var                           scripts/build/data.mjs:42:1                                                    Combine this with the previous 'const' statement.                                                                                        
 146   3 (Moderate)  eslint:func-style                        scripts/build/data.mjs:44:1                                                    Expected a function expression.                                                                                                          
 147   3 (Moderate)  eslint:no-magic-numbers                  scripts/build/data.mjs:45:36                                                   No magic number: 0.                                                                                                                      
 148   3 (Moderate)  eslint:one-var                           scripts/build/data.mjs:46:3                                                    Combine this with the previous 'const' statement.                                                                                        
 149   3 (Moderate)  eslint:id-length                         scripts/build/data.mjs:46:16                                                   Identifier name 'v' is too short (< 2).                                                                                                  
 150   3 (Moderate)  eslint:id-length                         scripts/build/data.mjs:47:11                                                   Identifier name 's' is too short (< 2).                                                                                                  
 151   3 (Moderate)  eslint:no-ternary                        scripts/build/data.mjs:47:15                                                   Ternary operator used.                                                                                                                   
 152   3 (Moderate)  eslint:no-undefined                      scripts/build/data.mjs:47:35                                                   Unexpected use of undefined.                                                                                                             
 153   3 (Moderate)  eslint:no-ternary                        scripts/build/data.mjs:48:12                                                   Ternary operator used.                                                                                                                   
 154   3 (Moderate)  eslint:require-unicode-regexp            scripts/build/data.mjs:48:12                                                   Use the 'u' flag.                                                                                                                        
 155   3 (Moderate)  eslint:require-unicode-regexp            scripts/build/data.mjs:48:45                                                   Use the 'u' flag.                                                                                                                        
 156   3 (Moderate)  eslint:prefer-template                   scripts/build/data.mjs:50:10                                                   Unexpected string concatenation.                                                                                                         
 157   3 (Moderate)  eslint:id-length                         scripts/build/data.mjs:50:43                                                   Identifier name 'r' is too short (< 2).                                                                                                  
 158   3 (Moderate)  eslint:id-length                         scripts/build/data.mjs:50:62                                                   Identifier name 'h' is too short (< 2).                                                                                                  
 159   3 (Moderate)  eslint:func-style                        scripts/build/data.mjs:53:1                                                    Expected a function expression.                                                                                                          
 160   3 (Moderate)  eslint:id-length                         scripts/build/data.mjs:54:9                                                    Identifier name 'd' is too short (< 2).                                                                                                  
 161   3 (Moderate)  eslint:no-magic-numbers                  scripts/build/data.mjs:54:31                                                   No magic number: 2026.                                                                                                                   
 162   3 (Moderate)  eslint:no-magic-numbers                  scripts/build/data.mjs:54:37                                                   No magic number: 0.                                                                                                                      
 163   3 (Moderate)  eslint:no-magic-numbers                  scripts/build/data.mjs:54:40                                                   No magic number: 15.                                                                                                                     
 164   3 (Moderate)  eslint:no-magic-numbers                  scripts/build/data.mjs:56:32                                                   No magic number: 0.                                                                                                                      
 165   3 (Moderate)  eslint:no-magic-numbers                  scripts/build/data.mjs:56:35                                                   No magic number: 10.                                                                                                                     
 166   3 (Moderate)  eslint:one-var                           scripts/build/data.mjs:60:1                                                    Combine this with the previous 'const' statement.                                                                                        
 167   3 (Moderate)  eslint:id-length                         scripts/build/data.mjs:61:10                                                   Identifier name 'i' is too short (< 2).                                                                                                  
 168   3 (Moderate)  eslint:no-magic-numbers                  scripts/build/data.mjs:61:22                                                   No magic number: 40.                                                                                                                     
 169   3 (Moderate)  eslint:no-plusplus                       scripts/build/data.mjs:61:26                                                   Unary operator '++' used.                                                                                                                
 170   3 (Moderate)  eslint:no-magic-numbers                  scripts/build/data.mjs:64:57                                                   No magic number: 2.                                                                                                                      
 171   3 (Moderate)  eslint:sort-keys                         scripts/build/data.mjs:66:5                                                    Expected object keys to be in ascending order. 'Industry' should be before 'Type'.                                                       
 172   3 (Moderate)  eslint:sort-keys                         scripts/build/data.mjs:67:5                                                    Expected object keys to be in ascending order. 'BillingCity' should be before 'Industry'.                                                
 173   3 (Moderate)  eslint:no-magic-numbers                  scripts/build/data.mjs:69:28                                                   No magic number: 10.                                                                                                                     
 174   3 (Moderate)  eslint:no-magic-numbers                  scripts/build/data.mjs:69:32                                                   No magic number: 99.                                                                                                                     
 175   3 (Moderate)  eslint:no-magic-numbers                  scripts/build/data.mjs:69:47                                                   No magic number: 100.                                                                                                                    
 176   3 (Moderate)  eslint:no-magic-numbers                  scripts/build/data.mjs:69:52                                                   No magic number: 999.                                                                                                                    
 177   3 (Moderate)  eslint:no-magic-numbers                  scripts/build/data.mjs:69:68                                                   No magic number: 100.                                                                                                                    
 178   3 (Moderate)  eslint:no-magic-numbers                  scripts/build/data.mjs:69:73                                                   No magic number: 999.                                                                                                                    
 179   3 (Moderate)  eslint:sort-keys                         scripts/build/data.mjs:70:5                                                    Expected object keys to be in ascending order. 'Description' should be before 'Phone'.                                                   
 180   3 (Moderate)  eslint:one-var                           scripts/build/data.mjs:75:1                                                    Combine this with the previous 'const' statement.                                                                                        
 181   3 (Moderate)  eslint:id-length                         scripts/build/data.mjs:76:10                                                   Identifier name 'i' is too short (< 2).                                                                                                  
 182   3 (Moderate)  eslint:no-magic-numbers                  scripts/build/data.mjs:76:22                                                   No magic number: 60.                                                                                                                     
 183   3 (Moderate)  eslint:no-plusplus                       scripts/build/data.mjs:76:26                                                   Unary operator '++' used.                                                                                                                
 184   3 (Moderate)  eslint:one-var                           scripts/build/data.mjs:78:3                                                    Combine this with the previous 'const' statement.                                                                                        
 185   3 (Moderate)  eslint:one-var                           scripts/build/data.mjs:79:3                                                    Combine this with the previous 'const' statement.                                                                                        
 186   3 (Moderate)  eslint:sort-keys                         scripts/build/data.mjs:83:5                                                    Expected object keys to be in ascending order. 'Email' should be before 'LastName'.                                                      
 187   3 (Moderate)  eslint:no-magic-numbers                  scripts/build/data.mjs:83:79                                                   No magic number: 2.                                                                                                                      
 188   3 (Moderate)  eslint:sort-keys                         scripts/build/data.mjs:85:5                                                    Expected object keys to be in ascending order. 'Phone' should be before 'Title'.                                                         
 189   3 (Moderate)  eslint:no-magic-numbers                  scripts/build/data.mjs:85:28                                                   No magic number: 10.                                                                                                                     
 190   3 (Moderate)  eslint:no-magic-numbers                  scripts/build/data.mjs:85:32                                                   No magic number: 99.                                                                                                                     
 191   3 (Moderate)  eslint:no-magic-numbers                  scripts/build/data.mjs:85:47                                                   No magic number: 100.                                                                                                                    
 192   3 (Moderate)  eslint:no-magic-numbers                  scripts/build/data.mjs:85:52                                                   No magic number: 999.                                                                                                                    
 193   3 (Moderate)  eslint:no-magic-numbers                  scripts/build/data.mjs:85:68                                                   No magic number: 100.                                                                                                                    
 194   3 (Moderate)  eslint:no-magic-numbers                  scripts/build/data.mjs:85:73                                                   No magic number: 999.                                                                                                                    
 195   3 (Moderate)  eslint:sort-keys                         scripts/build/data.mjs:86:5                                                    Expected object keys to be in ascending order. 'Account.Name' should be before 'Phone'.                                                  
 196   3 (Moderate)  eslint:one-var                           scripts/build/data.mjs:91:1                                                    Combine this with the previous 'const' statement.                                                                                        
 197   3 (Moderate)  eslint:id-length                         scripts/build/data.mjs:92:10                                                   Identifier name 'i' is too short (< 2).                                                                                                  
 198   3 (Moderate)  eslint:no-magic-numbers                  scripts/build/data.mjs:92:22                                                   No magic number: 25.                                                                                                                     
 199   3 (Moderate)  eslint:no-plusplus                       scripts/build/data.mjs:92:26                                                   Unary operator '++' used.                                                                                                                
 200   3 (Moderate)  eslint:no-magic-numbers                  scripts/build/data.mjs:93:33                                                   No magic number: 3.                                                                                                                      
 201   3 (Moderate)  eslint:no-magic-numbers                  scripts/build/data.mjs:95:65                                                   No magic number: 2.                                                                                                                      
 202   3 (Moderate)  eslint:sort-keys                         scripts/build/data.mjs:97:5                                                    Expected object keys to be in ascending order. 'CloseDate' should be before 'StageName'.                                                 
 203   3 (Moderate)  eslint:no-magic-numbers                  scripts/build/data.mjs:97:32                                                   No magic number: -60.                                                                                                                    
 204   3 (Moderate)  eslint:no-magic-numbers                  scripts/build/data.mjs:97:37                                                   No magic number: 120.                                                                                                                    
 205   3 (Moderate)  eslint:sort-keys                         scripts/build/data.mjs:98:5                                                    Expected object keys to be in ascending order. 'Amount' should be before 'CloseDate'.                                                    
 206   3 (Moderate)  eslint:no-magic-numbers                  scripts/build/data.mjs:98:21                                                   No magic number: 8.                                                                                                                      
 207   3 (Moderate)  eslint:no-magic-numbers                  scripts/build/data.mjs:98:24                                                   No magic number: 95.                                                                                                                     
 208   3 (Moderate)  eslint:no-magic-numbers                  scripts/build/data.mjs:98:30                                                   No magic number: 1000.                                                                                                                   
 209   3 (Moderate)  eslint:sort-keys                         scripts/build/data.mjs:100:5                                                   Expected object keys to be in ascending order. 'Account.Name' should be before 'Type'.                                                   
 210   3 (Moderate)  eslint:capitalized-comments              scripts/build/data.mjs:106:1                                                   Comments should not begin with a lowercase character.                                                                                    
 211   3 (Moderate)  eslint:one-var                           scripts/build/data.mjs:107:1                                                   Combine this with the previous 'const' statement.                                                                                        
 212   3 (Moderate)  eslint:id-length                         scripts/build/data.mjs:108:10                                                  Identifier name 'i' is too short (< 2).                                                                                                  
 213   3 (Moderate)  eslint:no-magic-numbers                  scripts/build/data.mjs:108:22                                                  No magic number: 30.                                                                                                                     
 214   3 (Moderate)  eslint:no-plusplus                       scripts/build/data.mjs:108:26                                                  Unary operator '++' used.                                                                                                                
 215   3 (Moderate)  eslint:no-magic-numbers                  scripts/build/data.mjs:109:33                                                  No magic number: 5.                                                                                                                      
 216   3 (Moderate)  eslint:one-var                           scripts/build/data.mjs:110:3                                                   Combine this with the previous 'const' statement.                                                                                        
 217   3 (Moderate)  eslint:no-nested-ternary                 scripts/build/data.mjs:110:18                                                  Do not nest ternary expressions.                                                                                                         
 218   3 (Moderate)  eslint:no-ternary                        scripts/build/data.mjs:110:18                                                  Ternary operator used.                                                                                                                   
 219   3 (Moderate)  eslint:no-magic-numbers                  scripts/build/data.mjs:110:23                                                  No magic number: 8.                                                                                                                      
 220   3 (Moderate)  eslint:no-nested-ternary                 scripts/build/data.mjs:110:41                                                  Do not nest ternary expressions.                                                                                                         
 221   3 (Moderate)  eslint:no-ternary                        scripts/build/data.mjs:110:41                                                  Ternary operator used.                                                                                                                   
 222   3 (Moderate)  eslint:no-magic-numbers                  scripts/build/data.mjs:110:46                                                  No magic number: 12.                                                                                                                     
 223   3 (Moderate)  eslint:no-ternary                        scripts/build/data.mjs:110:67                                                  Ternary operator used.                                                                                                                   
 224   3 (Moderate)  eslint:no-magic-numbers                  scripts/build/data.mjs:110:72                                                  No magic number: 20.                                                                                                                     
 225   3 (Moderate)  eslint:camelcase                         scripts/build/data.mjs:112:5                                                   Identifier 'External_Id__c' is not in camel case.                                                                                        
 226   3 (Moderate)  eslint:no-magic-numbers                  scripts/build/data.mjs:112:52                                                  No magic number: 3.                                                                                                                      
 227   3 (Moderate)  eslint:sort-keys                         scripts/build/data.mjs:113:5                                                   Expected object keys to be in ascending order. 'Account__r.Name' should be before 'External_Id__c'.                                      
 228   3 (Moderate)  eslint:camelcase                         scripts/build/data.mjs:114:5                                                   Identifier 'Status__c' is not in camel case.                                                                                             
 229   3 (Moderate)  eslint:sort-keys                         scripts/build/data.mjs:115:5                                                   Expected object keys to be in ascending order. 'Install_Date__c' should be before 'Status__c'.                                           
 230   3 (Moderate)  eslint:camelcase                         scripts/build/data.mjs:115:5                                                   Identifier 'Install_Date__c' is not in camel case.                                                                                       
 231   3 (Moderate)  eslint:no-ternary                        scripts/build/data.mjs:115:30                                                  Ternary operator used.                                                                                                                   
 232   3 (Moderate)  eslint:no-magic-numbers                  scripts/build/data.mjs:115:63                                                  No magic number: -120.                                                                                                                   
 233   3 (Moderate)  eslint:no-magic-numbers                  scripts/build/data.mjs:115:69                                                  No magic number: -20.                                                                                                                    
 234   3 (Moderate)  eslint:no-magic-numbers                  scripts/build/data.mjs:115:84                                                  No magic number: 5.                                                                                                                      
 235   3 (Moderate)  eslint:no-magic-numbers                  scripts/build/data.mjs:115:87                                                  No magic number: 90.                                                                                                                     
 236   3 (Moderate)  eslint:camelcase                         scripts/build/data.mjs:116:5                                                   Identifier 'Roof_Type__c' is not in camel case.                                                                                          
 237   3 (Moderate)  eslint:sort-keys                         scripts/build/data.mjs:117:5                                                   Expected object keys to be in ascending order. 'Crew_Size__c' should be before 'Roof_Type__c'.                                           
 238   3 (Moderate)  eslint:camelcase                         scripts/build/data.mjs:117:5                                                   Identifier 'Crew_Size__c' is not in camel case.                                                                                          
 239   3 (Moderate)  eslint:camelcase                         scripts/build/data.mjs:118:5                                                   Identifier 'Total_Capacity_kW__c' is not in camel case.                                                                                  
 240   3 (Moderate)  eslint:no-magic-numbers                  scripts/build/data.mjs:118:36                                                  No magic number: 30.                                                                                                                     
 241   3 (Moderate)  eslint:no-magic-numbers                  scripts/build/data.mjs:118:40                                                  No magic number: 140.                                                                                                                    
 242   3 (Moderate)  eslint:no-magic-numbers                  scripts/build/data.mjs:118:47                                                  No magic number: 10.                                                                                                                     
 243   3 (Moderate)  eslint:no-magic-numbers                  scripts/build/data.mjs:118:59                                                  No magic number: 2.                                                                                                                      
 244   3 (Moderate)  eslint:one-var                           scripts/build/data.mjs:123:1                                                   Combine this with the previous 'const' statement.                                                                                        
 245   3 (Moderate)  eslint:one-var                           scripts/build/data.mjs:124:1                                                   Combine this with the previous 'let' statement.                                                                                          
 246   3 (Moderate)  eslint:no-magic-numbers                  scripts/build/data.mjs:126:25                                                  No magic number: 2.                                                                                                                      
 247   3 (Moderate)  eslint:no-magic-numbers                  scripts/build/data.mjs:126:28                                                  No magic number: 3.                                                                                                                      
 248   3 (Moderate)  eslint:id-length                         scripts/build/data.mjs:127:12                                                  Identifier name 'b' is too short (< 2).                                                                                                  
 249   3 (Moderate)  eslint:no-magic-numbers                  scripts/build/data.mjs:127:54                                                  No magic number: 80.                                                                                                                     
 250   3 (Moderate)  eslint:no-plusplus                       scripts/build/data.mjs:127:58                                                  Unary operator '++' used.                                                                                                                
 251   3 (Moderate)  eslint:no-plusplus                       scripts/build/data.mjs:128:5                                                   Unary operator '++' used.                                                                                                                
 252   3 (Moderate)  eslint:camelcase                         scripts/build/data.mjs:130:7                                                   Identifier 'External_Id__c' is not in camel case.                                                                                        
 253   3 (Moderate)  eslint:no-magic-numbers                  scripts/build/data.mjs:130:61                                                  No magic number: 3.                                                                                                                      
 254   3 (Moderate)  eslint:camelcase                         scripts/build/data.mjs:132:7                                                   Identifier 'Quantity__c' is not in camel case.                                                                                           
 255   3 (Moderate)  eslint:no-magic-numbers                  scripts/build/data.mjs:132:28                                                  No magic number: 8.                                                                                                                      
 256   3 (Moderate)  eslint:no-magic-numbers                  scripts/build/data.mjs:132:31                                                  No magic number: 32.                                                                                                                     
 257   3 (Moderate)  eslint:sort-keys                         scripts/build/data.mjs:133:7                                                   Expected object keys to be in ascending order. 'Arrival_Date__c' should be before 'Quantity__c'.                                         
 258   3 (Moderate)  eslint:camelcase                         scripts/build/data.mjs:133:7                                                   Identifier 'Arrival_Date__c' is not in camel case.                                                                                       
 259   3 (Moderate)  eslint:no-magic-numbers                  scripts/build/data.mjs:133:40                                                  No magic number: -90.                                                                                                                    
 260   3 (Moderate)  eslint:no-magic-numbers                  scripts/build/data.mjs:133:45                                                  No magic number: 60.                                                                                                                     
 261   3 (Moderate)  eslint:camelcase                         scripts/build/data.mjs:134:7                                                   Identifier 'Serial_Prefix__c' is not in camel case.                                                                                      
 262   3 (Moderate)  eslint:no-magic-numbers                  scripts/build/data.mjs:134:38                                                  No magic number: 2024.                                                                                                                   
 263   3 (Moderate)  eslint:no-magic-numbers                  scripts/build/data.mjs:134:44                                                  No magic number: 2026.                                                                                                                   
 264   3 (Moderate)  eslint:no-magic-numbers                  scripts/build/data.mjs:134:68                                                  No magic number: 1.                                                                                                                      
 265   3 (Moderate)  eslint:no-magic-numbers                  scripts/build/data.mjs:134:71                                                  No magic number: 99.                                                                                                                     
 266   3 (Moderate)  eslint:no-magic-numbers                  scripts/build/data.mjs:134:85                                                  No magic number: 2.                                                                                                                      
 267   3 (Moderate)  eslint:sort-keys                         scripts/build/data.mjs:135:7                                                   Expected object keys to be in ascending order. 'Cost__c' should be before 'Serial_Prefix__c'.                                            
 268   3 (Moderate)  eslint:camelcase                         scripts/build/data.mjs:135:7                                                   Identifier 'Cost__c' is not in camel case.                                                                                               
 269   3 (Moderate)  eslint:no-magic-numbers                  scripts/build/data.mjs:135:25                                                  No magic number: 900.                                                                                                                    
 270   3 (Moderate)  eslint:no-magic-numbers                  scripts/build/data.mjs:135:30                                                  No magic number: 4800.                                                                                                                   
 271   3 (Moderate)  eslint:no-magic-numbers                  scripts/build/data.mjs:135:45                                                  No magic number: 2.                                                                                                                      
 272   3 (Moderate)  eslint:no-magic-numbers                  scripts/build/data.mjs:139:30                                                  No magic number: 80.                                                                                                                     
 273   3 (Moderate)  eslint:no-plusplus                       scripts/build/data.mjs:140:3                                                   Unary operator '++' used.                                                                                                                
 274   3 (Moderate)  eslint:camelcase                         scripts/build/data.mjs:143:5                                                   Identifier 'External_Id__c' is not in camel case.                                                                                        
 275   3 (Moderate)  eslint:no-magic-numbers                  scripts/build/data.mjs:143:59                                                  No magic number: 3.                                                                                                                      
 276   3 (Moderate)  eslint:camelcase                         scripts/build/data.mjs:145:5                                                   Identifier 'Quantity__c' is not in camel case.                                                                                           
 277   3 (Moderate)  eslint:no-magic-numbers                  scripts/build/data.mjs:145:26                                                  No magic number: 8.                                                                                                                      
 278   3 (Moderate)  eslint:no-magic-numbers                  scripts/build/data.mjs:145:29                                                  No magic number: 32.                                                                                                                     
 279   3 (Moderate)  eslint:sort-keys                         scripts/build/data.mjs:146:5                                                   Expected object keys to be in ascending order. 'Arrival_Date__c' should be before 'Quantity__c'.                                         
 280   3 (Moderate)  eslint:camelcase                         scripts/build/data.mjs:146:5                                                   Identifier 'Arrival_Date__c' is not in camel case.                                                                                       
 281   3 (Moderate)  eslint:no-magic-numbers                  scripts/build/data.mjs:146:38                                                  No magic number: -90.                                                                                                                    
 282   3 (Moderate)  eslint:no-magic-numbers                  scripts/build/data.mjs:146:43                                                  No magic number: 60.                                                                                                                     
 283   3 (Moderate)  eslint:camelcase                         scripts/build/data.mjs:147:5                                                   Identifier 'Serial_Prefix__c' is not in camel case.                                                                                      
 284   3 (Moderate)  eslint:no-magic-numbers                  scripts/build/data.mjs:147:36                                                  No magic number: 2024.                                                                                                                   
 285   3 (Moderate)  eslint:no-magic-numbers                  scripts/build/data.mjs:147:42                                                  No magic number: 2026.                                                                                                                   
 286   3 (Moderate)  eslint:no-magic-numbers                  scripts/build/data.mjs:147:66                                                  No magic number: 1.                                                                                                                      
 287   3 (Moderate)  eslint:no-magic-numbers                  scripts/build/data.mjs:147:69                                                  No magic number: 99.                                                                                                                     
 288   3 (Moderate)  eslint:no-magic-numbers                  scripts/build/data.mjs:147:83                                                  No magic number: 2.                                                                                                                      
 289   3 (Moderate)  eslint:sort-keys                         scripts/build/data.mjs:148:5                                                   Expected object keys to be in ascending order. 'Cost__c' should be before 'Serial_Prefix__c'.                                            
 290   3 (Moderate)  eslint:camelcase                         scripts/build/data.mjs:148:5                                                   Identifier 'Cost__c' is not in camel case.                                                                                               
 291   3 (Moderate)  eslint:no-magic-numbers                  scripts/build/data.mjs:148:23                                                  No magic number: 900.                                                                                                                    
 292   3 (Moderate)  eslint:no-magic-numbers                  scripts/build/data.mjs:148:28                                                  No magic number: 4800.                                                                                                                   
 293   3 (Moderate)  eslint:no-magic-numbers                  scripts/build/data.mjs:148:43                                                  No magic number: 2.                                                                                                                      
 294   3 (Moderate)  eslint:one-var                           scripts/build/data.mjs:153:1                                                   Combine this with the previous 'const' statement.                                                                                        
 295   3 (Moderate)  eslint:sort-keys                         scripts/build/data.mjs:157:3                                                   Expected object keys to be in ascending order. 'Installation__c.csv' should be before 'Opportunity.csv'.                                 
 296   3 (Moderate)  eslint:no-console                        scripts/build/data.mjs:162:3                                                   Unexpected console statement.                                                                                                            
 297   3 (Moderate)  eslint:no-console                        scripts/build/data.mjs:164:1                                                   Unexpected console statement.                                                                                                            
 298   3 (Moderate)  eslint:sort-imports                      scripts/build/mocks.mjs:23:1                                                   Imports should be sorted alphabetically.                                                                                                 
 299   3 (Moderate)  eslint:one-var                           scripts/build/mocks.mjs:26:1                                                   Combine this with the previous 'const' statement.                                                                                        
 300   3 (Moderate)  eslint:one-var                           scripts/build/mocks.mjs:27:1                                                   Combine this with the previous 'const' statement.                                                                                        
 301   3 (Moderate)  eslint:@lwc/lwc-platform/no-process-env  scripts/build/mocks.mjs:27:14                                                  Usage of `process.argv.slice` is not allowed                                                                                             
 302   3 (Moderate)  eslint:no-magic-numbers                  scripts/build/mocks.mjs:27:33                                                  No magic number: 2.                                                                                                                      
 303   3 (Moderate)  eslint:one-var                           scripts/build/mocks.mjs:28:1                                                   Combine this with the previous 'const' statement.                                                                                        
 304   3 (Moderate)  eslint:one-var                           scripts/build/mocks.mjs:29:1                                                   Combine this with the previous 'const' statement.                                                                                        
 305   3 (Moderate)  eslint:no-ternary                        scripts/build/mocks.mjs:31:3                                                   Ternary operator used.                                                                                                                   
 306   3 (Moderate)  eslint:no-magic-numbers                  scripts/build/mocks.mjs:31:23                                                  No magic number: -1.                                                                                                                     
 307   3 (Moderate)  eslint:no-magic-numbers                  scripts/build/mocks.mjs:31:53                                                  No magic number: 1.                                                                                                                      
 308   3 (Moderate)  eslint:no-console                        scripts/build/mocks.mjs:35:3                                                   Unexpected console statement.                                                                                                            
 309   3 (Moderate)  eslint:no-console                        scripts/build/mocks.mjs:36:3                                                   Unexpected console statement.                                                                                                            
 310   3 (Moderate)  eslint:@lwc/lwc-platform/no-process-env  scripts/build/mocks.mjs:37:3                                                   Usage of `process.exit` is not allowed                                                                                                   
 311   3 (Moderate)  eslint:no-magic-numbers                  scripts/build/mocks.mjs:37:16                                                  No magic number: 1.                                                                                                                      
 312   3 (Moderate)  eslint:one-var                           scripts/build/mocks.mjs:40:1                                                   Combine this with the previous 'const' statement.                                                                                        
 313   3 (Moderate)  eslint:id-length                         scripts/build/mocks.mjs:40:7                                                   Identifier name 'u' is too short (< 2).                                                                                                  
 314   3 (Moderate)  eslint:one-var                           scripts/build/mocks.mjs:41:1                                                   Combine this with the previous 'const' statement.                                                                                        
 315   3 (Moderate)  eslint:one-var                           scripts/build/mocks.mjs:42:1                                                   Combine this with the previous 'const' statement.                                                                                        
 316   3 (Moderate)  eslint:one-var                           scripts/build/mocks.mjs:43:1                                                   Combine this with the previous 'const' statement.                                                                                        
 317   3 (Moderate)  eslint:one-var                           scripts/build/mocks.mjs:44:1                                                   Combine this with the previous 'const' statement.                                                                                        
 318   3 (Moderate)  eslint:func-style                        scripts/build/mocks.mjs:46:1                                                   Expected a function expression.                                                                                                          
 319   3 (Moderate)  eslint:require-unicode-regexp            scripts/build/mocks.mjs:49:49                                                  Use the 'u' flag.                                                                                                                        
 320   3 (Moderate)  eslint:func-style                        scripts/build/mocks.mjs:51:1                                                   Expected a function expression.                                                                                                          
 321   3 (Moderate)  eslint:prefer-template                   scripts/build/mocks.mjs:52:15                                                  Unexpected string concatenation.                                                                                                         
 322   3 (Moderate)  eslint:no-magic-numbers                  scripts/build/mocks.mjs:52:42                                                  No magic number: 2.                                                                                                                      
 323   3 (Moderate)  eslint:one-var                           scripts/build/mocks.mjs:55:1                                                   Combine this with the previous 'const' statement.                                                                                        
 324   3 (Moderate)  eslint:one-var                           scripts/build/mocks.mjs:56:1                                                   Combine this with the previous 'const' statement.                                                                                        
 325   3 (Moderate)  eslint:one-var                           scripts/build/mocks.mjs:57:1                                                   Combine this with the previous 'const' statement.                                                                                        
 326   3 (Moderate)  eslint:id-length                         scripts/build/mocks.mjs:57:41                                                  Identifier name 'p' is too short (< 2).                                                                                                  
 327   3 (Moderate)  eslint:sort-keys                         scripts/build/mocks.mjs:57:87                                                  Expected object keys to be in ascending order. 'handle' should be before 'name'.                                                         
 328   3 (Moderate)  eslint:one-var                           scripts/build/mocks.mjs:58:1                                                   Combine this with the previous 'const' statement.                                                                                        
 329   3 (Moderate)  eslint:require-unicode-regexp            scripts/build/mocks.mjs:58:69                                                  Use the 'u' flag.                                                                                                                        
 330   3 (Moderate)  eslint:sort-keys                         scripts/build/mocks.mjs:65:3                                                   Expected object keys to be in ascending order. 'fixtureProject' should be before 'name'.                                                 
 331   3 (Moderate)  eslint:sort-keys                         scripts/build/mocks.mjs:67:3                                                   Expected object keys to be in ascending order. 'remote' should be before 'workspaceName'.                                                
 332   3 (Moderate)  eslint:capitalized-comments              scripts/build/mocks.mjs:69:3                                                   Comments should not begin with a lowercase character.                                                                                    
 333   3 (Moderate)  eslint:sort-keys                         scripts/build/mocks.mjs:70:3                                                   Expected object keys to be in ascending order. 'featureBranch' should be before 'remote'.                                                
 334   3 (Moderate)  eslint:sort-keys                         scripts/build/mocks.mjs:71:3                                                   Expected object keys to be in ascending order. 'branches' should be before 'featureBranch'.                                              
 335   3 (Moderate)  eslint:id-length                         scripts/build/mocks.mjs:72:34                                                  Identifier name 'b' is too short (< 2).                                                                                                  
 336   3 (Moderate)  eslint:id-length                         scripts/build/mocks.mjs:73:30                                                  Identifier name 's' is too short (< 2).                                                                                                  
 337   3 (Moderate)  eslint:no-magic-numbers                  scripts/build/mocks.mjs:73:47                                                  No magic number: 2.                                                                                                                      
 338   3 (Moderate)  eslint:id-length                         scripts/build/mocks.mjs:73:77                                                  Identifier name 's' is too short (< 2).                                                                                                  
 339   3 (Moderate)  eslint:one-var                           scripts/build/mocks.mjs:80:1                                                   Combine this with the previous 'const' statement.                                                                                        
 340   3 (Moderate)  eslint:id-length                         scripts/build/mocks.mjs:81:28                                                  Identifier name 'o' is too short (< 2).                                                                                                  
 341   3 (Moderate)  eslint:sort-keys                         scripts/build/mocks.mjs:84:5                                                   Expected object keys to be in ascending order. 'alias' should be before 'username'.                                                      
 342   3 (Moderate)  eslint:require-unicode-regexp            scripts/build/mocks.mjs:84:40                                                  Use the 'u' flag.                                                                                                                        
 343   3 (Moderate)  eslint:no-magic-numbers                  scripts/build/mocks.mjs:85:32                                                  No magic number: 100000.                                                                                                                 
 344   3 (Moderate)  eslint:sort-keys                         scripts/build/mocks.mjs:87:5                                                   Expected object keys to be in ascending order. 'instanceUrl' should be before 'orgId'.                                                   
 345   3 (Moderate)  eslint:sort-keys                         scripts/build/mocks.mjs:88:5                                                   Expected object keys to be in ascending order. 'instanceApiVersion' should be before 'instanceUrl'.                                      
 346   3 (Moderate)  eslint:sort-keys                         scripts/build/mocks.mjs:90:5                                                   Expected object keys to be in ascending order. 'connectedStatus' should be before 'loginUrl'.                                            
 347   3 (Moderate)  eslint:no-ternary                        scripts/build/mocks.mjs:95:9                                                   Ternary operator used.                                                                                                                   
 348   3 (Moderate)  eslint:sort-keys                         scripts/build/mocks.mjs:95:38                                                  Expected object keys to be in ascending order. 'isDefaultDevHubUsername' should be before 'isDevHub'.                                    
 349   3 (Moderate)  eslint:no-ternary                        scripts/build/mocks.mjs:96:12                                                  Ternary operator used.                                                                                                                   
 350   3 (Moderate)  eslint:id-length                         scripts/build/mocks.mjs:104:33                                                 Identifier name 'o' is too short (< 2).                                                                                                  
 351   3 (Moderate)  eslint:id-length                         scripts/build/mocks.mjs:104:36                                                 Identifier name 'i' is too short (< 2).                                                                                                  
 352   3 (Moderate)  eslint:sort-keys                         scripts/build/mocks.mjs:106:5                                                  Expected object keys to be in ascending order. 'sandboxes' should be before 'scratchOrgs'.                                               
 353   3 (Moderate)  eslint:sort-keys                         scripts/build/mocks.mjs:107:5                                                  Expected object keys to be in ascending order. 'other' should be before 'sandboxes'.                                                     
 354   3 (Moderate)  eslint:sort-keys                         scripts/build/mocks.mjs:108:5                                                  Expected object keys to be in ascending order. 'devHubs' should be before 'other'.                                                       
 355   3 (Moderate)  eslint:sort-keys                         scripts/build/mocks.mjs:110:3                                                  Expected object keys to be in ascending order. 'orgDisplay' should be before 'orgs'.                                                     
 356   3 (Moderate)  eslint:sort-keys                         scripts/build/mocks.mjs:113:5                                                  Expected object keys to be in ascending order. 'instanceUrl' should be before 'username'.                                                
 357   3 (Moderate)  eslint:sort-keys                         scripts/build/mocks.mjs:114:5                                                  Expected object keys to be in ascending order. 'apiVersion' should be before 'instanceUrl'.                                              
 358   3 (Moderate)  eslint:sort-keys                         scripts/build/mocks.mjs:116:5                                                  Expected object keys to be in ascending order. 'alias' should be before 'connectedStatus'.                                               
 359   3 (Moderate)  eslint:sort-keys                         scripts/build/mocks.mjs:118:3                                                  Expected object keys to be in ascending order. 'apexClasses' should be before 'orgDisplay'.                                              
 360   3 (Moderate)  eslint:sort-keys                         scripts/build/mocks.mjs:121:7                                                  Expected object keys to be in ascending order. 'Body' should be before 'Name'.                                                           
 361   3 (Moderate)  eslint:sort-keys                         scripts/build/mocks.mjs:125:7                                                  Expected object keys to be in ascending order. 'Body' should be before 'Name'.                                                           
 362   3 (Moderate)  eslint:sort-keys                         scripts/build/mocks.mjs:129:7                                                  Expected object keys to be in ascending order. 'Body' should be before 'Name'.                                                           
 363   3 (Moderate)  eslint:one-var                           scripts/build/mocks.mjs:135:1                                                  Combine this with the previous 'const' statement.                                                                                        
 364   3 (Moderate)  eslint:no-magic-numbers                  scripts/build/mocks.mjs:135:60                                                 No magic number: 2.                                                                                                                      
 365   3 (Moderate)  eslint:no-magic-numbers                  scripts/build/mocks.mjs:135:93                                                 No magic number: 2.                                                                                                                      
 366   3 (Moderate)  eslint:func-style                        scripts/build/mocks.mjs:137:1                                                  Expected a function expression.                                                                                                          
 367   3 (Moderate)  eslint:sort-keys                         scripts/build/mocks.mjs:141:7                                                  Expected object keys to be in ascending order. 'id' should be before 'provider'.                                                         
 368   3 (Moderate)  eslint:require-unicode-regexp            scripts/build/mocks.mjs:142:101                                                Use the 'u' flag.                                                                                                                        
 369   3 (Moderate)  eslint:sort-keys                         scripts/build/mocks.mjs:143:7                                                  Expected object keys to be in ascending order. 'subject' should be before 'url'.                                                         
 370   3 (Moderate)  eslint:sort-keys                         scripts/build/mocks.mjs:144:7                                                  Expected object keys to be in ascending order. 'status' should be before 'subject'.                                                      
 371   3 (Moderate)  eslint:one-var                           scripts/build/mocks.mjs:150:1                                                  Combine this with the previous 'const' statement.                                                                                        
 372   3 (Moderate)  eslint:one-var                           scripts/build/mocks.mjs:151:1                                                  Combine this with the previous 'const' statement.                                                                                        
 373   3 (Moderate)  eslint:one-var                           scripts/build/mocks.mjs:153:1                                                  Combine this with the previous 'const' statement.                                                                                        
 374   3 (Moderate)  eslint:id-length                         scripts/build/mocks.mjs:153:50                                                 Identifier name 'i' is too short (< 2).                                                                                                  
 375   3 (Moderate)  eslint:id-length                         scripts/build/mocks.mjs:154:37                                                 Identifier name 's' is too short (< 2).                                                                                                  
 376   3 (Moderate)  eslint:one-var                           scripts/build/mocks.mjs:155:3                                                  Combine this with the previous 'const' statement.                                                                                        
 377   3 (Moderate)  eslint:sort-keys                         scripts/build/mocks.mjs:160:5                                                  Expected object keys to be in ascending order. 'description' should be before 'title'.                                                   
 378   3 (Moderate)  eslint:no-ternary                        scripts/build/mocks.mjs:160:18                                                 Ternary operator used.                                                                                                                   
 379   3 (Moderate)  eslint:sort-keys                         scripts/build/mocks.mjs:163:5                                                  Expected object keys to be in ascending order. 'author' should be before 'targetBranch'.                                                 
 380   3 (Moderate)  eslint:sort-keys                         scripts/build/mocks.mjs:166:5                                                  Expected object keys to be in ascending order. 'createdAt' should be before 'state'.                                                     
 381   3 (Moderate)  eslint:no-magic-numbers                  scripts/build/mocks.mjs:166:20                                                 No magic number: 10.                                                                                                                     
 382   3 (Moderate)  eslint:no-magic-numbers                  scripts/build/mocks.mjs:166:28                                                 No magic number: 8.                                                                                                                      
 383   3 (Moderate)  eslint:no-magic-numbers                  scripts/build/mocks.mjs:167:20                                                 No magic number: 10.                                                                                                                     
 384   3 (Moderate)  eslint:no-magic-numbers                  scripts/build/mocks.mjs:167:28                                                 No magic number: 11.                                                                                                                     
 385   3 (Moderate)  eslint:sort-keys                         scripts/build/mocks.mjs:169:5                                                  Expected object keys to be in ascending order. 'jobs' should be before 'webUrl'.                                                         
 386   3 (Moderate)  eslint:no-magic-numbers                  scripts/build/mocks.mjs:173:40                                                 No magic number: 4200.                                                                                                                   
 387   3 (Moderate)  eslint:sort-keys                         scripts/build/mocks.mjs:174:9                                                  Expected object keys to be in ascending order. 'updatedAt' should be before 'webUrl'.                                                    
 388   3 (Moderate)  eslint:no-magic-numbers                  scripts/build/mocks.mjs:174:24                                                 No magic number: 10.                                                                                                                     
 389   3 (Moderate)  eslint:no-magic-numbers                  scripts/build/mocks.mjs:174:32                                                 No magic number: 11.                                                                                                                     
 390   3 (Moderate)  eslint:no-magic-numbers                  scripts/build/mocks.mjs:179:40                                                 No magic number: 4300.                                                                                                                   
 391   3 (Moderate)  eslint:sort-keys                         scripts/build/mocks.mjs:180:9                                                  Expected object keys to be in ascending order. 'updatedAt' should be before 'webUrl'.                                                    
 392   3 (Moderate)  eslint:no-magic-numbers                  scripts/build/mocks.mjs:180:24                                                 No magic number: 10.                                                                                                                     
 393   3 (Moderate)  eslint:no-magic-numbers                  scripts/build/mocks.mjs:180:32                                                 No magic number: 11.                                                                                                                     
 394   3 (Moderate)  eslint:no-ternary                        scripts/build/mocks.mjs:184:21                                                 Ternary operator used.                                                                                                                   
 395   3 (Moderate)  eslint:one-var                           scripts/build/mocks.mjs:188:1                                                  Combine this with the previous 'const' statement.                                                                                        
 396   3 (Moderate)  eslint:id-length                         scripts/build/mocks.mjs:189:12                                                 Identifier name 's' is too short (< 2).                                                                                                  
 397   3 (Moderate)  eslint:no-magic-numbers                  scripts/build/mocks.mjs:189:30                                                 No magic number: 1.                                                                                                                      
 398   3 (Moderate)  eslint:id-length                         scripts/build/mocks.mjs:190:16                                                 Identifier name 'i' is too short (< 2).                                                                                                  
 399   3 (Moderate)  eslint:no-magic-numbers                  scripts/build/mocks.mjs:191:9                                                  No magic number: 40.                                                                                                                     
 400   3 (Moderate)  eslint:no-magic-numbers                  scripts/build/mocks.mjs:192:13                                                 No magic number: 40.                                                                                                                     
 401   3 (Moderate)  eslint:sort-keys                         scripts/build/mocks.mjs:194:5                                                  Expected object keys to be in ascending order. 'sourceBranch' should be before 'title'.                                                  
 402   3 (Moderate)  eslint:sort-keys                         scripts/build/mocks.mjs:196:5                                                  Expected object keys to be in ascending order. 'author' should be before 'targetBranch'.                                                 
 403   3 (Moderate)  eslint:sort-keys                         scripts/build/mocks.mjs:199:5                                                  Expected object keys to be in ascending order. 'mergeDate' should be before 'state'.                                                     
 404   3 (Moderate)  eslint:no-magic-numbers                  scripts/build/mocks.mjs:199:20                                                 No magic number: 4.                                                                                                                      
 405   3 (Moderate)  eslint:no-magic-numbers                  scripts/build/mocks.mjs:199:27                                                 No magic number: 16.                                                                                                                     
 406   3 (Moderate)  eslint:sort-keys                         scripts/build/mocks.mjs:200:5                                                  Expected object keys to be in ascending order. 'createdAt' should be before 'mergeDate'.                                                 
 407   3 (Moderate)  eslint:no-magic-numbers                  scripts/build/mocks.mjs:200:20                                                 No magic number: 3.                                                                                                                      
 408   3 (Moderate)  eslint:no-magic-numbers                  scripts/build/mocks.mjs:200:27                                                 No magic number: 9.                                                                                                                      
 409   3 (Moderate)  eslint:no-magic-numbers                  scripts/build/mocks.mjs:201:28                                                 No magic number: 40.                                                                                                                     
 410   3 (Moderate)  eslint:sort-keys                         scripts/build/mocks.mjs:202:5                                                  Expected object keys to be in ascending order. 'jobsStatus' should be before 'webUrl'.                                                   
 411   3 (Moderate)  eslint:capitalized-comments              scripts/build/mocks.mjs:207:1                                                  Comments should not begin with a lowercase character.                                                                                    
 412   3 (Moderate)  eslint:capitalized-comments              scripts/build/mocks.mjs:208:1                                                  Comments should not begin with a lowercase character.                                                                                    
 413   3 (Moderate)  eslint:one-var                           scripts/build/mocks.mjs:209:1                                                  Combine this with the previous 'const' statement.                                                                                        
 414   3 (Moderate)  eslint:sort-keys                         scripts/build/mocks.mjs:214:3                                                  Expected object keys to be in ascending order. 'description' should be before 'title'.                                                   
 415   3 (Moderate)  eslint:sort-keys                         scripts/build/mocks.mjs:217:3                                                  Expected object keys to be in ascending order. 'author' should be before 'targetBranch'.                                                 
 416   3 (Moderate)  eslint:sort-keys                         scripts/build/mocks.mjs:220:3                                                  Expected object keys to be in ascending order. 'createdAt' should be before 'state'.                                                     
 417   3 (Moderate)  eslint:no-magic-numbers                  scripts/build/mocks.mjs:220:18                                                 No magic number: 16.                                                                                                                     
 418   3 (Moderate)  eslint:no-magic-numbers                  scripts/build/mocks.mjs:220:22                                                 No magic number: 9.                                                                                                                      
 419   3 (Moderate)  eslint:no-magic-numbers                  scripts/build/mocks.mjs:221:18                                                 No magic number: 16.                                                                                                                     
 420   3 (Moderate)  eslint:no-magic-numbers                  scripts/build/mocks.mjs:221:22                                                 No magic number: 14.                                                                                                                     
 421   3 (Moderate)  eslint:sort-keys                         scripts/build/mocks.mjs:223:3                                                  Expected object keys to be in ascending order. 'jobs' should be before 'webUrl'.                                                         
 422   3 (Moderate)  eslint:sort-keys                         scripts/build/mocks.mjs:228:7                                                  Expected object keys to be in ascending order. 'updatedAt' should be before 'webUrl'.                                                    
 423   3 (Moderate)  eslint:no-magic-numbers                  scripts/build/mocks.mjs:228:22                                                 No magic number: 16.                                                                                                                     
 424   3 (Moderate)  eslint:no-magic-numbers                  scripts/build/mocks.mjs:228:26                                                 No magic number: 14.                                                                                                                     
 425   3 (Moderate)  eslint:sort-keys                         scripts/build/mocks.mjs:230:82                                                 Expected object keys to be in ascending order. 'updatedAt' should be before 'webUrl'.                                                    
 426   3 (Moderate)  eslint:no-magic-numbers                  scripts/build/mocks.mjs:230:97                                                 No magic number: 16.                                                                                                                     
 427   3 (Moderate)  eslint:no-magic-numbers                  scripts/build/mocks.mjs:230:101                                                No magic number: 14.                                                                                                                     
 428   3 (Moderate)  eslint:sort-keys                         scripts/build/mocks.mjs:241:5                                                  Expected object keys to be in ascending order. 'host' should be before 'providerName'.                                                   
 429   3 (Moderate)  eslint:sort-keys                         scripts/build/mocks.mjs:244:5                                                  Expected object keys to be in ascending order. 'remoteUrl' should be before 'repo'.                                                      
 430   3 (Moderate)  eslint:sort-keys                         scripts/build/mocks.mjs:247:3                                                  Expected object keys to be in ascending order. 'providerDescription' should be before 'repoInfo'.                                        
 431   3 (Moderate)  eslint:sort-keys                         scripts/build/mocks.mjs:252:3                                                  Expected object keys to be in ascending order. 'openPullRequests' should be before 'providerDescription'.                                
 432   3 (Moderate)  eslint:sort-keys                         scripts/build/mocks.mjs:253:3                                                  Expected object keys to be in ascending order. 'mergedPullRequestsByBranch' should be before 'openPullRequests'.                         
 433   3 (Moderate)  eslint:sort-keys                         scripts/build/mocks.mjs:256:5                                                  Expected object keys to be in ascending order. 'main' should be before 'uat'.                                                            
 434   3 (Moderate)  eslint:sort-keys                         scripts/build/mocks.mjs:258:3                                                  Expected object keys to be in ascending order. 'branchJobs' should be before 'mergedPullRequestsByBranch'.                               
 435   3 (Moderate)  eslint:sort-keys                         scripts/build/mocks.mjs:265:11                                                 Expected object keys to be in ascending order. 'updatedAt' should be before 'webUrl'.                                                    
 436   3 (Moderate)  eslint:no-magic-numbers                  scripts/build/mocks.mjs:265:26                                                 No magic number: 12.                                                                                                                     
 437   3 (Moderate)  eslint:no-magic-numbers                  scripts/build/mocks.mjs:265:30                                                 No magic number: 17.                                                                                                                     
 438   3 (Moderate)  eslint:sort-keys                         scripts/build/mocks.mjs:271:5                                                  Expected object keys to be in ascending order. 'main' should be before 'uat'.                                                            
 439   3 (Moderate)  eslint:sort-keys                         scripts/build/mocks.mjs:276:5                                                  Expected object keys to be in ascending order. 'integration' should be before 'uat'.                                                     
 440   3 (Moderate)  eslint:one-var                           scripts/build/mocks.mjs:283:1                                                  Combine this with the previous 'const' statement.                                                                                        
 441   3 (Moderate)  eslint:sort-keys                         scripts/build/mocks.mjs:287:5                                                  Expected object keys to be in ascending order. 'status' should be before 'subject'.                                                      
 442   3 (Moderate)  eslint:no-ternary                        scripts/build/mocks.mjs:287:13                                                 Ternary operator used.                                                                                                                   
 443   3 (Moderate)  eslint:no-magic-numbers                  scripts/build/mocks.mjs:287:29                                                 No magic number: 1.                                                                                                                      
 444   3 (Moderate)  eslint:no-ternary                        scripts/build/mocks.mjs:288:18                                                 Ternary operator used.                                                                                                                   
 445   3 (Moderate)  eslint:no-magic-numbers                  scripts/build/mocks.mjs:288:34                                                 No magic number: 1.                                                                                                                      
 446   3 (Moderate)  eslint:sort-keys                         scripts/build/mocks.mjs:289:5                                                  Expected object keys to be in ascending order. 'author' should be before 'statusLabel'.                                                  
 447   3 (Moderate)  eslint:sort-keys                         scripts/build/mocks.mjs:298:3                                                  Expected object keys to be in ascending order. 'ticketUrlTemplate' should be before 'webUrl'.                                            
 448   3 (Moderate)  eslint:sort-keys                         scripts/build/mocks.mjs:299:3                                                  Expected object keys to be in ascending order. 'ticketRegex' should be before 'ticketUrlTemplate'.                                       
 449   3 (Moderate)  eslint:max-lines                         scripts/build/mocks.mjs:301:1                                                  File has too many lines (598). Maximum allowed is 300.                                                                                   
 450   3 (Moderate)  eslint:capitalized-comments              scripts/build/mocks.mjs:305:1                                                  Comments should not begin with a lowercase character.                                                                                    
 451   3 (Moderate)  eslint:capitalized-comments              scripts/build/mocks.mjs:306:1                                                  Comments should not begin with a lowercase character.                                                                                    
 452   3 (Moderate)  eslint:one-var                           scripts/build/mocks.mjs:307:1                                                  Combine this with the previous 'const' statement.                                                                                        
 453   3 (Moderate)  eslint:sort-keys                         scripts/build/mocks.mjs:315:5                                                  Expected object keys to be in ascending order. 'instanceUrl' should be before 'username'.                                                
 454   3 (Moderate)  eslint:sort-keys                         scripts/build/mocks.mjs:327:5                                                  Expected object keys to be in ascending order. 'currentBranch' should be before 'originalBranch'.                                        
 455   3 (Moderate)  eslint:capitalized-comments              scripts/build/mocks.mjs:331:3                                                  Comments should not begin with a lowercase character.                                                                                    
 456   3 (Moderate)  eslint:one-var                           scripts/build/mocks.mjs:332:3                                                  Combine this with the previous 'const' statement.                                                                                        
 457   3 (Moderate)  eslint:sort-keys                         scripts/build/mocks.mjs:333:70                                                 Expected object keys to be in ascending order. 'author' should be before 'title'.                                                        
 458   3 (Moderate)  eslint:sort-keys                         scripts/build/mocks.mjs:333:151                                                Expected object keys to be in ascending order. 'actions' should be before 'items'.                                                       
 459   3 (Moderate)  eslint:sort-keys                         scripts/build/mocks.mjs:334:72                                                 Expected object keys to be in ascending order. 'author' should be before 'title'.                                                        
 460   3 (Moderate)  eslint:sort-keys                         scripts/build/mocks.mjs:334:148                                                Expected object keys to be in ascending order. 'actions' should be before 'items'.                                                       
 461   3 (Moderate)  eslint:sort-keys                         scripts/build/mocks.mjs:335:86                                                 Expected object keys to be in ascending order. 'author' should be before 'title'.                                                        
 462   3 (Moderate)  eslint:sort-keys                         scripts/build/mocks.mjs:335:166                                                Expected object keys to be in ascending order. 'actions' should be before 'items'.                                                       
 463   3 (Moderate)  eslint:id-length                         scripts/build/mocks.mjs:337:48                                                 Identifier name 'i' is too short (< 2).                                                                                                  
 464   3 (Moderate)  eslint:no-magic-numbers                  scripts/build/mocks.mjs:338:51                                                 No magic number: 0.                                                                                                                      
 465   3 (Moderate)  eslint:no-magic-numbers                  scripts/build/mocks.mjs:339:13                                                 No magic number: 51.                                                                                                                     
 466   3 (Moderate)  eslint:sort-keys                         scripts/build/mocks.mjs:341:5                                                  Expected object keys to be in ascending order. 'author' should be before 'title'.                                                        
 467   3 (Moderate)  eslint:no-magic-numbers                  scripts/build/mocks.mjs:343:28                                                 No magic number: 51.                                                                                                                     
 468   3 (Moderate)  eslint:sort-keys                         scripts/build/mocks.mjs:344:5                                                  Expected object keys to be in ascending order. 'itemCount' should be before 'webUrl'.                                                    
 469   3 (Moderate)  eslint:sort-keys                         scripts/build/mocks.mjs:345:5                                                  Expected object keys to be in ascending order. 'actionCount' should be before 'itemCount'.                                               
 470   3 (Moderate)  eslint:sort-keys                         scripts/build/mocks.mjs:347:5                                                  Expected object keys to be in ascending order. 'inWindow' should be before 'selected'.                                                   
 471   3 (Moderate)  eslint:one-var                           scripts/build/mocks.mjs:355:3                                                  Combine this with the previous 'const' statement.                                                                                        
 472   3 (Moderate)  eslint:no-magic-numbers                  scripts/build/mocks.mjs:356:115                                                No magic number: 51.                                                                                                                     
 473   3 (Moderate)  eslint:no-magic-numbers                  scripts/build/mocks.mjs:357:140                                                No magic number: 51.                                                                                                                     
 474   3 (Moderate)  eslint:no-magic-numbers                  scripts/build/mocks.mjs:358:156                                                No magic number: 51.                                                                                                                     
 475   3 (Moderate)  eslint:no-magic-numbers                  scripts/build/mocks.mjs:359:134                                                No magic number: 52.                                                                                                                     
 476   3 (Moderate)  eslint:no-magic-numbers                  scripts/build/mocks.mjs:360:133                                                No magic number: 52.                                                                                                                     
 477   3 (Moderate)  eslint:no-magic-numbers                  scripts/build/mocks.mjs:361:128                                                No magic number: 53.                                                                                                                     
 478   3 (Moderate)  eslint:no-magic-numbers                  scripts/build/mocks.mjs:362:163                                                No magic number: 53.                                                                                                                     
 479   3 (Moderate)  eslint:id-length                         scripts/build/mocks.mjs:364:52                                                 Identifier name 'i' is too short (< 2).                                                                                                  
 480   3 (Moderate)  eslint:no-magic-numbers                  scripts/build/mocks.mjs:365:37                                                 No magic number: 0.                                                                                                                      
 481   3 (Moderate)  eslint:sort-keys                         scripts/build/mocks.mjs:368:5                                                  Expected object keys to be in ascending order. 'name' should be before 'type'.                                                           
 482   3 (Moderate)  eslint:sort-keys                         scripts/build/mocks.mjs:369:5                                                  Expected object keys to be in ascending order. 'files' should be before 'name'.                                                          
 483   3 (Moderate)  eslint:sort-keys                         scripts/build/mocks.mjs:371:5                                                  Expected object keys to be in ascending order. 'excludedLastTime' should be before 'pullRequests'.                                       
 484   3 (Moderate)  eslint:one-var                           scripts/build/mocks.mjs:375:3                                                  Combine this with the previous 'const' statement.                                                                                        
 485   3 (Moderate)  eslint:id-length                         scripts/build/mocks.mjs:379:65                                                 Identifier name 'i' is too short (< 2).                                                                                                  
 486   3 (Moderate)  eslint:no-magic-numbers                  scripts/build/mocks.mjs:380:41                                                 No magic number: 0.                                                                                                                      
 487   3 (Moderate)  eslint:sort-keys                         scripts/build/mocks.mjs:384:5                                                  Expected object keys to be in ascending order. 'phase' should be before 'type'.                                                          
 488   3 (Moderate)  eslint:sort-keys                         scripts/build/mocks.mjs:385:5                                                  Expected object keys to be in ascending order. 'manual' should be before 'phase'.                                                        
 489   3 (Moderate)  eslint:prefer-template                   scripts/build/mocks.mjs:393:50                                                 Unexpected string concatenation.                                                                                                         
 490   3 (Moderate)  eslint:no-magic-numbers                  scripts/build/mocks.mjs:393:77                                                 No magic number: 2.                                                                                                                      
 491   3 (Moderate)  eslint:capitalized-comments              scripts/build/mocks.mjs:398:1                                                  Comments should not begin with a lowercase character.                                                                                    
 492   3 (Moderate)  eslint:capitalized-comments              scripts/build/mocks.mjs:399:1                                                  Comments should not begin with a lowercase character.                                                                                    
 493   3 (Moderate)  eslint:capitalized-comments              scripts/build/mocks.mjs:439:1                                                  Comments should not begin with a lowercase character.                                                                                    
 494   3 (Moderate)  eslint:one-var                           scripts/build/mocks.mjs:440:1                                                  Combine this with the previous 'const' statement.                                                                                        
 495   3 (Moderate)  eslint:capitalized-comments              scripts/build/mocks.mjs:445:1                                                  Comments should not begin with a lowercase character.                                                                                    
 496   3 (Moderate)  eslint:capitalized-comments              scripts/build/mocks.mjs:446:1                                                  Comments should not begin with a lowercase character.                                                                                    
 497   3 (Moderate)  eslint:sort-keys                         scripts/build/mocks.mjs:451:7                                                  Expected object keys to be in ascending order. 'operation' should be before 'query'.                                                     
 498   3 (Moderate)  eslint:sort-keys                         scripts/build/mocks.mjs:452:7                                                  Expected object keys to be in ascending order. 'externalId' should be before 'operation'.                                                
 499   3 (Moderate)  eslint:capitalized-comments              scripts/build/mocks.mjs:470:1                                                  Comments should not begin with a lowercase character.                                                                                    
 500   3 (Moderate)  eslint:one-var                           scripts/build/mocks.mjs:471:1                                                  Combine this with the previous 'const' statement.                                                                                        
 501   3 (Moderate)  eslint:no-console                        scripts/build/mocks.mjs:591:1                                                  Unexpected console statement.                                                                                                            
 502   3 (Moderate)  eslint:id-length                         scripts/build/mocks.mjs:592:18                                                 Identifier name 'f' is too short (< 2).                                                                                                  
 503   3 (Moderate)  eslint:no-console                        scripts/build/mocks.mjs:592:24                                                 Unexpected console statement.                                                                                                            
 504   3 (Moderate)  eslint:no-console                        scripts/build/mocks.mjs:593:1                                                  Unexpected console statement.                                                                                                            
 505   3 (Moderate)  eslint:no-console                        scripts/build/mocks.mjs:594:1                                                  Unexpected console statement.                                                                                                            
 506   3 (Moderate)  eslint:no-console                        scripts/build/mocks.mjs:595:1                                                  Unexpected console statement.                                                                                                            
 507   3 (Moderate)  eslint:no-console                        scripts/build/mocks.mjs:596:1                                                  Unexpected console statement.                                                                                                            
 508   3 (Moderate)  eslint:no-console                        scripts/build/mocks.mjs:597:1                                                  Unexpected console statement.                                                                                                            
 509   3 (Moderate)  eslint:require-unicode-regexp            scripts/build/mocks.mjs:597:123                                                Use the 'u' flag.                                                                                                                        
 510   3 (Moderate)  eslint:no-console                        scripts/build/mocks.mjs:598:1                                                  Unexpected console statement.                                                                                                            
 511   3 (Moderate)  eslint:sort-imports                      scripts/build/site.mjs:19:1                                                    Imports should be sorted alphabetically.                                                                                                 
 512   3 (Moderate)  eslint:one-var                           scripts/build/site.mjs:22:1                                                    Combine this with the previous 'const' statement.                                                                                        
 513   3 (Moderate)  eslint:one-var                           scripts/build/site.mjs:23:1                                                    Combine this with the previous 'const' statement.                                                                                        
 514   3 (Moderate)  eslint:one-var                           scripts/build/site.mjs:25:1                                                    Combine this with the previous 'const' statement.                                                                                        
 515   3 (Moderate)  eslint:func-style                        scripts/build/site.mjs:27:1                                                    Expected a function expression.                                                                                                          
 516   3 (Moderate)  eslint:max-statements                    scripts/build/site.mjs:27:1                                                    Function 'copyTree' has too many statements (12). Maximum allowed is 10.                                                                 
 517   3 (Moderate)  eslint:no-magic-numbers                  scripts/build/site.mjs:29:12                                                   No magic number: 0.                                                                                                                      
 518   3 (Moderate)  eslint:one-var                           scripts/build/site.mjs:34:5                                                    Combine this with the previous 'const' statement.                                                                                        
 519   3 (Moderate)  eslint:no-plusplus                       scripts/build/site.mjs:40:7                                                    Unary operator '++' used.                                                                                                                
 520   3 (Moderate)  eslint:sort-keys                         scripts/build/site.mjs:46:35                                                   Expected object keys to be in ascending order. 'force' should be before 'recursive'.                                                     
 521   3 (Moderate)  eslint:capitalized-comments              scripts/build/site.mjs:50:1                                                    Comments should not begin with a lowercase character.                                                                                    
 522   3 (Moderate)  eslint:one-var                           scripts/build/site.mjs:51:1                                                    Combine this with the previous 'const' statement.                                                                                        
 523   3 (Moderate)  eslint:one-var                           scripts/build/site.mjs:52:1                                                    Combine this with the previous 'const' statement.                                                                                        
 524   3 (Moderate)  eslint:prefer-named-capture-group        scripts/build/site.mjs:54:45                                                   Capture group '(-[A-Z]{2})' should be converted to a named or non-capturing group.                                                       
 525   3 (Moderate)  eslint:require-unicode-regexp            scripts/build/site.mjs:54:45                                                   Use the 'u' flag.                                                                                                                        
 526   3 (Moderate)  eslint:capitalized-comments              scripts/build/site.mjs:63:1                                                    Comments should not begin with a lowercase character.                                                                                    
 527   3 (Moderate)  eslint:one-var                           scripts/build/site.mjs:64:1                                                    Combine this with the previous 'const' statement.                                                                                        
 528   3 (Moderate)  eslint:require-unicode-regexp            scripts/build/site.mjs:68:14                                                   Use the 'u' flag.                                                                                                                        
 529   3 (Moderate)  eslint:one-var                           scripts/build/site.mjs:72:1                                                    Combine this with the previous 'const' statement.                                                                                        
 530   3 (Moderate)  eslint:one-var                           scripts/build/site.mjs:81:1                                                    Combine this with the previous 'const' statement.                                                                                        
 531   3 (Moderate)  eslint:one-var                           scripts/build/site.mjs:88:1                                                    Combine this with the previous 'const' statement.                                                                                        
 532   3 (Moderate)  eslint:one-var                           scripts/build/site.mjs:89:1                                                    Combine this with the previous 'const' statement.                                                                                        
 533   3 (Moderate)  eslint:one-var                           scripts/build/site.mjs:92:1                                                    Combine this with the previous 'const' statement.                                                                                        
 534   3 (Moderate)  eslint:no-ternary                        scripts/build/site.mjs:92:17                                                   Ternary operator used.                                                                                                                   
 535   3 (Moderate)  eslint:require-unicode-regexp            scripts/build/site.mjs:96:33                                                   Use the 'u' flag.                                                                                                                        
 536   3 (Moderate)  eslint:one-var                           scripts/build/site.mjs:100:1                                                   Combine this with the previous 'const' statement.                                                                                        
 537   3 (Moderate)  eslint:no-ternary                        scripts/build/site.mjs:108:3                                                   Ternary operator used.                                                                                                                   
 538   3 (Moderate)  eslint:no-magic-numbers                  scripts/build/site.mjs:108:22                                                  No magic number: 0.                                                                                                                      
 539   3 (Moderate)  eslint:no-console                        scripts/build/site.mjs:122:1                                                   Unexpected console statement.                                                                                                            
 540   3 (Moderate)  eslint:sort-imports                      scripts/build/start-branches.mjs:29:1                                          Imports should be sorted alphabetically.                                                                                                 
 541   3 (Moderate)  eslint:one-var                           scripts/build/start-branches.mjs:32:1                                          Combine this with the previous 'const' statement.                                                                                        
 542   3 (Moderate)  eslint:one-var                           scripts/build/start-branches.mjs:33:1                                          Combine this with the previous 'const' statement.                                                                                        
 543   3 (Moderate)  eslint:one-var                           scripts/build/start-branches.mjs:35:1                                          Combine this with the previous 'const' statement.                                                                                        
 544   3 (Moderate)  eslint:@lwc/lwc-platform/no-process-env  scripts/build/start-branches.mjs:35:14                                         Usage of `process.argv.slice` is not allowed                                                                                             
 545   3 (Moderate)  eslint:no-magic-numbers                  scripts/build/start-branches.mjs:35:33                                         No magic number: 2.                                                                                                                      
 546   3 (Moderate)  eslint:one-var                           scripts/build/start-branches.mjs:36:1                                          Combine this with the previous 'const' statement.                                                                                        
 547   3 (Moderate)  eslint:one-var                           scripts/build/start-branches.mjs:37:1                                          Combine this with the previous 'const' statement.                                                                                        
 548   3 (Moderate)  eslint:one-var                           scripts/build/start-branches.mjs:38:1                                          Combine this with the previous 'const' statement.                                                                                        
 549   3 (Moderate)  eslint:one-var                           scripts/build/start-branches.mjs:39:1                                          Combine this with the previous 'const' statement.                                                                                        
 550   3 (Moderate)  eslint:no-ternary                        scripts/build/start-branches.mjs:39:14                                         Ternary operator used.                                                                                                                   
 551   3 (Moderate)  eslint:no-magic-numbers                  scripts/build/start-branches.mjs:39:27                                         No magic number: -1.                                                                                                                     
 552   3 (Moderate)  eslint:no-magic-numbers                  scripts/build/start-branches.mjs:39:57                                         No magic number: 1.                                                                                                                      
 553   3 (Moderate)  eslint:func-style                        scripts/build/start-branches.mjs:41:1                                          Expected a function expression.                                                                                                          
 554   3 (Moderate)  eslint:no-magic-numbers                  scripts/build/start-branches.mjs:43:22                                         No magic number: 0.                                                                                                                      
 555   3 (Moderate)  eslint:no-console                        scripts/build/start-branches.mjs:44:5                                          Unexpected console statement.                                                                                                            
 556   3 (Moderate)  eslint:no-console                        scripts/build/start-branches.mjs:45:5                                          Unexpected console statement.                                                                                                            
 557   3 (Moderate)  eslint:@lwc/lwc-platform/no-process-env  scripts/build/start-branches.mjs:46:5                                          Usage of `process.exit` is not allowed                                                                                                   
 558   3 (Moderate)  eslint:no-magic-numbers                  scripts/build/start-branches.mjs:46:18                                         No magic number: 1.                                                                                                                      
 559   3 (Moderate)  eslint:func-style                        scripts/build/start-branches.mjs:51:1                                          Expected a function expression.                                                                                                          
 560   3 (Moderate)  eslint:one-var                           scripts/build/start-branches.mjs:53:3                                          Combine this with the previous 'const' statement.                                                                                        
 561   3 (Moderate)  eslint:one-var                           scripts/build/start-branches.mjs:56:7                                          Combine this with the previous 'const' statement.                                                                                        
 562   3 (Moderate)  eslint:no-ternary                        scripts/build/start-branches.mjs:56:23                                         Ternary operator used.                                                                                                                   
 563   3 (Moderate)  eslint:one-var                           scripts/build/start-branches.mjs:71:1                                          Combine this with the previous 'const' statement.                                                                                        
 564   3 (Moderate)  eslint:one-var                           scripts/build/start-branches.mjs:73:1                                          Combine this with the previous 'const' statement.                                                                                        
 565   3 (Moderate)  eslint:no-console                        scripts/build/start-branches.mjs:75:3                                          Unexpected console statement.                                                                                                            
 566   3 (Moderate)  eslint:@lwc/lwc-platform/no-process-env  scripts/build/start-branches.mjs:76:3                                          Usage of `process.exit` is not allowed                                                                                                   
 567   3 (Moderate)  eslint:no-magic-numbers                  scripts/build/start-branches.mjs:76:16                                         No magic number: 1.                                                                                                                      
 568   3 (Moderate)  eslint:one-var                           scripts/build/start-branches.mjs:79:1                                          Combine this with the previous 'const' statement.                                                                                        
 569   3 (Moderate)  eslint:no-console                        scripts/build/start-branches.mjs:80:1                                          Unexpected console statement.                                                                                                            
 570   3 (Moderate)  eslint:no-console                        scripts/build/start-branches.mjs:81:1                                          Unexpected console statement.                                                                                                            
 571   3 (Moderate)  eslint:no-magic-numbers                  scripts/build/start-branches.mjs:85:22                                         No magic number: 1.                                                                                                                      
 572   3 (Moderate)  eslint:no-magic-numbers                  scripts/build/start-branches.mjs:85:25                                         No magic number: 2.                                                                                                                      
 573   3 (Moderate)  eslint:no-magic-numbers                  scripts/build/start-branches.mjs:85:28                                         No magic number: 3.                                                                                                                      
 574   3 (Moderate)  eslint:no-continue                       scripts/build/start-branches.mjs:88:5                                          Unexpected use of continue statement.                                                                                                    
 575   3 (Moderate)  eslint:one-var                           scripts/build/start-branches.mjs:91:3                                          Combine this with the previous 'const' statement.                                                                                        
 576   3 (Moderate)  eslint:one-var                           scripts/build/start-branches.mjs:92:3                                          Combine this with the previous 'const' statement.                                                                                        
 577   3 (Moderate)  eslint:no-magic-numbers                  scripts/build/start-branches.mjs:94:17                                         No magic number: 1.                                                                                                                      
 578   3 (Moderate)  eslint:no-console                        scripts/build/start-branches.mjs:95:5                                          Unexpected console statement.                                                                                                            
 579   3 (Moderate)  eslint:no-continue                       scripts/build/start-branches.mjs:103:5                                         Unexpected use of continue statement.                                                                                                    
 580   3 (Moderate)  eslint:no-console                        scripts/build/start-branches.mjs:107:5                                         Unexpected console statement.                                                                                                            
 581   3 (Moderate)  eslint:no-console                        scripts/build/start-branches.mjs:108:5                                         Unexpected console statement.                                                                                                            
 582   3 (Moderate)  eslint:no-console                        scripts/build/start-branches.mjs:109:5                                         Unexpected console statement.                                                                                                            
 583   3 (Moderate)  eslint:no-magic-numbers                  scripts/build/start-branches.mjs:109:52                                        No magic number: 1.                                                                                                                      
 584   3 (Moderate)  eslint:no-console                        scripts/build/start-branches.mjs:110:5                                         Unexpected console statement.                                                                                                            
 585   3 (Moderate)  eslint:no-magic-numbers                  scripts/build/start-branches.mjs:110:95                                        No magic number: 1.                                                                                                                      
 586   3 (Moderate)  eslint:no-console                        scripts/build/start-branches.mjs:111:5                                         Unexpected console statement.                                                                                                            
 587   3 (Moderate)  eslint:no-console                        scripts/build/start-branches.mjs:112:5                                         Unexpected console statement.                                                                                                            
 588   3 (Moderate)  eslint:no-continue                       scripts/build/start-branches.mjs:113:5                                         Unexpected use of continue statement.                                                                                                    
 589   3 (Moderate)  eslint:one-var                           scripts/build/start-branches.mjs:116:3                                         Combine this with the previous 'const' statement.                                                                                        
 590   3 (Moderate)  eslint:no-ternary                        scripts/build/start-branches.mjs:116:16                                        Ternary operator used.                                                                                                                   
 591   3 (Moderate)  eslint:no-console                        scripts/build/start-branches.mjs:117:3                                         Unexpected console statement.                                                                                                            
 592   3 (Moderate)  eslint:no-magic-numbers                  scripts/build/start-branches.mjs:117:65                                        No magic number: 1.                                                                                                                      
 593   3 (Moderate)  eslint:one-var                           scripts/build/start-branches.mjs:121:5                                         Combine this with the previous 'const' statement.                                                                                        
 594   3 (Moderate)  eslint:no-ternary                        scripts/build/start-branches.mjs:123:25                                        Ternary operator used.                                                                                                                   
 595   3 (Moderate)  eslint:id-length                         scripts/build/start-branches.mjs:132:20                                        Identifier name 'f' is too short (< 2).                                                                                                  
 596   3 (Moderate)  eslint:no-console                        scripts/build/start-branches.mjs:132:26                                        Unexpected console statement.                                                                                                            
 597   3 (Moderate)  eslint:no-console                        scripts/build/start-branches.mjs:133:5                                         Unexpected console statement.                                                                                                            
 598   3 (Moderate)  eslint:no-continue                       scripts/build/start-branches.mjs:135:5                                         Unexpected use of continue statement.                                                                                                    
 599   3 (Moderate)  eslint:one-var                           scripts/build/start-branches.mjs:139:3                                         Combine this with the previous 'const' statement.                                                                                        
 600   3 (Moderate)  eslint:id-length                         scripts/build/start-branches.mjs:147:20                                        Identifier name 'f' is too short (< 2).                                                                                                  
 601   3 (Moderate)  eslint:no-console                        scripts/build/start-branches.mjs:147:26                                        Unexpected console statement.                                                                                                            
 602   3 (Moderate)  eslint:one-var                           scripts/build/start-branches.mjs:150:3                                         Combine this with the previous 'const' statement.                                                                                        
 603   3 (Moderate)  eslint:one-var                           scripts/build/start-branches.mjs:151:3                                         Combine this with the previous 'const' statement.                                                                                        
 604   3 (Moderate)  eslint:no-magic-numbers                  scripts/build/start-branches.mjs:152:25                                        No magic number: 0.                                                                                                                      
 605   3 (Moderate)  eslint:require-unicode-regexp            scripts/build/start-branches.mjs:152:31                                        Use the 'u' flag.                                                                                                                        
 606   3 (Moderate)  eslint:no-console                        scripts/build/start-branches.mjs:153:5                                         Unexpected console statement.                                                                                                            
 607   3 (Moderate)  eslint:@lwc/lwc-platform/no-process-env  scripts/build/start-branches.mjs:154:5                                         Usage of `process.exit` is not allowed                                                                                                   
 608   3 (Moderate)  eslint:no-magic-numbers                  scripts/build/start-branches.mjs:154:18                                        No magic number: 1.                                                                                                                      
 609   3 (Moderate)  eslint:no-console                        scripts/build/start-branches.mjs:159:3                                         Unexpected console statement.                                                                                                            
 610   3 (Moderate)  eslint:no-console                        scripts/build/start-branches.mjs:167:1                                         Unexpected console statement.                                                                                                            
 611   3 (Moderate)  eslint:no-nested-ternary                 scripts/build/start-branches.mjs:167:13                                        Do not nest ternary expressions.                                                                                                         
 612   3 (Moderate)  eslint:no-ternary                        scripts/build/start-branches.mjs:167:13                                        Ternary operator used.                                                                                                                   
 613   3 (Moderate)  eslint:no-ternary                        scripts/build/start-branches.mjs:167:53                                        Ternary operator used.                                                                                                                   
 614   3 (Moderate)  eslint:sort-imports                      scripts/build/universe.mjs:20:1                                                Imports should be sorted alphabetically.                                                                                                 
 615   3 (Moderate)  eslint:one-var                           scripts/build/universe.mjs:23:1                                                Combine this with the previous 'const' statement.                                                                                        
 616   3 (Moderate)  eslint:one-var                           scripts/build/universe.mjs:24:1                                                Combine this with the previous 'const' statement.                                                                                        
 617   3 (Moderate)  eslint:@lwc/lwc-platform/no-process-env  scripts/build/universe.mjs:24:15                                               Usage of `process.argv.includes` is not allowed                                                                                          
 618   3 (Moderate)  eslint:one-var                           scripts/build/universe.mjs:26:1                                                Combine this with the previous 'const' statement.                                                                                        
 619   3 (Moderate)  eslint:one-var                           scripts/build/universe.mjs:27:1                                                Combine this with the previous 'const' statement.                                                                                        
 620   3 (Moderate)  eslint:one-var                           scripts/build/universe.mjs:28:1                                                Combine this with the previous 'const' statement.                                                                                        
 621   3 (Moderate)  eslint:one-var                           scripts/build/universe.mjs:30:1                                                Combine this with the previous 'const' statement.                                                                                        
 622   3 (Moderate)  eslint:one-var                           scripts/build/universe.mjs:31:1                                                Combine this with the previous 'const' statement.                                                                                        
 623   3 (Moderate)  eslint:func-style                        scripts/build/universe.mjs:33:1                                                Expected a function expression.                                                                                                          
 624   3 (Moderate)  eslint:one-var                           scripts/build/universe.mjs:35:3                                                Combine this with the previous 'const' statement.                                                                                        
 625   3 (Moderate)  eslint:no-ternary                        scripts/build/universe.mjs:35:20                                               Ternary operator used.                                                                                                                   
 626   3 (Moderate)  eslint:func-style                        scripts/build/universe.mjs:49:1                                                Expected a function expression.                                                                                                          
 627   3 (Moderate)  eslint:max-statements                    scripts/build/universe.mjs:49:1                                                Function 'parseFrontMatter' has too many statements (32). Maximum allowed is 10.                                                         
 628   3 (Moderate)  eslint:prefer-named-capture-group        scripts/build/universe.mjs:50:28                                               Capture group '([\s\S]*?)' should be converted to a named or non-capturing group.                                                        
 629   3 (Moderate)  eslint:require-unicode-regexp            scripts/build/universe.mjs:50:28                                               Use the 'u' flag.                                                                                                                        
 630   3 (Moderate)  eslint:one-var                           scripts/build/universe.mjs:54:3                                                Combine this with the previous 'const' statement.                                                                                        
 631   3 (Moderate)  eslint:one-var                           scripts/build/universe.mjs:56:3                                                Combine this with the previous 'let' statement.                                                                                          
 632   3 (Moderate)  eslint:no-magic-numbers                  scripts/build/universe.mjs:57:31                                               No magic number: 1.                                                                                                                      
 633   3 (Moderate)  eslint:require-unicode-regexp            scripts/build/universe.mjs:57:40                                               Use the 'u' flag.                                                                                                                        
 634   3 (Moderate)  eslint:no-continue                       scripts/build/universe.mjs:59:7                                                Unexpected use of continue statement.                                                                                                    
 635   3 (Moderate)  eslint:prefer-named-capture-group        scripts/build/universe.mjs:61:31                                               Capture group '([a-z_]+)' should be converted to a named or non-capturing group.                                                         
 636   3 (Moderate)  eslint:prefer-named-capture-group        scripts/build/universe.mjs:61:31                                               Capture group '(.*)' should be converted to a named or non-capturing group.                                                              
 637   3 (Moderate)  eslint:require-unicode-regexp            scripts/build/universe.mjs:61:31                                               Use the 'u' flag.                                                                                                                        
 638   3 (Moderate)  eslint:prefer-destructuring              scripts/build/universe.mjs:63:7                                                Use array destructuring.                                                                                                                 
 639   3 (Moderate)  eslint:no-magic-numbers                  scripts/build/universe.mjs:63:24                                               No magic number: 1.                                                                                                                      
 640   3 (Moderate)  eslint:no-magic-numbers                  scripts/build/universe.mjs:65:25                                               No magic number: 2.                                                                                                                      
 641   3 (Moderate)  eslint:no-ternary                        scripts/build/universe.mjs:66:26                                               Ternary operator used.                                                                                                                   
 642   3 (Moderate)  eslint:no-continue                       scripts/build/universe.mjs:67:7                                                Unexpected use of continue statement.                                                                                                    
 643   3 (Moderate)  eslint:one-var                           scripts/build/universe.mjs:69:5                                                Combine this with the previous 'const' statement.                                                                                        
 644   3 (Moderate)  eslint:prefer-named-capture-group        scripts/build/universe.mjs:69:31                                               Capture group '([a-z_]+)' should be converted to a named or non-capturing group.                                                         
 645   3 (Moderate)  eslint:prefer-named-capture-group        scripts/build/universe.mjs:69:31                                               Capture group '(.*)' should be converted to a named or non-capturing group.                                                              
 646   3 (Moderate)  eslint:require-unicode-regexp            scripts/build/universe.mjs:69:31                                               Use the 'u' flag.                                                                                                                        
 647   3 (Moderate)  eslint:prefer-destructuring              scripts/build/universe.mjs:74:7                                                Use array destructuring.                                                                                                                 
 648   3 (Moderate)  eslint:no-magic-numbers                  scripts/build/universe.mjs:74:24                                               No magic number: 1.                                                                                                                      
 649   3 (Moderate)  eslint:no-magic-numbers                  scripts/build/universe.mjs:75:25                                               No magic number: 2.                                                                                                                      
 650   3 (Moderate)  eslint:no-ternary                        scripts/build/universe.mjs:79:38                                               Ternary operator used.                                                                                                                   
 651   3 (Moderate)  eslint:no-continue                       scripts/build/universe.mjs:80:7                                                Unexpected use of continue statement.                                                                                                    
 652   3 (Moderate)  eslint:one-var                           scripts/build/universe.mjs:82:5                                                Combine this with the previous 'const' statement.                                                                                        
 653   3 (Moderate)  eslint:prefer-named-capture-group        scripts/build/universe.mjs:82:32                                               Capture group '(.*)' should be converted to a named or non-capturing group.                                                              
 654   3 (Moderate)  eslint:require-unicode-regexp            scripts/build/universe.mjs:82:32                                               Use the 'u' flag.                                                                                                                        
 655   3 (Moderate)  eslint:no-magic-numbers                  scripts/build/universe.mjs:87:46                                               No magic number: 1.                                                                                                                      
 656   3 (Moderate)  eslint:func-style                        scripts/build/universe.mjs:92:1                                                Expected a function expression.                                                                                                          
 657   3 (Moderate)  eslint:id-length                         scripts/build/universe.mjs:92:22                                               Identifier name 'v' is too short (< 2).                                                                                                  
 658   3 (Moderate)  eslint:prefer-named-capture-group        scripts/build/universe.mjs:93:20                                               Capture group '(.*)' should be converted to a named or non-capturing group.                                                              
 659   3 (Moderate)  eslint:require-unicode-regexp            scripts/build/universe.mjs:93:20                                               Use the 'u' flag.                                                                                                                        
 660   3 (Moderate)  eslint:func-style                        scripts/build/universe.mjs:95:1                                                Expected a function expression.                                                                                                          
 661   3 (Moderate)  eslint:id-length                         scripts/build/universe.mjs:95:22                                               Identifier name 'v' is too short (< 2).                                                                                                  
 662   3 (Moderate)  eslint:no-magic-numbers                  scripts/build/universe.mjs:97:20                                               No magic number: 1.                                                                                                                      
 663   3 (Moderate)  eslint:no-magic-numbers                  scripts/build/universe.mjs:97:23                                               No magic number: -1.                                                                                                                     
 664   3 (Moderate)  eslint:id-length                         scripts/build/universe.mjs:97:43                                               Identifier name 's' is too short (< 2).                                                                                                  
 665   3 (Moderate)  eslint:one-var                           scripts/build/universe.mjs:102:1                                               Combine this with the previous 'const' statement.                                                                                        
 666   3 (Moderate)  eslint:one-var                           scripts/build/universe.mjs:106:5                                               Combine this with the previous 'const' statement.                                                                                        
 667   3 (Moderate)  eslint:no-continue                       scripts/build/universe.mjs:109:7                                               Unexpected use of continue statement.                                                                                                    
 668   3 (Moderate)  eslint:one-var                           scripts/build/universe.mjs:111:5                                               Combine this with the previous 'const' statement.                                                                                        
 669   3 (Moderate)  eslint:one-var                           scripts/build/universe.mjs:112:5                                               Combine this with the previous 'const' statement.                                                                                        
 670   3 (Moderate)  eslint:no-continue                       scripts/build/universe.mjs:115:7                                               Unexpected use of continue statement.                                                                                                    
 671   3 (Moderate)  eslint:sort-keys                         scripts/build/universe.mjs:117:73                                              Expected object keys to be in ascending order. 'front' should be before 'rel'.                                                           
 672   3 (Moderate)  eslint:sort-keys                         scripts/build/universe.mjs:117:80                                              Expected object keys to be in ascending order. 'body' should be before 'front'.                                                          
 673   3 (Moderate)  eslint:one-var                           scripts/build/universe.mjs:122:1                                               Combine this with the previous 'const' statement.                                                                                        
 674   3 (Moderate)  eslint:id-length                         scripts/build/universe.mjs:122:57                                              Identifier name 's' is too short (< 2).                                                                                                  
 675   3 (Moderate)  eslint:one-var                           scripts/build/universe.mjs:123:1                                               Combine this with the previous 'const' statement.                                                                                        
 676   3 (Moderate)  eslint:id-length                         scripts/build/universe.mjs:125:38                                              Identifier name 'b' is too short (< 2).                                                                                                  
 677   3 (Moderate)  eslint:id-length                         scripts/build/universe.mjs:126:32                                              Identifier name 's' is too short (< 2).                                                                                                  
 678   3 (Moderate)  eslint:one-var                           scripts/build/universe.mjs:128:1                                               Combine this with the previous 'const' statement.                                                                                        
 679   3 (Moderate)  eslint:id-length                         scripts/build/universe.mjs:128:46                                              Identifier name 'o' is too short (< 2).                                                                                                  
 680   3 (Moderate)  eslint:one-var                           scripts/build/universe.mjs:129:1                                               Combine this with the previous 'const' statement.                                                                                        
 681   3 (Moderate)  eslint:id-length                         scripts/build/universe.mjs:129:47                                              Identifier name 'p' is too short (< 2).                                                                                                  
 682   3 (Moderate)  eslint:no-magic-numbers                  scripts/build/universe.mjs:129:71                                              No magic number: 0.                                                                                                                      
 683   3 (Moderate)  eslint:require-unicode-regexp            scripts/build/universe.mjs:132:41                                              Use the 'u' flag.                                                                                                                        
 684   3 (Moderate)  eslint:no-magic-numbers                  scripts/build/universe.mjs:133:34                                              No magic number: 0.                                                                                                                      
 685   3 (Moderate)  eslint:no-magic-numbers                  scripts/build/universe.mjs:134:50                                              No magic number: 0.                                                                                                                      
 686   3 (Moderate)  eslint:require-unicode-regexp            scripts/build/universe.mjs:137:41                                              Use the 'u' flag.                                                                                                                        
 687   3 (Moderate)  eslint:no-magic-numbers                  scripts/build/universe.mjs:138:30                                              No magic number: 0.                                                                                                                      
 688   3 (Moderate)  eslint:no-magic-numbers                  scripts/build/universe.mjs:139:58                                              No magic number: 0.                                                                                                                      
 689   3 (Moderate)  eslint:require-unicode-regexp            scripts/build/universe.mjs:144:41                                              Use the 'u' flag.                                                                                                                        
 690   3 (Moderate)  eslint:no-magic-numbers                  scripts/build/universe.mjs:145:34                                              No magic number: 0.                                                                                                                      
 691   3 (Moderate)  eslint:no-magic-numbers                  scripts/build/universe.mjs:146:61                                              No magic number: 0.                                                                                                                      
 692   3 (Moderate)  eslint:no-ternary                        scripts/build/universe.mjs:149:23                                              Ternary operator used.                                                                                                                   
 693   3 (Moderate)  eslint:one-var                           scripts/build/universe.mjs:158:1                                               Combine this with the previous 'const' statement.                                                                                        
 694   3 (Moderate)  eslint:prefer-named-capture-group        scripts/build/universe.mjs:160:38                                              Capture group '(Marco|Amina|Sofia|Elena|Diego|Nina)' should be converted to a named or non-capturing group.                              
 695   3 (Moderate)  eslint:require-unicode-regexp            scripts/build/universe.mjs:160:38                                              Use the 'u' flag.                                                                                                                        
 696   3 (Moderate)  eslint:func-style                        scripts/build/universe.mjs:169:1                                               Expected a function expression.                                                                                                          
 697   3 (Moderate)  eslint:max-statements                    scripts/build/universe.mjs:169:1                                               Function 'backlog' has too many statements (22). Maximum allowed is 10.                                                                  
 698   3 (Moderate)  eslint:id-length                         scripts/build/universe.mjs:184:39                                              Identifier name 'p' is too short (< 2).                                                                                                  
 699   3 (Moderate)  eslint:no-ternary                        scripts/build/universe.mjs:185:69                                              Ternary operator used.                                                                                                                   
 700   3 (Moderate)  eslint:id-length                         scripts/build/universe.mjs:189:39                                              Identifier name 'p' is too short (< 2).                                                                                                  
 701   3 (Moderate)  eslint:no-ternary                        scripts/build/universe.mjs:191:30                                              Ternary operator used.                                                                                                                   
 702   3 (Moderate)  eslint:func-style                        scripts/build/universe.mjs:212:1                                               Expected a function expression.                                                                                                          
 703   3 (Moderate)  eslint:max-statements                    scripts/build/universe.mjs:212:1                                               Function 'linkMap' has too many statements (20). Maximum allowed is 10.                                                                  
 704   3 (Moderate)  eslint:one-var                           scripts/build/universe.mjs:231:3                                               Combine this with the previous 'const' statement.                                                                                        
 705   3 (Moderate)  eslint:no-ternary                        scripts/build/universe.mjs:233:18                                              Ternary operator used.                                                                                                                   
 706   3 (Moderate)  eslint:no-ternary                        scripts/build/universe.mjs:234:24                                              Ternary operator used.                                                                                                                   
 707   3 (Moderate)  eslint:func-style                        scripts/build/universe.mjs:251:1                                               Expected a function expression.                                                                                                          
 708   3 (Moderate)  eslint:one-var                           scripts/build/universe.mjs:254:5                                               Combine this with the previous 'const' statement.                                                                                        
 709   3 (Moderate)  eslint:id-length                         scripts/build/universe.mjs:254:18                                              Identifier name 'v' is too short (< 2).                                                                                                  
 710   3 (Moderate)  eslint:no-nested-ternary                 scripts/build/universe.mjs:254:25                                              Do not nest ternary expressions.                                                                                                         
 711   3 (Moderate)  eslint:no-ternary                        scripts/build/universe.mjs:254:25                                              Ternary operator used.                                                                                                                   
 712   3 (Moderate)  eslint:no-ternary                        scripts/build/universe.mjs:254:48                                              Ternary operator used.                                                                                                                   
 713   3 (Moderate)  eslint:sort-keys                         scripts/build/universe.mjs:258:7                                               Expected object keys to be in ascending order. 'lab' should be before 'level'.                                                           
 714   3 (Moderate)  eslint:sort-keys                         scripts/build/universe.mjs:260:7                                               Expected object keys to be in ascending order. 'file' should be before 'title'.                                                          
 715   3 (Moderate)  eslint:sort-keys                         scripts/build/universe.mjs:262:7                                               Expected object keys to be in ascending order. 'commands' should be before 'url'.                                                        
 716   3 (Moderate)  eslint:sort-keys                         scripts/build/universe.mjs:264:7                                               Expected object keys to be in ascending order. 'config' should be before 'flags'.                                                        
 717   3 (Moderate)  eslint:one-var                           scripts/build/universe.mjs:270:3                                               Combine this with the previous 'const' statement.                                                                                        
 718   3 (Moderate)  eslint:logical-assignment-operators      scripts/build/universe.mjs:274:25                                              Assignment (=) can be replaced with operator assignment (||=).                                                                           
 719   3 (Moderate)  eslint:no-multi-assign                   scripts/build/universe.mjs:274:25                                              Unexpected chained assignment.                                                                                                           
 720   3 (Moderate)  eslint:logical-assignment-operators      scripts/build/universe.mjs:275:10                                              Assignment (=) can be replaced with operator assignment (||=).                                                                           
 721   3 (Moderate)  eslint:prefer-template                   scripts/build/universe.mjs:279:10                                              Unexpected string concatenation.                                                                                                         
 722   3 (Moderate)  eslint:sort-keys                         scripts/build/universe.mjs:284:7                                               Expected object keys to be in ascending order. 'labs' should be before 'site'.                                                           
 723   3 (Moderate)  eslint:no-magic-numbers                  scripts/build/universe.mjs:288:5                                               No magic number: 2.                                                                                                                      
 724   3 (Moderate)  eslint:func-style                        scripts/build/universe.mjs:294:1                                               Expected a function expression.                                                                                                          
 725   3 (Moderate)  eslint:max-lines                         scripts/build/universe.mjs:301:1                                               File has too many lines (355). Maximum allowed is 300.                                                                                   
 726   3 (Moderate)  eslint:prefer-template                   scripts/build/universe.mjs:306:10                                              Unexpected string concatenation.                                                                                                         
 727   3 (Moderate)  eslint:func-style                        scripts/build/universe.mjs:311:1                                               Expected a function expression.                                                                                                          
 728   3 (Moderate)  eslint:no-magic-numbers                  scripts/build/universe.mjs:345:22                                              No magic number: 0.                                                                                                                      
 729   3 (Moderate)  eslint:no-console                        scripts/build/universe.mjs:346:3                                               Unexpected console statement.                                                                                                            
 730   3 (Moderate)  eslint:id-length                         scripts/build/universe.mjs:347:20                                              Identifier name 'f' is too short (< 2).                                                                                                  
 731   3 (Moderate)  eslint:no-console                        scripts/build/universe.mjs:347:26                                              Unexpected console statement.                                                                                                            
 732   3 (Moderate)  eslint:no-magic-numbers                  scripts/build/universe.mjs:349:23                                              No magic number: 0.                                                                                                                      
 733   3 (Moderate)  eslint:no-console                        scripts/build/universe.mjs:350:3                                               Unexpected console statement.                                                                                                            
 734   3 (Moderate)  eslint:no-console                        scripts/build/universe.mjs:351:3                                               Unexpected console statement.                                                                                                            
 735   3 (Moderate)  eslint:id-length                         scripts/build/universe.mjs:352:21                                              Identifier name 'p' is too short (< 2).                                                                                                  
 736   3 (Moderate)  eslint:no-console                        scripts/build/universe.mjs:352:27                                              Unexpected console statement.                                                                                                            
 737   3 (Moderate)  eslint:@lwc/lwc-platform/no-process-env  scripts/build/universe.mjs:353:3                                               Usage of `process.exit` is not allowed                                                                                                   
 738   3 (Moderate)  eslint:no-magic-numbers                  scripts/build/universe.mjs:353:16                                              No magic number: 1.                                                                                                                      
 739   3 (Moderate)  eslint:no-console                        scripts/build/universe.mjs:355:1                                               Unexpected console statement.                                                                                                            
 740   3 (Moderate)  eslint:sort-imports                      scripts/i18n/check-translations.mjs:16:1                                       Imports should be sorted alphabetically.                                                                                                 
 741   3 (Moderate)  eslint:one-var                           scripts/i18n/check-translations.mjs:19:1                                       Combine this with the previous 'const' statement.                                                                                        
 742   3 (Moderate)  eslint:one-var                           scripts/i18n/check-translations.mjs:20:1                                       Combine this with the previous 'const' statement.                                                                                        
 743   3 (Moderate)  eslint:one-var                           scripts/i18n/check-translations.mjs:21:1                                       Combine this with the previous 'const' statement.                                                                                        
 744   3 (Moderate)  eslint:@lwc/lwc-platform/no-process-env  scripts/i18n/check-translations.mjs:21:16                                      Usage of `process.argv.includes` is not allowed                                                                                          
 745   3 (Moderate)  eslint:func-style                        scripts/i18n/check-translations.mjs:23:1                                       Expected a function expression.                                                                                                          
 746   3 (Moderate)  eslint:no-ternary                        scripts/i18n/check-translations.mjs:25:10                                      Ternary operator used.                                                                                                                   
 747   3 (Moderate)  eslint:no-magic-numbers                  scripts/i18n/check-translations.mjs:25:25                                      No magic number: 0.                                                                                                                      
 748   3 (Moderate)  eslint:func-style                        scripts/i18n/check-translations.mjs:28:1                                       Expected a function expression.                                                                                                          
 749   3 (Moderate)  eslint:one-var                           scripts/i18n/check-translations.mjs:30:3                                       Combine this with the previous 'const' statement.                                                                                        
 750   3 (Moderate)  eslint:prefer-named-capture-group        scripts/i18n/check-translations.mjs:30:28                                      Capture group '([\s\S]*?)' should be converted to a named or non-capturing group.                                                        
 751   3 (Moderate)  eslint:require-unicode-regexp            scripts/i18n/check-translations.mjs:30:28                                      Use the 'u' flag.                                                                                                                        
 752   3 (Moderate)  eslint:one-var                           scripts/i18n/check-translations.mjs:34:3                                       Combine this with the previous 'const' statement.                                                                                        
 753   3 (Moderate)  eslint:no-magic-numbers                  scripts/i18n/check-translations.mjs:34:21                                      No magic number: 1.                                                                                                                      
 754   3 (Moderate)  eslint:prefer-named-capture-group        scripts/i18n/check-translations.mjs:34:30                                      Capture group '([^"'\s]*)' should be converted to a named or non-capturing group.                                                        
 755   3 (Moderate)  eslint:require-unicode-regexp            scripts/i18n/check-translations.mjs:34:30                                      Use the 'u' flag.                                                                                                                        
 756   3 (Moderate)  eslint:no-ternary                        scripts/i18n/check-translations.mjs:35:10                                      Ternary operator used.                                                                                                                   
 757   3 (Moderate)  eslint:no-magic-numbers                  scripts/i18n/check-translations.mjs:35:20                                      No magic number: 1.                                                                                                                      
 758   3 (Moderate)  eslint:func-style                        scripts/i18n/check-translations.mjs:38:1                                       Expected a function expression.                                                                                                          
 759   3 (Moderate)  eslint:no-ternary                        scripts/i18n/check-translations.mjs:44:17                                      Ternary operator used.                                                                                                                   
 760   3 (Moderate)  eslint:one-var                           scripts/i18n/check-translations.mjs:54:1                                       Combine this with the previous 'const' statement.                                                                                        
 761   3 (Moderate)  eslint:prefer-named-capture-group        scripts/i18n/check-translations.mjs:56:45                                      Capture group '(-[A-Z]{2})' should be converted to a named or non-capturing group.                                                       
 762   3 (Moderate)  eslint:require-unicode-regexp            scripts/i18n/check-translations.mjs:56:45                                      Use the 'u' flag.                                                                                                                        
 763   3 (Moderate)  eslint:no-magic-numbers                  scripts/i18n/check-translations.mjs:59:24                                      No magic number: 0.                                                                                                                      
 764   3 (Moderate)  eslint:no-console                        scripts/i18n/check-translations.mjs:60:3                                       Unexpected console statement.                                                                                                            
 765   3 (Moderate)  eslint:@lwc/lwc-platform/no-process-env  scripts/i18n/check-translations.mjs:61:3                                       Usage of `process.exit` is not allowed                                                                                                   
 766   3 (Moderate)  eslint:no-magic-numbers                  scripts/i18n/check-translations.mjs:61:16                                      No magic number: 0.                                                                                                                      
 767   3 (Moderate)  eslint:one-var                           scripts/i18n/check-translations.mjs:64:1                                       Combine this with the previous 'const' statement.                                                                                        
 768   3 (Moderate)  eslint:one-var                           scripts/i18n/check-translations.mjs:66:1                                       Combine this with the previous 'let' statement.                                                                                          
 769   3 (Moderate)  eslint:one-var                           scripts/i18n/check-translations.mjs:67:1                                       Combine this with the previous 'let' statement.                                                                                          
 770   3 (Moderate)  eslint:no-console                        scripts/i18n/check-translations.mjs:71:3                                       Unexpected console statement.                                                                                                            
 771   3 (Moderate)  eslint:no-console                        scripts/i18n/check-translations.mjs:75:7                                       Unexpected console statement.                                                                                                            
 772   3 (Moderate)  eslint:no-plusplus                       scripts/i18n/check-translations.mjs:76:7                                       Unary operator '++' used.                                                                                                                
 773   3 (Moderate)  eslint:no-console                        scripts/i18n/check-translations.mjs:82:7                                       Unexpected console statement.                                                                                                            
 774   3 (Moderate)  eslint:no-continue                       scripts/i18n/check-translations.mjs:83:7                                       Unexpected use of continue statement.                                                                                                    
 775   3 (Moderate)  eslint:no-console                        scripts/i18n/check-translations.mjs:87:7                                       Unexpected console statement.                                                                                                            
 776   3 (Moderate)  eslint:no-plusplus                       scripts/i18n/check-translations.mjs:88:7                                       Unary operator '++' used.                                                                                                                
 777   3 (Moderate)  eslint:no-continue                       scripts/i18n/check-translations.mjs:89:7                                       Unexpected use of continue statement.                                                                                                    
 778   3 (Moderate)  eslint:one-var                           scripts/i18n/check-translations.mjs:91:5                                       Combine this with the previous 'const' statement.                                                                                        
 779   3 (Moderate)  eslint:one-var                           scripts/i18n/check-translations.mjs:92:5                                       Combine this with the previous 'const' statement.                                                                                        
 780   3 (Moderate)  eslint:no-continue                       scripts/i18n/check-translations.mjs:94:7                                       Unexpected use of continue statement.                                                                                                    
 781   3 (Moderate)  eslint:no-continue                       scripts/i18n/check-translations.mjs:97:7                                       Unexpected use of continue statement.                                                                                                    
 782   3 (Moderate)  eslint:one-var                           scripts/i18n/check-translations.mjs:99:5                                       Combine this with the previous 'const' statement.                                                                                        
 783   3 (Moderate)  eslint:no-console                        scripts/i18n/check-translations.mjs:101:7                                      Unexpected console statement.                                                                                                            
 784   3 (Moderate)  eslint:no-console                        scripts/i18n/check-translations.mjs:103:9                                      Unexpected console statement.                                                                                                            
 785   3 (Moderate)  eslint:no-plusplus                       scripts/i18n/check-translations.mjs:105:7                                      Unary operator '++' used.                                                                                                                
 786   3 (Moderate)  eslint:no-console                        scripts/i18n/check-translations.mjs:110:1                                      Unexpected console statement.                                                                                                            
 787   3 (Moderate)  eslint:no-console                        scripts/i18n/check-translations.mjs:111:1                                      Unexpected console statement.                                                                                                            
 788   3 (Moderate)  eslint:no-magic-numbers                  scripts/i18n/check-translations.mjs:112:25                                     No magic number: 0.                                                                                                                      
 789   3 (Moderate)  eslint:no-magic-numbers                  scripts/i18n/check-translations.mjs:112:40                                     No magic number: 0.                                                                                                                      
 790   3 (Moderate)  eslint:no-magic-numbers                  scripts/i18n/check-translations.mjs:112:57                                     No magic number: 0.                                                                                                                      
 791   3 (Moderate)  eslint:@lwc/lwc-platform/no-process-env  scripts/i18n/check-translations.mjs:113:3                                      Usage of `process.exit` is not allowed                                                                                                   
 792   3 (Moderate)  eslint:no-magic-numbers                  scripts/i18n/check-translations.mjs:113:16                                     No magic number: 1.                                                                                                                      
 793   3 (Moderate)  eslint:sort-imports                      scripts/lib/util.mjs:8:1                                                       Imports should be sorted alphabetically.                                                                                                 
 794   3 (Moderate)  eslint:sort-imports                      scripts/lib/util.mjs:11:1                                                      Imports should be sorted alphabetically.                                                                                                 
 795   3 (Moderate)  eslint:one-var                           scripts/lib/util.mjs:16:1                                                      Combine this with the previous 'const' statement.                                                                                        
 796   3 (Moderate)  eslint:@lwc/lwc-platform/no-process-env  scripts/lib/util.mjs:16:18                                                     Usage of `process.stdout.isTTY` is not allowed                                                                                           
 797   3 (Moderate)  eslint:@lwc/lwc-platform/no-process-env  scripts/lib/util.mjs:16:43                                                     Usage of `process.env.NO_COLOR` is not allowed                                                                                           
 798   3 (Moderate)  eslint:one-var                           scripts/lib/util.mjs:17:1                                                      Combine this with the previous 'const' statement.                                                                                        
 799   3 (Moderate)  eslint:id-length                         scripts/lib/util.mjs:17:25                                                     Identifier name 's' is too short (< 2).                                                                                                  
 800   3 (Moderate)  eslint:no-ternary                        scripts/lib/util.mjs:17:32                                                     Ternary operator used.                                                                                                                   
 801   3 (Moderate)  eslint:one-var                           scripts/lib/util.mjs:18:8                                                      Combine this with the previous 'const' statement.                                                                                        
 802   3 (Moderate)  eslint:id-length                         scripts/lib/util.mjs:18:14                                                     Identifier name 'c' is too short (< 2).                                                                                                  
 803   3 (Moderate)  eslint:sort-keys                         scripts/lib/util.mjs:22:3                                                      Expected object keys to be in ascending order. 'green' should be before 'red'.                                                           
 804   3 (Moderate)  eslint:sort-keys                         scripts/lib/util.mjs:24:3                                                      Expected object keys to be in ascending order. 'blue' should be before 'yellow'.                                                         
 805   3 (Moderate)  eslint:sort-keys                         scripts/lib/util.mjs:26:3                                                      Expected object keys to be in ascending order. 'cyan' should be before 'magenta'.                                                        
 806   3 (Moderate)  eslint:func-style                        scripts/lib/util.mjs:29:8                                                      Expected a function expression.                                                                                                          
 807   3 (Moderate)  eslint:no-console                        scripts/lib/util.mjs:30:3                                                      Unexpected console statement.                                                                                                            
 808   3 (Moderate)  eslint:no-console                        scripts/lib/util.mjs:31:3                                                      Unexpected console statement.                                                                                                            
 809   3 (Moderate)  eslint:no-console                        scripts/lib/util.mjs:32:3                                                      Unexpected console statement.                                                                                                            
 810   3 (Moderate)  eslint:func-style                        scripts/lib/util.mjs:35:8                                                      Expected a function expression.                                                                                                          
 811   3 (Moderate)  eslint:no-console                        scripts/lib/util.mjs:36:3                                                      Unexpected console statement.                                                                                                            
 812   3 (Moderate)  eslint:func-style                        scripts/lib/util.mjs:38:8                                                      Expected a function expression.                                                                                                          
 813   3 (Moderate)  eslint:no-console                        scripts/lib/util.mjs:39:3                                                      Unexpected console statement.                                                                                                            
 814   3 (Moderate)  eslint:func-style                        scripts/lib/util.mjs:41:8                                                      Expected a function expression.                                                                                                          
 815   3 (Moderate)  eslint:no-console                        scripts/lib/util.mjs:42:3                                                      Unexpected console statement.                                                                                                            
 816   3 (Moderate)  eslint:func-style                        scripts/lib/util.mjs:44:8                                                      Expected a function expression.                                                                                                          
 817   3 (Moderate)  eslint:no-console                        scripts/lib/util.mjs:45:3                                                      Unexpected console statement.                                                                                                            
 818   3 (Moderate)  eslint:func-style                        scripts/lib/util.mjs:49:8                                                      Expected a function expression.                                                                                                          
 819   3 (Moderate)  eslint:no-console                        scripts/lib/util.mjs:50:3                                                      Unexpected console statement.                                                                                                            
 820   3 (Moderate)  eslint:no-console                        scripts/lib/util.mjs:53:5                                                      Unexpected console statement.                                                                                                            
 821   3 (Moderate)  eslint:@lwc/lwc-platform/no-process-env  scripts/lib/util.mjs:55:3                                                      Usage of `process.exit` is not allowed                                                                                                   
 822   3 (Moderate)  eslint:no-magic-numbers                  scripts/lib/util.mjs:55:16                                                     No magic number: 1.                                                                                                                      
 823   3 (Moderate)  eslint:func-style                        scripts/lib/util.mjs:60:8                                                      Expected a function expression.                                                                                                          
 824   3 (Moderate)  eslint:one-var                           scripts/lib/util.mjs:72:1                                                      Combine this with the previous 'const' statement.                                                                                        
 825   3 (Moderate)  eslint:@lwc/lwc-platform/no-process-env  scripts/lib/util.mjs:72:17                                                     Usage of `process.platform` is not allowed                                                                                               
 826   3 (Moderate)  eslint:func-style                        scripts/lib/util.mjs:75:1                                                      Expected a function expression.                                                                                                          
 827   3 (Moderate)  eslint:no-magic-numbers                  scripts/lib/util.mjs:77:22                                                     No magic number: 0.                                                                                                                      
 828   3 (Moderate)  eslint:require-unicode-regexp            scripts/lib/util.mjs:77:28                                                     Use the 'u' flag.                                                                                                                        
 829   3 (Moderate)  eslint:no-ternary                        scripts/lib/util.mjs:80:10                                                     Ternary operator used.                                                                                                                   
 830   3 (Moderate)  eslint:require-unicode-regexp            scripts/lib/util.mjs:80:38                                                     Use the 'u' flag.                                                                                                                        
 831   3 (Moderate)  eslint:require-unicode-regexp            scripts/lib/util.mjs:80:73                                                     Use the 'u' flag.                                                                                                                        
 832   3 (Moderate)  eslint:func-style                        scripts/lib/util.mjs:83:8                                                      Expected a function expression.                                                                                                          
 833   3 (Moderate)  eslint:no-console                        scripts/lib/util.mjs:86:5                                                      Unexpected console statement.                                                                                                            
 834   3 (Moderate)  eslint:capitalized-comments              scripts/lib/util.mjs:89:3                                                      Comments should not begin with a lowercase character.                                                                                    
 835   3 (Moderate)  eslint:capitalized-comments              scripts/lib/util.mjs:90:3                                                      Comments should not begin with a lowercase character.                                                                                    
 836   3 (Moderate)  eslint:one-var                           scripts/lib/util.mjs:91:3                                                      Combine this with the previous 'const' statement.                                                                                        
 837   3 (Moderate)  eslint:no-ternary                        scripts/lib/util.mjs:91:24                                                     Ternary operator used.                                                                                                                   
 838   3 (Moderate)  eslint:one-var                           scripts/lib/util.mjs:92:3                                                      Combine this with the previous 'const' statement.                                                                                        
 839   3 (Moderate)  eslint:no-ternary                        scripts/lib/util.mjs:92:21                                                     Ternary operator used.                                                                                                                   
 840   3 (Moderate)  eslint:one-var                           scripts/lib/util.mjs:93:3                                                      Combine this with the previous 'const' statement.                                                                                        
 841   3 (Moderate)  eslint:no-ternary                        scripts/lib/util.mjs:95:12                                                     Ternary operator used.                                                                                                                   
 842   3 (Moderate)  eslint:sort-keys                         scripts/lib/util.mjs:96:5                                                      Expected object keys to be in ascending order. 'shell' should be before 'stdio'.                                                         
 843   3 (Moderate)  eslint:sort-keys                         scripts/lib/util.mjs:97:5                                                      Expected object keys to be in ascending order. 'encoding' should be before 'shell'.                                                      
 844   3 (Moderate)  eslint:@lwc/lwc-platform/no-process-env  scripts/lib/util.mjs:98:15                                                     Usage of `process.env` is not allowed                                                                                                    
 845   3 (Moderate)  eslint:no-ternary                        scripts/lib/util.mjs:101:11                                                    Ternary operator used.                                                                                                                   
 846   3 (Moderate)  eslint:no-magic-numbers                  scripts/lib/util.mjs:101:33                                                    No magic number: 1.                                                                                                                      
 847   3 (Moderate)  eslint:sort-keys                         scripts/lib/util.mjs:103:5                                                     Expected object keys to be in ascending order. 'stderr' should be before 'stdout'.                                                       
 848   3 (Moderate)  eslint:func-style                        scripts/lib/util.mjs:108:8                                                     Expected a function expression.                                                                                                          
 849   3 (Moderate)  eslint:one-var                           scripts/lib/util.mjs:110:3                                                     Combine this with the previous 'const' statement.                                                                                        
 850   3 (Moderate)  eslint:one-var                           scripts/lib/util.mjs:114:3                                                     Combine this with the previous 'const' statement.                                                                                        
 851   3 (Moderate)  eslint:no-magic-numbers                  scripts/lib/util.mjs:115:15                                                    No magic number: 0.                                                                                                                      
 852   3 (Moderate)  eslint:func-style                        scripts/lib/util.mjs:125:8                                                     Expected a function expression.                                                                                                          
 853   3 (Moderate)  eslint:func-style                        scripts/lib/util.mjs:129:8                                                     Expected a function expression.                                                                                                          
 854   3 (Moderate)  eslint:func-style                        scripts/lib/util.mjs:134:1                                                     Expected a function expression.                                                                                                          
 855   3 (Moderate)  eslint:@lwc/lwc-platform/no-process-env  scripts/lib/util.mjs:135:10                                                    Usage of `process.stdin.isTTY` is not allowed                                                                                            
 856   3 (Moderate)  eslint:@lwc/lwc-platform/no-process-env  scripts/lib/util.mjs:135:34                                                    Usage of `process.env.CI` is not allowed                                                                                                 
 857   3 (Moderate)  eslint:@lwc/lwc-platform/no-process-env  scripts/lib/util.mjs:135:52                                                    Usage of `process.env.TRAINING_NO_PROMPT` is not allowed                                                                                 
 858   3 (Moderate)  eslint:func-style                        scripts/lib/util.mjs:138:1                                                     Expected a function expression.                                                                                                          
 859   3 (Moderate)  eslint:@lwc/lwc-platform/no-process-env  scripts/lib/util.mjs:139:48                                                    Usage of `process.stdin` is not allowed                                                                                                  
 860   3 (Moderate)  eslint:@lwc/lwc-platform/no-process-env  scripts/lib/util.mjs:139:71                                                    Usage of `process.stdout` is not allowed                                                                                                 
 861   3 (Moderate)  eslint:one-var                           scripts/lib/util.mjs:140:3                                                     Combine this with the previous 'const' statement.                                                                                        
 862   3 (Moderate)  eslint:func-style                        scripts/lib/util.mjs:149:8                                                     Expected a function expression.                                                                                                          
 863   3 (Moderate)  eslint:max-statements                    scripts/lib/util.mjs:149:8                                                     Async function 'select' has too many statements (20). Maximum allowed is 10.                                                             
 864   3 (Moderate)  eslint:no-magic-numbers                  scripts/lib/util.mjs:158:26                                                    No magic number: 1.                                                                                                                      
 865   3 (Moderate)  eslint:no-magic-numbers                  scripts/lib/util.mjs:159:40                                                    No magic number: 0.                                                                                                                      
 866   3 (Moderate)  eslint:no-magic-numbers                  scripts/lib/util.mjs:160:20                                                    No magic number: 0.                                                                                                                      
 867   3 (Moderate)  eslint:no-console                        scripts/lib/util.mjs:168:3                                                     Unexpected console statement.                                                                                                            
 868   3 (Moderate)  eslint:no-console                        scripts/lib/util.mjs:169:3                                                     Unexpected console statement.                                                                                                            
 869   3 (Moderate)  eslint:id-length                         scripts/lib/util.mjs:170:24                                                    Identifier name 'i' is too short (< 2).                                                                                                  
 870   3 (Moderate)  eslint:no-console                        scripts/lib/util.mjs:171:5                                                     Unexpected console statement.                                                                                                            
 871   3 (Moderate)  eslint:no-magic-numbers                  scripts/lib/util.mjs:171:40                                                    No magic number: 1.                                                                                                                      
 872   3 (Moderate)  eslint:no-ternary                        scripts/lib/util.mjs:171:59                                                    Ternary operator used.                                                                                                                   
 873   3 (Moderate)  eslint:one-var                           scripts/lib/util.mjs:175:5                                                     Combine this with the previous 'const' statement.                                                                                        
 874   3 (Moderate)  eslint:no-magic-numbers                  scripts/lib/util.mjs:176:45                                                    No magic number: 1.                                                                                                                      
 875   3 (Moderate)  eslint:no-magic-numbers                  scripts/lib/util.mjs:177:30                                                    No magic number: 1.                                                                                                                      
 876   3 (Moderate)  eslint:func-style                        scripts/lib/util.mjs:183:8                                                     Expected a function expression.                                                                                                          
 877   3 (Moderate)  eslint:no-ternary                        scripts/lib/util.mjs:187:18                                                    Ternary operator used.                                                                                                                   
 878   3 (Moderate)  eslint:one-var                           scripts/lib/util.mjs:188:3                                                     Combine this with the previous 'const' statement.                                                                                        
 879   3 (Moderate)  eslint:func-style                        scripts/lib/util.mjs:197:8                                                     Expected a function expression.                                                                                                          
 880   3 (Moderate)  eslint:max-statements                    scripts/lib/util.mjs:197:8                                                     Function 'connectedOrgs' has too many statements (13). Maximum allowed is 10.                                                            
 881   3 (Moderate)  eslint:one-var                           scripts/lib/util.mjs:202:3                                                     Combine this with the previous 'const' statement.                                                                                        
 882   3 (Moderate)  eslint:one-var                           scripts/lib/util.mjs:203:3                                                     Combine this with the previous 'const' statement.                                                                                        
 883   3 (Moderate)  eslint:one-var                           scripts/lib/util.mjs:204:3                                                     Combine this with the previous 'const' statement.                                                                                        
 884   3 (Moderate)  eslint:no-continue                       scripts/lib/util.mjs:208:9                                                     Unexpected use of continue statement.                                                                                                    
 885   3 (Moderate)  eslint:no-ternary                        scripts/lib/util.mjs:212:30                                                    Ternary operator used.                                                                                                                   
 886   3 (Moderate)  eslint:no-magic-numbers                  scripts/lib/util.mjs:212:71                                                    No magic number: 0.                                                                                                                      
 887   3 (Moderate)  eslint:sort-keys                         scripts/lib/util.mjs:214:9                                                     Expected object keys to be in ascending order. 'instanceUrl' should be before 'username'.                                                
 888   3 (Moderate)  eslint:sort-keys                         scripts/lib/util.mjs:215:9                                                     Expected object keys to be in ascending order. 'connected' should be before 'instanceUrl'.                                               
 889   3 (Moderate)  eslint:func-style                        scripts/lib/util.mjs:222:8                                                     Expected a function expression.                                                                                                          
 890   3 (Moderate)  eslint:sort-keys                         scripts/lib/util.mjs:225:5                                                     Expected object keys to be in ascending order. 'label' should be before 'value'.                                                         
 891   3 (Moderate)  eslint:no-ternary                        scripts/lib/util.mjs:225:12                                                    Ternary operator used.                                                                                                                   
 892   3 (Moderate)  eslint:sort-keys                         scripts/lib/util.mjs:226:5                                                     Expected object keys to be in ascending order. 'hint' should be before 'label'.                                                          
 893   3 (Moderate)  eslint:no-ternary                        scripts/lib/util.mjs:226:11                                                    Ternary operator used.                                                                                                                   
 894   3 (Moderate)  eslint:one-var                           scripts/lib/util.mjs:231:1                                                     Combine this with the previous 'const' statement.                                                                                        
 895   3 (Moderate)  eslint:func-style                        scripts/lib/util.mjs:233:8                                                     Expected a function expression.                                                                                                          
 896   3 (Moderate)  eslint:id-length                         scripts/lib/util.mjs:234:9                                                     Identifier name 'p' is too short (< 2).                                                                                                  
 897   3 (Moderate)  eslint:sort-keys                         scripts/lib/util.mjs:236:28                                                    Expected object keys to be in ascending order. 'orgs' should be before 'receipts'.                                                       
 898   3 (Moderate)  eslint:sort-keys                         scripts/lib/util.mjs:241:28                                                    Expected object keys to be in ascending order. 'orgs' should be before 'receipts'.                                                       
 899   3 (Moderate)  eslint:func-style                        scripts/lib/util.mjs:245:8                                                     Expected a function expression.                                                                                                          
 900   3 (Moderate)  eslint:prefer-template                   scripts/lib/util.mjs:246:52                                                    Unexpected string concatenation.                                                                                                         
 901   3 (Moderate)  eslint:no-magic-numbers                  scripts/lib/util.mjs:246:83                                                    No magic number: 2.                                                                                                                      
 902   3 (Moderate)  eslint:func-style                        scripts/lib/util.mjs:249:8                                                     Expected a function expression.                                                                                                          
 903   3 (Moderate)  eslint:id-length                         scripts/lib/util.mjs:251:57                                                    Identifier name 'r' is too short (< 2).                                                                                                  
 904   3 (Moderate)  eslint:id-length                         scripts/lib/util.mjs:253:27                                                    Identifier name 'a' is too short (< 2).                                                                                                  
 905   3 (Moderate)  eslint:id-length                         scripts/lib/util.mjs:253:30                                                    Identifier name 'b' is too short (< 2).                                                                                                  
 906   3 (Moderate)  eslint:func-style                        scripts/lib/util.mjs:258:8                                                     Expected a function expression.                                                                                                          
 907   3 (Moderate)  eslint:max-statements                    scripts/lib/util.mjs:258:8                                                     Function 'parseArgs' has too many statements (12). Maximum allowed is 10.                                                                
 908   3 (Moderate)  eslint:id-length                         scripts/lib/util.mjs:259:17                                                    Identifier name '_' is too short (< 2).                                                                                                  
 909   3 (Moderate)  eslint:id-length                         scripts/lib/util.mjs:260:12                                                    Identifier name 'i' is too short (< 2).                                                                                                  
 910   3 (Moderate)  eslint:no-plusplus                       scripts/lib/util.mjs:260:36                                                    Unary operator '++' used.                                                                                                                
 911   3 (Moderate)  eslint:no-magic-numbers                  scripts/lib/util.mjs:263:31                                                    No magic number: 2.                                                                                                                      
 912   3 (Moderate)  eslint:one-var                           scripts/lib/util.mjs:264:7                                                     Combine this with the previous 'const' statement.                                                                                        
 913   3 (Moderate)  eslint:no-magic-numbers                  scripts/lib/util.mjs:264:29                                                    No magic number: 1.                                                                                                                      
 914   3 (Moderate)  eslint:no-plusplus                       scripts/lib/util.mjs:267:9                                                     Unary operator '++' used.                                                                                                                
 915   3 (Moderate)  eslint:func-style                        scripts/lib/util.mjs:279:8                                                     Expected a function expression.                                                                                                          
 916   3 (Moderate)  eslint:one-var                           scripts/lib/util.mjs:281:3                                                     Combine this with the previous 'const' statement.                                                                                        
 917   3 (Moderate)  eslint:prefer-named-capture-group        scripts/lib/util.mjs:281:27                                                    Capture group '([^/]+)' should be converted to a named or non-capturing group.                                                           
 918   3 (Moderate)  eslint:prefer-named-capture-group        scripts/lib/util.mjs:281:27                                                    Capture group '([^/.]+)' should be converted to a named or non-capturing group.                                                          
 919   3 (Moderate)  eslint:require-unicode-regexp            scripts/lib/util.mjs:281:27                                                    Use the 'u' flag.                                                                                                                        
 920   3 (Moderate)  eslint:no-ternary                        scripts/lib/util.mjs:282:10                                                    Ternary operator used.                                                                                                                   
 921   3 (Moderate)  eslint:no-magic-numbers                  scripts/lib/util.mjs:282:24                                                    No magic number: 1.                                                                                                                      
 922   3 (Moderate)  eslint:func-style                        scripts/lib/util.mjs:285:8                                                     Expected a function expression.                                                                                                          
 923   3 (Moderate)  eslint:one-var                           scripts/lib/util.mjs:287:3                                                     Combine this with the previous 'const' statement.                                                                                        
 924   3 (Moderate)  eslint:prefer-named-capture-group        scripts/lib/util.mjs:287:27                                                    Capture group '([^/]+)' should be converted to a named or non-capturing group.                                                           
 925   3 (Moderate)  eslint:prefer-named-capture-group        scripts/lib/util.mjs:287:27                                                    Capture group '([^/.]+)' should be converted to a named or non-capturing group.                                                          
 926   3 (Moderate)  eslint:require-unicode-regexp            scripts/lib/util.mjs:287:27                                                    Use the 'u' flag.                                                                                                                        
 927   3 (Moderate)  eslint:no-ternary                        scripts/lib/util.mjs:288:10                                                    Ternary operator used.                                                                                                                   
 928   3 (Moderate)  eslint:no-magic-numbers                  scripts/lib/util.mjs:288:27                                                    No magic number: 1.                                                                                                                      
 929   3 (Moderate)  eslint:no-magic-numbers                  scripts/lib/util.mjs:288:39                                                    No magic number: 2.                                                                                                                      
 930   3 (Moderate)  eslint:func-style                        scripts/lib/util.mjs:291:8                                                     Expected a function expression.                                                                                                          
 931   3 (Moderate)  eslint:no-magic-numbers                  scripts/lib/util.mjs:292:76                                                    No magic number: 0.                                                                                                                      
 932   3 (Moderate)  eslint:sort-imports                      scripts/training.mjs:15:21                                                     Member 'abort' of the import declaration should be sorted alphabetically.                                                                
 933   3 (Moderate)  eslint:sort-keys                         scripts/training.mjs:19:3                                                      Expected object keys to be in ascending order. 'seed' should be before 'status'.                                                         
 934   3 (Moderate)  eslint:sort-keys                         scripts/training.mjs:20:3                                                      Expected object keys to be in ascending order. 'check' should be before 'seed'.                                                          
 935   3 (Moderate)  eslint:sort-keys                         scripts/training.mjs:22:3                                                      Expected object keys to be in ascending order. 'reset' should be before 'simulate'.                                                      
 936   3 (Moderate)  eslint:func-style                        scripts/training.mjs:26:1                                                      Expected a function expression.                                                                                                          
 937   3 (Moderate)  eslint:@lwc/lwc-platform/no-process-env  scripts/training.mjs:27:26                                                     Usage of `process.argv.slice` is not allowed                                                                                             
 938   3 (Moderate)  eslint:no-magic-numbers                  scripts/training.mjs:27:45                                                     No magic number: 2.                                                                                                                      
 939   3 (Moderate)  eslint:one-var                           scripts/training.mjs:28:3                                                      Combine this with the previous 'const' statement.                                                                                        
 940   3 (Moderate)  eslint:prefer-destructuring              scripts/training.mjs:28:9                                                      Use array destructuring.                                                                                                                 
 941   3 (Moderate)  eslint:no-magic-numbers                  scripts/training.mjs:28:23                                                     No magic number: 0.                                                                                                                      
 942   3 (Moderate)  eslint:no-console                        scripts/training.mjs:31:5                                                      Unexpected console statement.                                                                                                            
 943   3 (Moderate)  eslint:@lwc/lwc-platform/no-process-env  scripts/training.mjs:43:5                                                      Usage of `process.exit` is not allowed                                                                                                   
 944   3 (Moderate)  eslint:no-ternary                        scripts/training.mjs:43:18                                                     Ternary operator used.                                                                                                                   
 945   3 (Moderate)  eslint:no-magic-numbers                  scripts/training.mjs:43:25                                                     No magic number: 0.                                                                                                                      
 946   3 (Moderate)  eslint:no-magic-numbers                  scripts/training.mjs:43:29                                                     No magic number: 1.                                                                                                                      
 947   3 (Moderate)  eslint:one-var                           scripts/training.mjs:46:3                                                      Combine this with the previous 'const' statement.                                                                                        
 948   3 (Moderate)  eslint:one-var                           scripts/training.mjs:51:3                                                      Combine this with the previous 'const' statement.                                                                                        
 949   3 (Moderate)  eslint:no-console                        scripts/training.mjs:56:3                                                      Unexpected console statement.                                                                                                            
 950   3 (Moderate)  eslint:no-console                        scripts/training.mjs:57:3                                                      Unexpected console statement.                                                                                                            
 951   3 (Moderate)  eslint:@lwc/lwc-platform/no-process-env  scripts/training.mjs:58:7                                                      Usage of `process.env.TRAINING_DEBUG` is not allowed                                                                                     
 952   3 (Moderate)  eslint:no-console                        scripts/training.mjs:59:5                                                      Unexpected console statement.                                                                                                            
 953   3 (Moderate)  eslint:no-console                        scripts/training.mjs:61:5                                                      Unexpected console statement.                                                                                                            
 954   3 (Moderate)  eslint:@lwc/lwc-platform/no-process-env  scripts/training.mjs:63:3                                                      Usage of `process.exit` is not allowed                                                                                                   
 955   3 (Moderate)  eslint:no-magic-numbers                  scripts/training.mjs:63:16                                                     No magic number: 1.                                                                                                                      
 956   3 (Moderate)  eslint:sort-imports                      scripts/training/check.mjs:6:28                                                Member 'title' of the import declaration should be sorted alphabetically.                                                                
 957   3 (Moderate)  eslint:prefer-destructuring              scripts/training/check.mjs:12:9                                                Use object destructuring.                                                                                                                
 958   3 (Moderate)  eslint:one-var                           scripts/training/check.mjs:13:3                                                Combine this with the previous 'const' statement.                                                                                        
 959   3 (Moderate)  eslint:id-length                         scripts/training/check.mjs:16:19                                               Identifier name 'l' is too short (< 2).                                                                                                  
 960   3 (Moderate)  eslint:sort-keys                         scripts/training/check.mjs:16:52                                               Expected object keys to be in ascending order. 'label' should be before 'value'.                                                         
 961   3 (Moderate)  eslint:one-var                           scripts/training/check.mjs:21:3                                                Combine this with the previous 'const' statement.                                                                                        
 962   3 (Moderate)  eslint:id-length                         scripts/training/check.mjs:21:33                                               Identifier name 'l' is too short (< 2).                                                                                                  
 963   3 (Moderate)  eslint:one-var                           scripts/training/check.mjs:22:3                                                Combine this with the previous 'const' statement.                                                                                        
 964   3 (Moderate)  eslint:sort-keys                         scripts/training/check.mjs:23:21                                               Expected object keys to be in ascending order. 'label' should be before 'value'.                                                         
 965   3 (Moderate)  eslint:id-length                         scripts/training/check.mjs:24:27                                               Identifier name 'l' is too short (< 2).                                                                                                  
 966   3 (Moderate)  eslint:sort-keys                         scripts/training/check.mjs:24:58                                               Expected object keys to be in ascending order. 'label' should be before 'value'.                                                         
 967   3 (Moderate)  eslint:one-var                           scripts/training/check.mjs:26:3                                                Combine this with the previous 'const' statement.                                                                                        
 968   3 (Moderate)  eslint:sort-keys                         scripts/training/check.mjs:29:42                                               Expected object keys to be in ascending order. 'lab' should be before 'level'.                                                           
 969   3 (Moderate)  eslint:no-ternary                        scripts/training/check.mjs:29:47                                               Ternary operator used.                                                                                                                   
 970   3 (Moderate)  eslint:no-undefined                      scripts/training/check.mjs:29:63                                               Unexpected use of undefined.                                                                                                             
 971   3 (Moderate)  eslint:sort-imports                      scripts/training/reset.mjs:9:13                                                Member 'info' of the import declaration should be sorted alphabetically.                                                                 
 972   3 (Moderate)  eslint:max-lines-per-function            scripts/training/reset.mjs:13:16                                               Async function 'reset' has too many lines (67). Maximum allowed is 50.                                                                   
 973   3 (Moderate)  eslint:max-statements                    scripts/training/reset.mjs:13:16                                               Async function 'reset' has too many statements (38). Maximum allowed is 10.                                                              
 974   3 (Moderate)  eslint:id-length                         scripts/training/reset.mjs:14:9                                                Identifier name 'u' is too short (< 2).                                                                                                  
 975   3 (Moderate)  eslint:one-var                           scripts/training/reset.mjs:17:3                                                Combine this with the previous 'const' statement.                                                                                        
 976   3 (Moderate)  eslint:id-length                         scripts/training/reset.mjs:20:21                                               Identifier name 'l' is too short (< 2).                                                                                                  
 977   3 (Moderate)  eslint:sort-keys                         scripts/training/reset.mjs:22:9                                                Expected object keys to be in ascending order. 'label' should be before 'value'.                                                         
 978   3 (Moderate)  eslint:sort-keys                         scripts/training/reset.mjs:23:9                                                Expected object keys to be in ascending order. 'hint' should be before 'label'.                                                          
 979   3 (Moderate)  eslint:one-var                           scripts/training/reset.mjs:29:3                                                Combine this with the previous 'const' statement.                                                                                        
 980   3 (Moderate)  eslint:one-var                           scripts/training/reset.mjs:34:3                                                Combine this with the previous 'const' statement.                                                                                        
 981   3 (Moderate)  eslint:no-magic-numbers                  scripts/training/reset.mjs:43:61                                               No magic number: 0.                                                                                                                      
 982   3 (Moderate)  eslint:one-var                           scripts/training/reset.mjs:46:3                                                Combine this with the previous 'const' statement.                                                                                        
 983   3 (Moderate)  eslint:one-var                           scripts/training/reset.mjs:56:3                                                Combine this with the previous 'const' statement.                                                                                        
 984   3 (Moderate)  eslint:one-var                           scripts/training/reset.mjs:65:3                                                Combine this with the previous 'const' statement.                                                                                        
 985   3 (Moderate)  eslint:no-negated-condition              scripts/training/reset.mjs:66:3                                                Unexpected negated condition.                                                                                                            
 986   3 (Moderate)  eslint:no-magic-numbers                  scripts/training/reset.mjs:66:21                                               No magic number: 0.                                                                                                                      
 987   3 (Moderate)  eslint:one-var                           scripts/training/reset.mjs:73:3                                                Combine this with the previous 'const' statement.                                                                                        
 988   3 (Moderate)  eslint:id-length                         scripts/training/reset.mjs:73:35                                               Identifier name 'l' is too short (< 2).                                                                                                  
 989   3 (Moderate)  eslint:func-style                        scripts/training/reset.mjs:81:1                                                Expected a function expression.                                                                                                          
 990   3 (Moderate)  eslint:func-style                        scripts/training/reset.mjs:85:1                                                Expected a function expression.                                                                                                          
 991   3 (Moderate)  eslint:id-length                         scripts/training/reset.mjs:85:25                                               Identifier name 'u' is too short (< 2).                                                                                                  
 992   3 (Moderate)  eslint:id-length                         scripts/training/reset.mjs:86:55                                               Identifier name 'r' is too short (< 2).                                                                                                  
 993   3 (Moderate)  eslint:sort-imports                      scripts/training/seed.mjs:15:1                                                 Expected 'multiple' syntax before 'single' syntax.                                                                                       
 994   3 (Moderate)  eslint:sort-imports                      scripts/training/seed.mjs:16:19                                                Member 'info' of the import declaration should be sorted alphabetically.                                                                 
 995   3 (Moderate)  eslint:max-lines-per-function            scripts/training/seed.mjs:22:16                                                Async function 'seed' has too many lines (95). Maximum allowed is 50.                                                                    
 996   3 (Moderate)  eslint:max-statements                    scripts/training/seed.mjs:22:16                                                Async function 'seed' has too many statements (46). Maximum allowed is 10.                                                               
 997   3 (Moderate)  eslint:id-length                         scripts/training/seed.mjs:25:40                                                Identifier name 'o' is too short (< 2).                                                                                                  
 998   3 (Moderate)  eslint:no-magic-numbers                  scripts/training/seed.mjs:26:23                                                No magic number: 0.                                                                                                                      
 999   3 (Moderate)  eslint:one-var                           scripts/training/seed.mjs:33:3                                                 Combine this with the previous 'const' statement.                                                                                        
 1000  3 (Moderate)  eslint:id-length                         scripts/training/seed.mjs:33:38                                                Identifier name 'o' is too short (< 2).                                                                                                  
 1001  3 (Moderate)  eslint:one-var                           scripts/training/seed.mjs:34:3                                                 Combine this with the previous 'const' statement.                                                                                        
 1002  3 (Moderate)  eslint:id-length                         scripts/training/seed.mjs:34:34                                                Identifier name 'o' is too short (< 2).                                                                                                  
 1003  3 (Moderate)  eslint:one-var                           scripts/training/seed.mjs:35:3                                                 Combine this with the previous 'const' statement.                                                                                        
 1004  3 (Moderate)  eslint:no-ternary                        scripts/training/seed.mjs:35:16                                                Ternary operator used.                                                                                                                   
 1005  3 (Moderate)  eslint:no-magic-numbers                  scripts/training/seed.mjs:35:35                                                No magic number: 0.                                                                                                                      
 1006  3 (Moderate)  eslint:one-var                           scripts/training/seed.mjs:37:3                                                 Combine this with the previous 'const' statement.                                                                                        
 1007  3 (Moderate)  eslint:one-var                           scripts/training/seed.mjs:46:3                                                 Combine this with the previous 'const' statement.                                                                                        
 1008  3 (Moderate)  eslint:no-magic-numbers                  scripts/training/seed.mjs:53:23                                                No magic number: 0.                                                                                                                      
 1009  3 (Moderate)  eslint:capitalized-comments              scripts/training/seed.mjs:63:3                                                 Comments should not begin with a lowercase character.                                                                                    
 1010  3 (Moderate)  eslint:capitalized-comments              scripts/training/seed.mjs:64:3                                                 Comments should not begin with a lowercase character.                                                                                    
 1011  3 (Moderate)  eslint:capitalized-comments              scripts/training/seed.mjs:65:3                                                 Comments should not begin with a lowercase character.                                                                                    
 1012  3 (Moderate)  eslint:one-var                           scripts/training/seed.mjs:67:3                                                 Combine this with the previous 'const' statement.                                                                                        
 1013  3 (Moderate)  eslint:no-negated-condition              scripts/training/seed.mjs:68:3                                                 Unexpected negated condition.                                                                                                            
 1014  3 (Moderate)  eslint:no-magic-numbers                  scripts/training/seed.mjs:68:23                                                No magic number: 0.                                                                                                                      
 1015  3 (Moderate)  eslint:one-var                           scripts/training/seed.mjs:76:3                                                 Combine this with the previous 'const' statement.                                                                                        
 1016  3 (Moderate)  eslint:one-var                           scripts/training/seed.mjs:77:3                                                 Combine this with the previous 'const' statement.                                                                                        
 1017  3 (Moderate)  eslint:no-magic-numbers                  scripts/training/seed.mjs:83:27                                                No magic number: 0.                                                                                                                      
 1018  3 (Moderate)  eslint:one-var                           scripts/training/seed.mjs:93:3                                                 Combine this with the previous 'const' statement.                                                                                        
 1019  3 (Moderate)  eslint:no-magic-numbers                  scripts/training/seed.mjs:94:26                                                No magic number: 0.                                                                                                                      
 1020  3 (Moderate)  eslint:one-var                           scripts/training/seed.mjs:101:3                                                Combine this with the previous 'const' statement.                                                                                        
 1021  3 (Moderate)  eslint:logical-assignment-operators      scripts/training/seed.mjs:102:3                                                Assignment (=) can be replaced with operator assignment (||=).                                                                           
 1022  3 (Moderate)  eslint:one-var                           scripts/training/seed.mjs:107:3                                                Combine this with the previous 'const' statement.                                                                                        
 1023  3 (Moderate)  eslint:prefer-template                   scripts/training/seed.mjs:115:26                                               Unexpected string concatenation.                                                                                                         
 1024  3 (Moderate)  eslint:func-style                        scripts/training/seed.mjs:123:1                                                Expected a function expression.                                                                                                          
 1025  3 (Moderate)  eslint:max-statements                    scripts/training/seed.mjs:123:1                                                Function 'applyDrift' has too many statements (19). Maximum allowed is 10.                                                               
 1026  3 (Moderate)  eslint:one-var                           scripts/training/seed.mjs:128:3                                                Combine this with the previous 'const' statement.                                                                                        
 1027  3 (Moderate)  eslint:one-var                           scripts/training/seed.mjs:129:3                                                Combine this with the previous 'const' statement.                                                                                        
 1028  3 (Moderate)  eslint:one-var                           scripts/training/seed.mjs:134:7                                                Combine this with the previous 'const' statement.                                                                                        
 1029  3 (Moderate)  eslint:sort-keys                         scripts/training/seed.mjs:134:99                                               Expected object keys to be in ascending order. 'capture' should be before 'quiet'.                                                       
 1030  3 (Moderate)  eslint:no-magic-numbers                  scripts/training/seed.mjs:136:24                                               No magic number: 0.                                                                                                                      
 1031  3 (Moderate)  eslint:sort-keys                         scripts/training/seed.mjs:146:25                                               Expected object keys to be in ascending order. 'capture' should be before 'quiet'.                                                       
 1032  3 (Moderate)  eslint:no-magic-numbers                  scripts/training/seed.mjs:147:24                                               No magic number: 0.                                                                                                                      
 1033  3 (Moderate)  eslint:func-style                        scripts/training/seed.mjs:157:1                                                Expected a function expression.                                                                                                          
 1034  3 (Moderate)  eslint:id-length                         scripts/training/seed.mjs:158:9                                                Identifier name 'q' is too short (< 2).                                                                                                  
 1035  3 (Moderate)  eslint:no-ternary                        scripts/training/seed.mjs:160:12                                               Ternary operator used.                                                                                                                   
 1036  3 (Moderate)  eslint:one-var                           scripts/training/seed.mjs:162:3                                                Combine this with the previous 'const' statement.                                                                                        
 1037  3 (Moderate)  eslint:sort-keys                         scripts/training/seed.mjs:168:5                                                Expected object keys to be in ascending order. 'batches' should be before 'installations'.                                               
 1038  3 (Moderate)  eslint:sort-keys                         scripts/training/seed.mjs:169:5                                                Expected object keys to be in ascending order. 'accounts' should be before 'batches'.                                                    
 1039  3 (Moderate)  eslint:sort-imports                      scripts/training/simulate.mjs:16:1                                             Expected 'multiple' syntax before 'single' syntax.                                                                                       
 1040  3 (Moderate)  eslint:sort-imports                      scripts/training/simulate.mjs:17:19                                            Member 'info' of the import declaration should be sorted alphabetically.                                                                 
 1041  3 (Moderate)  eslint:max-lines-per-function            scripts/training/simulate.mjs:23:16                                            Async function 'simulate' has too many lines (110). Maximum allowed is 50.                                                               
 1042  3 (Moderate)  eslint:max-statements                    scripts/training/simulate.mjs:23:16                                            Async function 'simulate' has too many statements (63). Maximum allowed is 10.                                                           
 1043  3 (Moderate)  eslint:no-magic-numbers                  scripts/training/simulate.mjs:27:28                                            No magic number: 0.                                                                                                                      
 1044  3 (Moderate)  eslint:one-var                           scripts/training/simulate.mjs:31:3                                             Combine this with the previous 'const' statement.                                                                                        
 1045  3 (Moderate)  eslint:id-length                         scripts/training/simulate.mjs:33:20                                            Identifier name 's' is too short (< 2).                                                                                                  
 1046  3 (Moderate)  eslint:sort-keys                         scripts/training/simulate.mjs:33:42                                            Expected object keys to be in ascending order. 'label' should be before 'value'.                                                         
 1047  3 (Moderate)  eslint:sort-keys                         scripts/training/simulate.mjs:33:63                                            Expected object keys to be in ascending order. 'hint' should be before 'label'.                                                          
 1048  3 (Moderate)  eslint:one-var                           scripts/training/simulate.mjs:36:3                                             Combine this with the previous 'const' statement.                                                                                        
 1049  3 (Moderate)  eslint:id-length                         scripts/training/simulate.mjs:36:36                                            Identifier name 's' is too short (< 2).                                                                                                  
 1050  3 (Moderate)  eslint:one-var                           scripts/training/simulate.mjs:38:3                                             Combine this with the previous 'const' statement.                                                                                        
 1051  3 (Moderate)  eslint:one-var                           scripts/training/simulate.mjs:52:3                                             Combine this with the previous 'const' statement.                                                                                        
 1052  3 (Moderate)  eslint:one-var                           scripts/training/simulate.mjs:58:3                                             Combine this with the previous 'const' statement.                                                                                        
 1053  3 (Moderate)  eslint:one-var                           scripts/training/simulate.mjs:59:3                                             Combine this with the previous 'const' statement.                                                                                        
 1054  3 (Moderate)  eslint:no-magic-numbers                  scripts/training/simulate.mjs:69:56                                            No magic number: 0.                                                                                                                      
 1055  3 (Moderate)  eslint:one-var                           scripts/training/simulate.mjs:73:3                                             Combine this with the previous 'const' statement.                                                                                        
 1056  3 (Moderate)  eslint:one-var                           scripts/training/simulate.mjs:82:3                                             Combine this with the previous 'const' statement.                                                                                        
 1057  3 (Moderate)  eslint:id-length                         scripts/training/simulate.mjs:83:20                                            Identifier name 'f' is too short (< 2).                                                                                                  
 1058  3 (Moderate)  eslint:one-var                           scripts/training/simulate.mjs:88:3                                             Combine this with the previous 'const' statement.                                                                                        
 1059  3 (Moderate)  eslint:no-magic-numbers                  scripts/training/simulate.mjs:93:23                                            No magic number: 0.                                                                                                                      
 1060  3 (Moderate)  eslint:one-var                           scripts/training/simulate.mjs:101:3                                            Combine this with the previous 'const' statement.                                                                                        
 1061  3 (Moderate)  eslint:no-magic-numbers                  scripts/training/simulate.mjs:102:21                                           No magic number: 0.                                                                                                                      
 1062  3 (Moderate)  eslint:no-negated-condition              scripts/training/simulate.mjs:106:3                                            Unexpected negated condition.                                                                                                            
 1063  3 (Moderate)  eslint:one-var                           scripts/training/simulate.mjs:112:5                                            Combine this with the previous 'const' statement.                                                                                        
 1064  3 (Moderate)  eslint:no-negated-condition              scripts/training/simulate.mjs:120:5                                            Unexpected negated condition.                                                                                                            
 1065  3 (Moderate)  eslint:no-magic-numbers                  scripts/training/simulate.mjs:120:21                                           No magic number: 0.                                                                                                                      
 1066  3 (Moderate)  eslint:no-ternary                        scripts/training/simulate.mjs:128:27                                           Ternary operator used.                                                                                                                   
 1067  3 (Moderate)  eslint:func-style                        scripts/training/simulate.mjs:134:1                                            Expected a function expression.                                                                                                          
 1068  3 (Moderate)  eslint:id-length                         scripts/training/simulate.mjs:140:14                                           Identifier name 'p' is too short (< 2).                                                                                                  
 1069  3 (Moderate)  eslint:id-length                         scripts/training/simulate.mjs:141:11                                           Identifier name 'p' is too short (< 2).                                                                                                  
 1070  3 (Moderate)  eslint:id-length                         scripts/training/simulate.mjs:142:12                                           Identifier name 'a' is too short (< 2).                                                                                                  
 1071  3 (Moderate)  eslint:id-length                         scripts/training/simulate.mjs:142:15                                           Identifier name 'b' is too short (< 2).                                                                                                  
 1072  3 (Moderate)  eslint:func-style                        scripts/training/simulate.mjs:145:1                                            Expected a function expression.                                                                                                          
 1073  3 (Moderate)  eslint:max-statements                    scripts/training/simulate.mjs:145:1                                            Function 'applyFiles' has too many statements (12). Maximum allowed is 10.                                                               
 1074  3 (Moderate)  eslint:one-var                           scripts/training/simulate.mjs:150:3                                            Combine this with the previous 'const' statement.                                                                                        
 1075  3 (Moderate)  eslint:one-var                           scripts/training/simulate.mjs:151:3                                            Combine this with the previous 'const' statement.                                                                                        
 1076  3 (Moderate)  eslint:one-var                           scripts/training/simulate.mjs:154:7                                            Combine this with the previous 'const' statement.                                                                                        
 1077  3 (Moderate)  eslint:no-ternary                        scripts/training/simulate.mjs:154:23                                           Ternary operator used.                                                                                                                   
 1078  3 (Moderate)  eslint:sort-imports                      scripts/training/status.mjs:8:19                                               Member 'info' of the import declaration should be sorted alphabetically.                                                                 
 1079  3 (Moderate)  eslint:max-lines-per-function            scripts/training/status.mjs:14:16                                              Async function 'status' has too many lines (70). Maximum allowed is 50.                                                                  
 1080  3 (Moderate)  eslint:max-statements                    scripts/training/status.mjs:14:16                                              Async function 'status' has too many statements (48). Maximum allowed is 10.                                                             
 1081  3 (Moderate)  eslint:require-await                     scripts/training/status.mjs:14:16                                              Async function 'status' has no 'await' expression.                                                                                       
 1082  3 (Moderate)  eslint:id-length                         scripts/training/status.mjs:15:9                                               Identifier name 'u' is too short (< 2).                                                                                                  
 1083  3 (Moderate)  eslint:one-var                           scripts/training/status.mjs:19:3                                               Combine this with the previous 'const' statement.                                                                                        
 1084  3 (Moderate)  eslint:one-var                           scripts/training/status.mjs:20:3                                               Combine this with the previous 'const' statement.                                                                                        
 1085  3 (Moderate)  eslint:one-var                           scripts/training/status.mjs:29:3                                               Combine this with the previous 'const' statement.                                                                                        
 1086  3 (Moderate)  eslint:id-length                         scripts/training/status.mjs:29:40                                              Identifier name 'o' is too short (< 2).                                                                                                  
 1087  3 (Moderate)  eslint:one-var                           scripts/training/status.mjs:30:3                                               Combine this with the previous 'const' statement.                                                                                        
 1088  3 (Moderate)  eslint:id-length                         scripts/training/status.mjs:30:32                                              Identifier name 'o' is too short (< 2).                                                                                                  
 1089  3 (Moderate)  eslint:no-ternary                        scripts/training/status.mjs:31:26                                              Ternary operator used.                                                                                                                   
 1090  3 (Moderate)  eslint:no-magic-numbers                  scripts/training/status.mjs:31:43                                              No magic number: 0.                                                                                                                      
 1091  3 (Moderate)  eslint:id-length                         scripts/training/status.mjs:31:91                                              Identifier name 'o' is too short (< 2).                                                                                                  
 1092  3 (Moderate)  eslint:one-var                           scripts/training/status.mjs:33:3                                               Combine this with the previous 'const' statement.                                                                                        
 1093  3 (Moderate)  eslint:one-var                           scripts/training/status.mjs:34:3                                               Combine this with the previous 'const' statement.                                                                                        
 1094  3 (Moderate)  eslint:no-magic-numbers                  scripts/training/status.mjs:35:23                                              No magic number: 0.                                                                                                                      
 1095  3 (Moderate)  eslint:one-var                           scripts/training/status.mjs:40:3                                               Combine this with the previous 'const' statement.                                                                                        
 1096  3 (Moderate)  eslint:one-var                           scripts/training/status.mjs:42:3                                               Combine this with the previous 'let' statement.                                                                                          
 1097  3 (Moderate)  eslint:one-var                           scripts/training/status.mjs:46:5                                               Combine this with the previous 'const' statement.                                                                                        
 1098  3 (Moderate)  eslint:id-length                         scripts/training/status.mjs:46:36                                              Identifier name 'r' is too short (< 2).                                                                                                  
 1099  3 (Moderate)  eslint:one-var                           scripts/training/status.mjs:47:5                                               Combine this with the previous 'const' statement.                                                                                        
 1100  3 (Moderate)  eslint:one-var                           scripts/training/status.mjs:48:5                                               Combine this with the previous 'const' statement.                                                                                        
 1101  3 (Moderate)  eslint:one-var                           scripts/training/status.mjs:49:5                                               Combine this with the previous 'const' statement.                                                                                        
 1102  3 (Moderate)  eslint:id-length                         scripts/training/status.mjs:55:44                                              Identifier name 'r' is too short (< 2).                                                                                                  
 1103  3 (Moderate)  eslint:no-ternary                        scripts/training/status.mjs:57:19                                              Ternary operator used.                                                                                                                   
 1104  3 (Moderate)  eslint:no-magic-numbers                  scripts/training/status.mjs:57:58                                              No magic number: 0.                                                                                                                      
 1105  3 (Moderate)  eslint:no-console                        scripts/training/status.mjs:63:3                                               Unexpected console statement.                                                                                                            
 1106  3 (Moderate)  eslint:prefer-template                   scripts/training/status.mjs:66:22                                              Unexpected string concatenation.                                                                                                         
 1107  3 (Moderate)  eslint:one-var                           scripts/training/status.mjs:70:3                                               Combine this with the previous 'const' statement.                                                                                        
 1108  3 (Moderate)  eslint:id-length                         scripts/training/status.mjs:70:35                                              Identifier name 'l' is too short (< 2).                                                                                                  
 1109  3 (Moderate)  eslint:one-var                           scripts/training/status.mjs:71:3                                               Combine this with the previous 'const' statement.                                                                                        
 1110  3 (Moderate)  eslint:id-length                         scripts/training/status.mjs:71:38                                              Identifier name 'l' is too short (< 2).                                                                                                  
 1111  3 (Moderate)  eslint:no-magic-numbers                  scripts/training/status.mjs:71:80                                              No magic number: 0.                                                                                                                      
 1112  3 (Moderate)  eslint:one-var                           scripts/training/status.mjs:78:3                                               Combine this with the previous 'const' statement.                                                                                        
 1113  3 (Moderate)  eslint:sort-imports                      scripts/training/teardown.mjs:11:1                                             Expected 'multiple' syntax before 'single' syntax.                                                                                       
 1114  3 (Moderate)  eslint:sort-imports                      scripts/training/teardown.mjs:12:13                                            Member 'info' of the import declaration should be sorted alphabetically.                                                                 
 1115  3 (Moderate)  eslint:one-var                           scripts/training/teardown.mjs:27:1                                             Combine this with the previous 'const' statement.                                                                                        
 1116  3 (Moderate)  eslint:max-lines-per-function            scripts/training/teardown.mjs:37:16                                            Async function 'teardown' has too many lines (60). Maximum allowed is 50.                                                                
 1117  3 (Moderate)  eslint:max-statements                    scripts/training/teardown.mjs:37:16                                            Async function 'teardown' has too many statements (34). Maximum allowed is 10.                                                           
 1118  3 (Moderate)  eslint:id-length                         scripts/training/teardown.mjs:40:40                                            Identifier name 'o' is too short (< 2).                                                                                                  
 1119  3 (Moderate)  eslint:no-magic-numbers                  scripts/training/teardown.mjs:41:23                                            No magic number: 0.                                                                                                                      
 1120  3 (Moderate)  eslint:one-var                           scripts/training/teardown.mjs:44:3                                             Combine this with the previous 'const' statement.                                                                                        
 1121  3 (Moderate)  eslint:id-length                         scripts/training/teardown.mjs:44:38                                            Identifier name 'o' is too short (< 2).                                                                                                  
 1122  3 (Moderate)  eslint:one-var                           scripts/training/teardown.mjs:45:3                                             Combine this with the previous 'const' statement.                                                                                        
 1123  3 (Moderate)  eslint:id-length                         scripts/training/teardown.mjs:45:34                                            Identifier name 'o' is too short (< 2).                                                                                                  
 1124  3 (Moderate)  eslint:one-var                           scripts/training/teardown.mjs:46:3                                             Combine this with the previous 'const' statement.                                                                                        
 1125  3 (Moderate)  eslint:no-ternary                        scripts/training/teardown.mjs:48:16                                            Ternary operator used.                                                                                                                   
 1126  3 (Moderate)  eslint:no-magic-numbers                  scripts/training/teardown.mjs:48:35                                            No magic number: 0.                                                                                                                      
 1127  3 (Moderate)  eslint:one-var                           scripts/training/teardown.mjs:55:3                                             Combine this with the previous 'const' statement.                                                                                        
 1128  3 (Moderate)  eslint:one-var                           scripts/training/teardown.mjs:62:3                                             Combine this with the previous 'const' statement.                                                                                        
 1129  3 (Moderate)  eslint:one-var                           scripts/training/teardown.mjs:64:3                                             Combine this with the previous 'const' statement.                                                                                        
 1130  3 (Moderate)  eslint:no-negated-condition              scripts/training/teardown.mjs:66:3                                             Unexpected negated condition.                                                                                                            
 1131  3 (Moderate)  eslint:no-magic-numbers                  scripts/training/teardown.mjs:66:21                                            No magic number: 0.                                                                                                                      
 1132  3 (Moderate)  eslint:one-var                           scripts/training/teardown.mjs:73:3                                             Combine this with the previous 'const' statement.                                                                                        
 1133  3 (Moderate)  eslint:one-var                           scripts/training/teardown.mjs:76:3                                             Combine this with the previous 'const' statement.                                                                                        
 1134  3 (Moderate)  eslint:sort-keys                         scripts/training/teardown.mjs:84:37                                            Expected object keys to be in ascending order. 'force' should be before 'recursive'.                                                     
 1135  3 (Moderate)  eslint:no-magic-numbers                  scripts/training/teardown.mjs:85:23                                            No magic number: 0.                                                                                                                      
 1136  3 (Moderate)  eslint:func-style                        scripts/training/teardown.mjs:98:1                                             Expected a function expression.                                                                                                          
 1137  3 (Moderate)  eslint:func-style                        scripts/training/teardown.mjs:106:1                                            Expected a function expression.                                                                                                          
 1138  3 (Moderate)  eslint:id-length                         scripts/training/teardown.mjs:108:32                                           Identifier name 'm' is too short (< 2).                                                                                                  
 1139  3 (Moderate)  eslint:sort-imports                      scripts/verify/audit.mjs:23:1                                                  Expected 'multiple' syntax before 'single' syntax.                                                                                       
 1140  3 (Moderate)  eslint:func-style                        scripts/verify/audit.mjs:33:8                                                  Expected a function expression.                                                                                                          
 1141  3 (Moderate)  eslint:id-length                         scripts/verify/audit.mjs:34:41                                                 Identifier name '_' is too short (< 2).                                                                                                  
 1142  3 (Moderate)  eslint:id-length                         scripts/verify/audit.mjs:34:44                                                 Identifier name 'i' is too short (< 2).                                                                                                  
 1143  3 (Moderate)  eslint:no-magic-numbers                  scripts/verify/audit.mjs:34:54                                                 No magic number: 1.                                                                                                                      
 1144  3 (Moderate)  eslint:func-style                        scripts/verify/audit.mjs:37:8                                                  Expected a function expression.                                                                                                          
 1145  3 (Moderate)  eslint:max-statements                    scripts/verify/audit.mjs:37:8                                                  Function 'auditRepository' has too many statements (13). Maximum allowed is 10.                                                          
 1146  3 (Moderate)  eslint:one-var                           scripts/verify/audit.mjs:39:3                                                  Combine this with the previous 'const' statement.                                                                                        
 1147  3 (Moderate)  eslint:no-continue                       scripts/verify/audit.mjs:43:9                                                  Unexpected use of continue statement.                                                                                                    
 1148  3 (Moderate)  eslint:init-declarations                 scripts/verify/audit.mjs:45:11                                                 Variable 'outcome' should be initialized on declaration.                                                                                 
 1149  3 (Moderate)  eslint:sort-keys                         scripts/verify/audit.mjs:51:11                                                 Expected object keys to be in ascending order. 'detail' should be before 'ok'.                                                           
 1150  3 (Moderate)  eslint:one-var                           scripts/verify/audit.mjs:58:3                                                  Combine this with the previous 'const' statement.                                                                                        
 1151  3 (Moderate)  eslint:id-length                         scripts/verify/audit.mjs:58:34                                                 Identifier name 'r' is too short (< 2).                                                                                                  
 1152  3 (Moderate)  eslint:sort-keys                         scripts/verify/audit.mjs:59:21                                                 Expected object keys to be in ascending order. 'passed' should be before 'results'.                                                      
 1153  3 (Moderate)  eslint:sort-keys                         scripts/verify/audit.mjs:59:52                                                 Expected object keys to be in ascending order. 'ok' should be before 'total'.                                                            
 1154  3 (Moderate)  eslint:func-style                        scripts/verify/audit.mjs:62:8                                                  Expected a function expression.                                                                                                          
 1155  3 (Moderate)  eslint:max-lines-per-function            scripts/verify/audit.mjs:62:8                                                  Function 'renderReport' has too many lines (51). Maximum allowed is 50.                                                                  
 1156  3 (Moderate)  eslint:max-statements                    scripts/verify/audit.mjs:62:8                                                  Function 'renderReport' has too many statements (40). Maximum allowed is 10.                                                             
 1157  3 (Moderate)  eslint:no-magic-numbers                  scripts/verify/audit.mjs:71:17                                                 No magic number: 1.                                                                                                                      
 1158  3 (Moderate)  eslint:no-magic-numbers                  scripts/verify/audit.mjs:73:67                                                 No magic number: 1.                                                                                                                      
 1159  3 (Moderate)  eslint:id-length                         scripts/verify/audit.mjs:78:42                                                 Identifier name 'r' is too short (< 2).                                                                                                  
 1160  3 (Moderate)  eslint:no-ternary                        scripts/verify/audit.mjs:104:76                                                Ternary operator used.                                                                                                                   
 1161  3 (Moderate)  eslint:func-style                        scripts/verify/audit.mjs:114:1                                                 Expected a function expression.                                                                                                          
 1162  3 (Moderate)  eslint:max-lines-per-function            scripts/verify/audit.mjs:114:1                                                 Async function 'main' has too many lines (51). Maximum allowed is 50.                                                                    
 1163  3 (Moderate)  eslint:max-statements                    scripts/verify/audit.mjs:114:1                                                 Async function 'main' has too many statements (15). Maximum allowed is 10.                                                               
 1164  3 (Moderate)  eslint:require-await                     scripts/verify/audit.mjs:114:1                                                 Async function 'main' has no 'await' expression.                                                                                         
 1165  3 (Moderate)  eslint:@lwc/lwc-platform/no-process-env  scripts/verify/audit.mjs:115:26                                                Usage of `process.argv.slice` is not allowed                                                                                             
 1166  3 (Moderate)  eslint:no-magic-numbers                  scripts/verify/audit.mjs:115:45                                                No magic number: 2.                                                                                                                      
 1167  3 (Moderate)  eslint:one-var                           scripts/verify/audit.mjs:116:3                                                 Combine this with the previous 'const' statement.                                                                                        
 1168  3 (Moderate)  eslint:one-var                           scripts/verify/audit.mjs:117:3                                                 Combine this with the previous 'const' statement.                                                                                        
 1169  3 (Moderate)  eslint:prefer-destructuring              scripts/verify/audit.mjs:117:9                                                 Use object destructuring.                                                                                                                
 1170  3 (Moderate)  eslint:no-magic-numbers                  scripts/verify/audit.mjs:118:43                                                No magic number: 1.                                                                                                                      
 1171  3 (Moderate)  eslint:no-magic-numbers                  scripts/verify/audit.mjs:118:56                                                No magic number: 3.                                                                                                                      
 1172  3 (Moderate)  eslint:no-console                        scripts/verify/audit.mjs:119:5                                                 Unexpected console statement.                                                                                                            
 1173  3 (Moderate)  eslint:@lwc/lwc-platform/no-process-env  scripts/verify/audit.mjs:120:5                                                 Usage of `process.exit` is not allowed                                                                                                   
 1174  3 (Moderate)  eslint:no-magic-numbers                  scripts/verify/audit.mjs:120:18                                                No magic number: 2.                                                                                                                      
 1175  3 (Moderate)  eslint:no-console                        scripts/verify/audit.mjs:123:5                                                 Unexpected console statement.                                                                                                            
 1176  3 (Moderate)  eslint:@lwc/lwc-platform/no-process-env  scripts/verify/audit.mjs:124:5                                                 Usage of `process.exit` is not allowed                                                                                                   
 1177  3 (Moderate)  eslint:no-magic-numbers                  scripts/verify/audit.mjs:124:18                                                No magic number: 2.                                                                                                                      
 1178  3 (Moderate)  eslint:one-var                           scripts/verify/audit.mjs:127:3                                                 Combine this with the previous 'const' statement.                                                                                        
 1179  3 (Moderate)  eslint:one-var                           scripts/verify/audit.mjs:128:3                                                 Combine this with the previous 'const' statement.                                                                                        
 1180  3 (Moderate)  eslint:sort-keys                         scripts/verify/audit.mjs:130:5                                                 Expected object keys to be in ascending order. 'handle' should be before 'level'.                                                        
 1181  3 (Moderate)  eslint:no-console                        scripts/verify/audit.mjs:133:3                                                 Unexpected console statement.                                                                                                            
 1182  3 (Moderate)  eslint:prefer-template                   scripts/verify/audit.mjs:138:7                                                 Unexpected string concatenation.                                                                                                         
 1183  3 (Moderate)  eslint:sort-keys                         scripts/verify/audit.mjs:141:11                                                Expected object keys to be in ascending order. 'handle' should be before 'level'.                                                        
 1184  3 (Moderate)  eslint:sort-keys                         scripts/verify/audit.mjs:143:11                                                Expected object keys to be in ascending order. 'ok' should be before 'repo'.                                                             
 1185  3 (Moderate)  eslint:sort-keys                         scripts/verify/audit.mjs:146:11                                                Expected object keys to be in ascending order. 'badge' should be before 'total'.                                                         
 1186  3 (Moderate)  eslint:no-ternary                        scripts/verify/audit.mjs:146:18                                                Ternary operator used.                                                                                                                   
 1187  3 (Moderate)  eslint:id-length                         scripts/verify/audit.mjs:147:38                                                Identifier name 'r' is too short (< 2).                                                                                                  
 1188  3 (Moderate)  eslint:sort-keys                         scripts/verify/audit.mjs:149:13                                                Expected object keys to be in ascending order. 'id' should be before 'level'.                                                            
 1189  3 (Moderate)  eslint:sort-keys                         scripts/verify/audit.mjs:151:13                                                Expected object keys to be in ascending order. 'ok' should be before 'title'.                                                            
 1190  3 (Moderate)  eslint:sort-keys                         scripts/verify/audit.mjs:152:13                                                Expected object keys to be in ascending order. 'detail' should be before 'ok'.                                                           
 1191  3 (Moderate)  eslint:no-magic-numbers                  scripts/verify/audit.mjs:157:9                                                 No magic number: 2.                                                                                                                      
 1192  3 (Moderate)  eslint:@lwc/lwc-platform/no-process-env  scripts/verify/audit.mjs:163:3                                                 Usage of `process.exit` is not allowed                                                                                                   
 1193  3 (Moderate)  eslint:no-ternary                        scripts/verify/audit.mjs:163:16                                                Ternary operator used.                                                                                                                   
 1194  3 (Moderate)  eslint:no-magic-numbers                  scripts/verify/audit.mjs:163:27                                                No magic number: 0.                                                                                                                      
 1195  3 (Moderate)  eslint:no-magic-numbers                  scripts/verify/audit.mjs:163:31                                                No magic number: 1.                                                                                                                      
 1196  3 (Moderate)  eslint:capitalized-comments              scripts/verify/audit.mjs:167:1                                                 Comments should not begin with a lowercase character.                                                                                    
 1197  3 (Moderate)  eslint:no-magic-numbers                  scripts/verify/audit.mjs:168:52                                                No magic number: 1.                                                                                                                      
 1198  3 (Moderate)  eslint:sort-imports                      scripts/verify/check-commands.mjs:16:1                                         Imports should be sorted alphabetically.                                                                                                 
 1199  3 (Moderate)  eslint:one-var                           scripts/verify/check-commands.mjs:19:1                                         Combine this with the previous 'const' statement.                                                                                        
 1200  3 (Moderate)  eslint:one-var                           scripts/verify/check-commands.mjs:21:1                                         Combine this with the previous 'const' statement.                                                                                        
 1201  3 (Moderate)  eslint:no-console                        scripts/verify/check-commands.mjs:23:3                                         Unexpected console statement.                                                                                                            
 1202  3 (Moderate)  eslint:@lwc/lwc-platform/no-process-env  scripts/verify/check-commands.mjs:24:3                                         Usage of `process.exit` is not allowed                                                                                                   
 1203  3 (Moderate)  eslint:no-magic-numbers                  scripts/verify/check-commands.mjs:24:16                                        No magic number: 2.                                                                                                                      
 1204  3 (Moderate)  eslint:one-var                           scripts/verify/check-commands.mjs:26:1                                         Combine this with the previous 'const' statement.                                                                                        
 1205  3 (Moderate)  eslint:one-var                           scripts/verify/check-commands.mjs:28:1                                         Combine this with the previous 'const' statement.                                                                                        
 1206  3 (Moderate)  eslint:no-magic-numbers                  scripts/verify/check-commands.mjs:38:21                                        No magic number: 0.                                                                                                                      
 1207  3 (Moderate)  eslint:no-console                        scripts/verify/check-commands.mjs:39:3                                         Unexpected console statement.                                                                                                            
 1208  3 (Moderate)  eslint:@lwc/lwc-platform/no-process-env  scripts/verify/check-commands.mjs:40:3                                         Usage of `process.exit` is not allowed                                                                                                   
 1209  3 (Moderate)  eslint:no-magic-numbers                  scripts/verify/check-commands.mjs:40:16                                        No magic number: 0.                                                                                                                      
 1210  3 (Moderate)  eslint:one-var                           scripts/verify/check-commands.mjs:43:1                                         Combine this with the previous 'const' statement.                                                                                        
 1211  3 (Moderate)  eslint:@lwc/lwc-platform/no-process-env  scripts/verify/check-commands.mjs:45:10                                        Usage of `process.platform` is not allowed                                                                                               
 1212  3 (Moderate)  eslint:sort-keys                         scripts/verify/check-commands.mjs:46:3                                         Expected object keys to be in ascending order. 'maxBuffer' should be before 'shell'.                                                     
 1213  3 (Moderate)  eslint:no-magic-numbers                  scripts/verify/check-commands.mjs:46:14                                        No magic number: 64.                                                                                                                     
 1214  3 (Moderate)  eslint:no-magic-numbers                  scripts/verify/check-commands.mjs:46:19                                        No magic number: 1024.                                                                                                                   
 1215  3 (Moderate)  eslint:no-magic-numbers                  scripts/verify/check-commands.mjs:46:26                                        No magic number: 1024.                                                                                                                   
 1216  3 (Moderate)  eslint:one-var                           scripts/verify/check-commands.mjs:49:1                                         Combine this with the previous 'const' statement.                                                                                        
 1217  3 (Moderate)  eslint:no-magic-numbers                  scripts/verify/check-commands.mjs:50:24                                        No magic number: 0.                                                                                                                      
 1218  3 (Moderate)  eslint:require-unicode-regexp            scripts/verify/check-commands.mjs:50:29                                        Use the 'u' flag.                                                                                                                        
 1219  3 (Moderate)  eslint:no-console                        scripts/verify/check-commands.mjs:51:3                                         Unexpected console statement.                                                                                                            
 1220  3 (Moderate)  eslint:no-console                        scripts/verify/check-commands.mjs:52:3                                         Unexpected console statement.                                                                                                            
 1221  3 (Moderate)  eslint:no-magic-numbers                  scripts/verify/check-commands.mjs:52:37                                        No magic number: 0.                                                                                                                      
 1222  3 (Moderate)  eslint:no-magic-numbers                  scripts/verify/check-commands.mjs:52:40                                        No magic number: 1500.                                                                                                                   
 1223  3 (Moderate)  eslint:require-unicode-regexp            scripts/verify/check-commands.mjs:53:7                                         Use the 'u' flag.                                                                                                                        
 1224  3 (Moderate)  eslint:no-console                        scripts/verify/check-commands.mjs:54:5                                         Unexpected console statement.                                                                                                            
 1225  3 (Moderate)  eslint:no-console                        scripts/verify/check-commands.mjs:55:5                                         Unexpected console statement.                                                                                                            
 1226  3 (Moderate)  eslint:no-console                        scripts/verify/check-commands.mjs:56:5                                         Unexpected console statement.                                                                                                            
 1227  3 (Moderate)  eslint:no-console                        scripts/verify/check-commands.mjs:57:5                                         Unexpected console statement.                                                                                                            
 1228  3 (Moderate)  eslint:@lwc/lwc-platform/no-process-env  scripts/verify/check-commands.mjs:59:3                                         Usage of `process.exit` is not allowed                                                                                                   
 1229  3 (Moderate)  eslint:no-magic-numbers                  scripts/verify/check-commands.mjs:59:16                                        No magic number: 2.                                                                                                                      
 1230  3 (Moderate)  eslint:init-declarations                 scripts/verify/check-commands.mjs:62:5                                         Variable 'available' should be initialized on declaration.                                                                               
 1231  3 (Moderate)  eslint:one-var                           scripts/verify/check-commands.mjs:65:3                                         Combine this with the previous 'const' statement.                                                                                        
 1232  3 (Moderate)  eslint:no-ternary                        scripts/verify/check-commands.mjs:65:16                                        Ternary operator used.                                                                                                                   
 1233  3 (Moderate)  eslint:require-unicode-regexp            scripts/verify/check-commands.mjs:66:70                                        Use the 'u' flag.                                                                                                                        
 1234  3 (Moderate)  eslint:no-console                        scripts/verify/check-commands.mjs:68:3                                         Unexpected console statement.                                                                                                            
 1235  3 (Moderate)  eslint:@lwc/lwc-platform/no-process-env  scripts/verify/check-commands.mjs:69:3                                         Usage of `process.exit` is not allowed                                                                                                   
 1236  3 (Moderate)  eslint:no-magic-numbers                  scripts/verify/check-commands.mjs:69:16                                        No magic number: 2.                                                                                                                      
 1237  3 (Moderate)  eslint:one-var                           scripts/verify/check-commands.mjs:72:1                                         Combine this with the previous 'const' statement.                                                                                        
 1238  3 (Moderate)  eslint:capitalized-comments              scripts/verify/check-commands.mjs:74:3                                         Comments should not begin with a lowercase character.                                                                                    
 1239  3 (Moderate)  eslint:require-unicode-regexp            scripts/verify/check-commands.mjs:75:38                                        Use the 'u' flag.                                                                                                                        
 1240  3 (Moderate)  eslint:require-unicode-regexp            scripts/verify/check-commands.mjs:76:69                                        Use the 'u' flag.                                                                                                                        
 1241  3 (Moderate)  eslint:no-continue                       scripts/verify/check-commands.mjs:77:5                                         Unexpected use of continue statement.                                                                                                    
 1242  3 (Moderate)  eslint:no-console                        scripts/verify/check-commands.mjs:82:1                                         Unexpected console statement.                                                                                                            
 1243  3 (Moderate)  eslint:no-magic-numbers                  scripts/verify/check-commands.mjs:84:24                                        No magic number: 0.                                                                                                                      
 1244  3 (Moderate)  eslint:no-console                        scripts/verify/check-commands.mjs:85:3                                         Unexpected console statement.                                                                                                            
 1245  3 (Moderate)  eslint:@lwc/lwc-platform/no-process-env  scripts/verify/check-commands.mjs:86:3                                         Usage of `process.exit` is not allowed                                                                                                   
 1246  3 (Moderate)  eslint:no-magic-numbers                  scripts/verify/check-commands.mjs:86:16                                        No magic number: 0.                                                                                                                      
 1247  3 (Moderate)  eslint:no-console                        scripts/verify/check-commands.mjs:89:1                                         Unexpected console statement.                                                                                                            
 1248  3 (Moderate)  eslint:no-console                        scripts/verify/check-commands.mjs:91:3                                         Unexpected console statement.                                                                                                            
 1249  3 (Moderate)  eslint:no-console                        scripts/verify/check-commands.mjs:92:3                                         Unexpected console statement.                                                                                                            
 1250  3 (Moderate)  eslint:no-console                        scripts/verify/check-commands.mjs:94:1                                         Unexpected console statement.                                                                                                            
 1251  3 (Moderate)  eslint:@lwc/lwc-platform/no-process-env  scripts/verify/check-commands.mjs:95:1                                         Usage of `process.exit` is not allowed                                                                                                   
 1252  3 (Moderate)  eslint:no-magic-numbers                  scripts/verify/check-commands.mjs:95:14                                        No magic number: 1.                                                                                                                      
 1253  3 (Moderate)  eslint:sort-imports                      scripts/verify/check-links.mjs:14:1                                            Imports should be sorted alphabetically.                                                                                                 
 1254  3 (Moderate)  eslint:one-var                           scripts/verify/check-links.mjs:17:1                                            Combine this with the previous 'const' statement.                                                                                        
 1255  3 (Moderate)  eslint:one-var                           scripts/verify/check-links.mjs:18:1                                            Combine this with the previous 'const' statement.                                                                                        
 1256  3 (Moderate)  eslint:@lwc/lwc-platform/no-process-env  scripts/verify/check-links.mjs:18:19                                           Usage of `process.argv.includes` is not allowed                                                                                          
 1257  3 (Moderate)  eslint:capitalized-comments              scripts/verify/check-links.mjs:21:1                                            Comments should not begin with a lowercase character.                                                                                    
 1258  3 (Moderate)  eslint:one-var                           scripts/verify/check-links.mjs:22:1                                            Combine this with the previous 'const' statement.                                                                                        
 1259  3 (Moderate)  eslint:capitalized-comments              scripts/verify/check-links.mjs:25:1                                            Comments should not begin with a lowercase character.                                                                                    
 1260  3 (Moderate)  eslint:capitalized-comments              scripts/verify/check-links.mjs:26:1                                            Comments should not begin with a lowercase character.                                                                                    
 1261  3 (Moderate)  eslint:one-var                           scripts/verify/check-links.mjs:27:1                                            Combine this with the previous 'const' statement.                                                                                        
 1262  3 (Moderate)  eslint:require-unicode-regexp            scripts/verify/check-links.mjs:27:22                                           Use the 'u' flag.                                                                                                                        
 1263  3 (Moderate)  eslint:require-unicode-regexp            scripts/verify/check-links.mjs:27:65                                           Use the 'u' flag.                                                                                                                        
 1264  3 (Moderate)  eslint:require-unicode-regexp            scripts/verify/check-links.mjs:27:102                                          Use the 'u' flag.                                                                                                                        
 1265  3 (Moderate)  eslint:func-style                        scripts/verify/check-links.mjs:29:1                                            Expected a function expression.                                                                                                          
 1266  3 (Moderate)  eslint:one-var                           scripts/verify/check-links.mjs:44:1                                            Combine this with the previous 'const' statement.                                                                                        
 1267  3 (Moderate)  eslint:one-var                           scripts/verify/check-links.mjs:46:1                                            Combine this with the previous 'const' statement.                                                                                        
 1268  3 (Moderate)  eslint:one-var                           scripts/verify/check-links.mjs:47:1                                            Combine this with the previous 'const' statement.                                                                                        
 1269  3 (Moderate)  eslint:one-var                           scripts/verify/check-links.mjs:51:3                                            Combine this with the previous 'const' statement.                                                                                        
 1270  3 (Moderate)  eslint:require-unicode-regexp            scripts/verify/check-links.mjs:51:49                                           Use the 'u' flag.                                                                                                                        
 1271  3 (Moderate)  eslint:prefer-named-capture-group        scripts/verify/check-links.mjs:52:37                                           Capture group '([^)\s]+)' should be converted to a named or non-capturing group.                                                         
 1272  3 (Moderate)  eslint:require-unicode-regexp            scripts/verify/check-links.mjs:52:37                                           Use the 'u' flag.                                                                                                                        
 1273  3 (Moderate)  eslint:prefer-destructuring              scripts/verify/check-links.mjs:53:11                                           Use array destructuring.                                                                                                                 
 1274  3 (Moderate)  eslint:no-magic-numbers                  scripts/verify/check-links.mjs:53:26                                           No magic number: 1.                                                                                                                      
 1275  3 (Moderate)  eslint:no-continue                       scripts/verify/check-links.mjs:55:7                                            Unexpected use of continue statement.                                                                                                    
 1276  3 (Moderate)  eslint:require-unicode-regexp            scripts/verify/check-links.mjs:57:9                                            Use the 'u' flag.                                                                                                                        
 1277  3 (Moderate)  eslint:no-continue                       scripts/verify/check-links.mjs:59:9                                            Unexpected use of continue statement.                                                                                                    
 1278  3 (Moderate)  eslint:require-unicode-regexp            scripts/verify/check-links.mjs:61:34                                           Use the 'u' flag.                                                                                                                        
 1279  3 (Moderate)  eslint:no-continue                       scripts/verify/check-links.mjs:66:7                                            Unexpected use of continue statement.                                                                                                    
 1280  3 (Moderate)  eslint:one-var                           scripts/verify/check-links.mjs:69:5                                            Combine this with the previous 'const' statement.                                                                                        
 1281  3 (Moderate)  eslint:prefer-destructuring              scripts/verify/check-links.mjs:69:11                                           Use array destructuring.                                                                                                                 
 1282  3 (Moderate)  eslint:no-magic-numbers                  scripts/verify/check-links.mjs:69:37                                           No magic number: 0.                                                                                                                      
 1283  3 (Moderate)  eslint:no-continue                       scripts/verify/check-links.mjs:71:7                                            Unexpected use of continue statement.                                                                                                    
 1284  3 (Moderate)  eslint:one-var                           scripts/verify/check-links.mjs:73:5                                            Combine this with the previous 'const' statement.                                                                                        
 1285  3 (Moderate)  eslint:no-console                        scripts/verify/check-links.mjs:80:1                                            Unexpected console statement.                                                                                                            
 1286  3 (Moderate)  eslint:func-style                        scripts/verify/check-links.mjs:82:1                                            Expected a function expression.                                                                                                          
 1287  3 (Moderate)  eslint:sort-keys                         scripts/verify/check-links.mjs:88:9                                            Expected object keys to be in ascending order. 'headers' should be before 'redirect'.                                                    
 1288  3 (Moderate)  eslint:no-magic-numbers                  scripts/verify/check-links.mjs:89:37                                           No magic number: 20000.                                                                                                                  
 1289  3 (Moderate)  eslint:no-ternary                        scripts/verify/check-links.mjs:100:37                                          Ternary operator used.                                                                                                                   
 1290  3 (Moderate)  eslint:one-var                           scripts/verify/check-links.mjs:107:1                                           Combine this with the previous 'const' statement.                                                                                        
 1291  3 (Moderate)  eslint:one-var                           scripts/verify/check-links.mjs:108:1                                           Combine this with the previous 'const' statement.                                                                                        
 1292  3 (Moderate)  eslint:one-var                           scripts/verify/check-links.mjs:109:1                                           Combine this with the previous 'const' statement.                                                                                        
 1293  3 (Moderate)  eslint:one-var                           scripts/verify/check-links.mjs:110:1                                           Combine this with the previous 'const' statement.                                                                                        
 1294  3 (Moderate)  eslint:id-length                         scripts/verify/check-links.mjs:111:10                                          Identifier name 'i' is too short (< 2).                                                                                                  
 1295  3 (Moderate)  eslint:one-var                           scripts/verify/check-links.mjs:113:3                                           Combine this with the previous 'const' statement.                                                                                        
 1296  3 (Moderate)  eslint:sort-keys                         scripts/verify/check-links.mjs:119:32                                          Expected object keys to be in ascending order. 'status' should be before 'url'.                                                          
 1297  3 (Moderate)  eslint:sort-keys                         scripts/verify/check-links.mjs:122:24                                          Expected object keys to be in ascending order. 'status' should be before 'url'.                                                          
 1298  3 (Moderate)  eslint:@lwc/lwc-platform/no-process-env  scripts/verify/check-links.mjs:124:3                                           Usage of `process.stdout.write` is not allowed                                                                                           
 1299  3 (Moderate)  eslint:no-console                        scripts/verify/check-links.mjs:126:1                                           Unexpected console statement.                                                                                                            
 1300  3 (Moderate)  eslint:no-magic-numbers                  scripts/verify/check-links.mjs:130:31                                          No magic number: 0.                                                                                                                      
 1301  3 (Moderate)  eslint:no-console                        scripts/verify/check-links.mjs:132:3                                           Unexpected console statement.                                                                                                            
 1302  3 (Moderate)  eslint:no-console                        scripts/verify/check-links.mjs:133:38                                          Unexpected console statement.                                                                                                            
 1303  3 (Moderate)  eslint:no-magic-numbers                  scripts/verify/check-links.mjs:136:21                                          No magic number: 0.                                                                                                                      
 1304  3 (Moderate)  eslint:no-console                        scripts/verify/check-links.mjs:138:3                                           Unexpected console statement.                                                                                                            
 1305  3 (Moderate)  eslint:no-console                        scripts/verify/check-links.mjs:140:5                                           Unexpected console statement.                                                                                                            
 1306  3 (Moderate)  eslint:no-magic-numbers                  scripts/verify/check-links.mjs:141:23                                          No magic number: 0.                                                                                                                      
 1307  3 (Moderate)  eslint:no-magic-numbers                  scripts/verify/check-links.mjs:141:26                                          No magic number: 4.                                                                                                                      
 1308  3 (Moderate)  eslint:no-console                        scripts/verify/check-links.mjs:141:47                                          Unexpected console statement.                                                                                                            
 1309  3 (Moderate)  eslint:no-magic-numbers                  scripts/verify/check-links.mjs:145:27                                          No magic number: 0.                                                                                                                      
 1310  3 (Moderate)  eslint:no-console                        scripts/verify/check-links.mjs:146:3                                           Unexpected console statement.                                                                                                            
 1311  3 (Moderate)  eslint:no-console                        scripts/verify/check-links.mjs:148:34                                          Unexpected console statement.                                                                                                            
 1312  3 (Moderate)  eslint:no-console                        scripts/verify/check-links.mjs:149:3                                           Unexpected console statement.                                                                                                            
 1313  3 (Moderate)  eslint:no-console                        scripts/verify/check-links.mjs:153:3                                           Unexpected console statement.                                                                                                            
 1314  3 (Moderate)  eslint:@lwc/lwc-platform/no-process-env  scripts/verify/check-links.mjs:154:3                                           Usage of `process.exit` is not allowed                                                                                                   
 1315  3 (Moderate)  eslint:no-magic-numbers                  scripts/verify/check-links.mjs:154:16                                          No magic number: 0.                                                                                                                      
 1316  3 (Moderate)  eslint:@lwc/lwc-platform/no-process-env  scripts/verify/check-links.mjs:157:1                                           Usage of `process.exit` is not allowed                                                                                                   
 1317  3 (Moderate)  eslint:no-ternary                        scripts/verify/check-links.mjs:157:14                                          Ternary operator used.                                                                                                                   
 1318  3 (Moderate)  eslint:no-magic-numbers                  scripts/verify/check-links.mjs:157:26                                          No magic number: 0.                                                                                                                      
 1319  3 (Moderate)  eslint:no-magic-numbers                  scripts/verify/check-links.mjs:157:30                                          No magic number: 1.                                                                                                                      
 1320  3 (Moderate)  eslint:sort-imports                      scripts/verify/check.mjs:12:1                                                  Expected 'multiple' syntax before 'single' syntax.                                                                                       
 1321  3 (Moderate)  eslint:sort-imports                      scripts/verify/check.mjs:12:26                                                 Member 'info' of the import declaration should be sorted alphabetically.                                                                 
 1322  3 (Moderate)  eslint:sort-imports                      scripts/verify/check.mjs:13:38                                                 Member 'findRule' of the import declaration should be sorted alphabetically.                                                             
 1323  3 (Moderate)  eslint:func-style                        scripts/verify/check.mjs:15:8                                                  Expected a function expression.                                                                                                          
 1324  3 (Moderate)  eslint:prefer-template                   scripts/verify/check.mjs:16:17                                                 Unexpected string concatenation.                                                                                                         
 1325  3 (Moderate)  eslint:no-magic-numbers                  scripts/verify/check.mjs:16:48                                                 No magic number: 0.                                                                                                                      
 1326  3 (Moderate)  eslint:no-magic-numbers                  scripts/verify/check.mjs:16:51                                                 No magic number: 16.                                                                                                                     
 1327  3 (Moderate)  eslint:func-style                        scripts/verify/check.mjs:20:8                                                  Expected a function expression.                                                                                                          
 1328  3 (Moderate)  eslint:init-declarations                 scripts/verify/check.mjs:22:9                                                  Variable 'result' should be initialized on declaration.                                                                                  
 1329  3 (Moderate)  eslint:sort-keys                         scripts/verify/check.mjs:26:29                                                 Expected object keys to be in ascending order. 'detail' should be before 'ok'.                                                           
 1330  3 (Moderate)  eslint:func-style                        scripts/verify/check.mjs:32:8                                                  Expected a function expression.                                                                                                          
 1331  3 (Moderate)  eslint:max-params                        scripts/verify/check.mjs:32:8                                                  Function 'printResults' has too many parameters (4). Maximum allowed is 3.                                                               
 1332  3 (Moderate)  eslint:max-statements                    scripts/verify/check.mjs:32:8                                                  Function 'printResults' has too many statements (17). Maximum allowed is 10.                                                             
 1333  3 (Moderate)  eslint:id-length                         scripts/verify/check.mjs:34:14                                                 Identifier name 'r' is too short (< 2).                                                                                                  
 1334  3 (Moderate)  eslint:no-plusplus                       scripts/verify/check.mjs:37:7                                                  Unary operator '++' used.                                                                                                                
 1335  3 (Moderate)  eslint:no-console                        scripts/verify/check.mjs:44:9                                                  Unexpected console statement.                                                                                                            
 1336  3 (Moderate)  eslint:sort-keys                         scripts/verify/check.mjs:45:46                                                 Expected object keys to be in ascending order. 'at' should be before 'line'.                                                             
 1337  3 (Moderate)  eslint:max-statements                    scripts/verify/check.mjs:58:16                                                 Async function 'main' has too many statements (30). Maximum allowed is 10.                                                               
 1338  3 (Moderate)  eslint:require-await                     scripts/verify/check.mjs:58:16                                                 Async function 'main' has no 'await' expression.                                                                                         
 1339  3 (Moderate)  eslint:no-magic-numbers                  scripts/verify/check.mjs:60:43                                                 No magic number: 1.                                                                                                                      
 1340  3 (Moderate)  eslint:no-magic-numbers                  scripts/verify/check.mjs:60:56                                                 No magic number: 3.                                                                                                                      
 1341  3 (Moderate)  eslint:@lwc/lwc-platform/no-process-env  scripts/verify/check.mjs:62:5                                                  Usage of `process.exit` is not allowed                                                                                                   
 1342  3 (Moderate)  eslint:no-magic-numbers                  scripts/verify/check.mjs:62:18                                                 No magic number: 1.                                                                                                                      
 1343  3 (Moderate)  eslint:one-var                           scripts/verify/check.mjs:64:3                                                  Combine this with the previous 'const' statement.                                                                                        
 1344  3 (Moderate)  eslint:no-ternary                        scripts/verify/check.mjs:64:15                                                 Ternary operator used.                                                                                                                   
 1345  3 (Moderate)  eslint:no-undefined                      scripts/verify/check.mjs:64:28                                                 Unexpected use of undefined.                                                                                                             
 1346  3 (Moderate)  eslint:one-var                           scripts/verify/check.mjs:66:3                                                  Combine this with the previous 'const' statement.                                                                                        
 1347  3 (Moderate)  eslint:one-var                           scripts/verify/check.mjs:67:3                                                  Combine this with the previous 'const' statement.                                                                                        
 1348  3 (Moderate)  eslint:one-var                           scripts/verify/check.mjs:68:3                                                  Combine this with the previous 'const' statement.                                                                                        
 1349  3 (Moderate)  eslint:init-declarations                 scripts/verify/check.mjs:70:7                                                  Variable 'rules' should be initialized on declaration.                                                                                   
 1350  3 (Moderate)  eslint:@lwc/lwc-platform/no-process-env  scripts/verify/check.mjs:78:7                                                  Usage of `process.exit` is not allowed                                                                                                   
 1351  3 (Moderate)  eslint:no-magic-numbers                  scripts/verify/check.mjs:78:20                                                 No magic number: 1.                                                                                                                      
 1352  3 (Moderate)  eslint:one-var                           scripts/verify/check.mjs:84:3                                                  Combine this with the previous 'const' statement.                                                                                        
 1353  3 (Moderate)  eslint:one-var                           scripts/verify/check.mjs:85:3                                                  Combine this with the previous 'const' statement.                                                                                        
 1354  3 (Moderate)  eslint:no-console                        scripts/verify/check.mjs:87:3                                                  Unexpected console statement.                                                                                                            
 1355  3 (Moderate)  eslint:@lwc/lwc-platform/no-process-env  scripts/verify/check.mjs:98:5                                                  Usage of `process.exitCode` is not allowed                                                                                               
 1356  3 (Moderate)  eslint:capitalized-comments              scripts/verify/check.mjs:104:1                                                 Comments should not begin with a lowercase character.                                                                                    
 1357  3 (Moderate)  eslint:no-magic-numbers                  scripts/verify/check.mjs:105:52                                                No magic number: 1.                                                                                                                      
 1358  3 (Moderate)  eslint:@lwc/lwc-platform/no-process-env  scripts/verify/check.mjs:106:18                                                Usage of `process.argv.slice` is not allowed                                                                                             
 1359  3 (Moderate)  eslint:no-magic-numbers                  scripts/verify/check.mjs:106:37                                                No magic number: 2.                                                                                                                      
 1360  3 (Moderate)  eslint:func-style                        scripts/verify/rules.mjs:22:8                                                  Expected a function expression.                                                                                                          
 1361  3 (Moderate)  eslint:max-lines-per-function            scripts/verify/rules.mjs:22:8                                                  Function 'makeContext' has too many lines (58). Maximum allowed is 50.                                                                   
 1362  3 (Moderate)  eslint:one-var                           scripts/verify/rules.mjs:27:3                                                  Combine this with the previous 'const' statement.                                                                                        
 1363  3 (Moderate)  eslint:id-length                         scripts/verify/rules.mjs:29:11                                                 Identifier name 'b' is too short (< 2).                                                                                                  
 1364  3 (Moderate)  eslint:require-unicode-regexp            scripts/verify/rules.mjs:29:27                                                 Use the 'u' flag.                                                                                                                        
 1365  3 (Moderate)  eslint:one-var                           scripts/verify/rules.mjs:32:3                                                  Combine this with the previous 'const' statement.                                                                                        
 1366  3 (Moderate)  eslint:one-var                           scripts/verify/rules.mjs:34:3                                                  Combine this with the previous 'const' statement.                                                                                        
 1367  3 (Moderate)  eslint:max-statements                    scripts/verify/rules.mjs:34:18                                                 Arrow function has too many statements (15). Maximum allowed is 10.                                                                      
 1368  3 (Moderate)  eslint:no-magic-numbers                  scripts/verify/rules.mjs:42:26                                                 No magic number: 0.                                                                                                                      
 1369  3 (Moderate)  eslint:id-length                         scripts/verify/rules.mjs:48:13                                                 Identifier name 'p' is too short (< 2).                                                                                                  
 1370  3 (Moderate)  eslint:one-var                           scripts/verify/rules.mjs:56:3                                                  Combine this with the previous 'const' statement.                                                                                        
 1371  3 (Moderate)  eslint:no-magic-numbers                  scripts/verify/rules.mjs:59:26                                                 No magic number: 0.                                                                                                                      
 1372  3 (Moderate)  eslint:id-length                         scripts/verify/rules.mjs:60:44                                                 Identifier name 's' is too short (< 2).                                                                                                  
 1373  3 (Moderate)  eslint:id-length                         scripts/verify/rules.mjs:60:68                                                 Identifier name 's' is too short (< 2).                                                                                                  
 1374  3 (Moderate)  eslint:func-style                        scripts/verify/rules.mjs:65:3                                                  Expected a function expression.                                                                                                          
 1375  3 (Moderate)  eslint:one-var                           scripts/verify/rules.mjs:68:3                                                  Combine this with the previous 'const' statement.                                                                                        
 1376  3 (Moderate)  eslint:no-magic-numbers                  scripts/verify/rules.mjs:71:26                                                 No magic number: 0.                                                                                                                      
 1377  3 (Moderate)  eslint:sort-keys                         scripts/verify/rules.mjs:78:22                                                 Expected object keys to be in ascending order. 'branches' should be before 'git'.                                                        
 1378  3 (Moderate)  eslint:sort-keys                         scripts/verify/rules.mjs:78:40                                                 Expected object keys to be in ascending order. 'listOn' should be before 'readOn'.                                                       
 1379  3 (Moderate)  eslint:sort-keys                         scripts/verify/rules.mjs:78:53                                                 Expected object keys to be in ascending order. 'currentBranch' should be before 'log'.                                                   
 1380  3 (Moderate)  eslint:id-length                         scripts/verify/rules.mjs:78:80                                                 Identifier name 'b' is too short (< 2).                                                                                                  
 1381  3 (Moderate)  eslint:one-var                           scripts/verify/rules.mjs:83:1                                                  Combine this with the previous 'const' statement.                                                                                        
 1382  3 (Moderate)  eslint:one-var                           scripts/verify/rules.mjs:84:1                                                  Combine this with the previous 'const' statement.                                                                                        
 1383  3 (Moderate)  eslint:one-var                           scripts/verify/rules.mjs:86:1                                                  Combine this with the previous 'const' statement.                                                                                        
 1384  3 (Moderate)  eslint:sort-keys                         scripts/verify/rules.mjs:86:39                                                 Expected object keys to be in ascending order. 'detail' should be before 'ok'.                                                           
 1385  3 (Moderate)  eslint:one-var                           scripts/verify/rules.mjs:87:1                                                  Combine this with the previous 'const' statement.                                                                                        
 1386  3 (Moderate)  eslint:sort-keys                         scripts/verify/rules.mjs:87:47                                                 Expected object keys to be in ascending order. 'detail' should be before 'ok'.                                                           
 1387  3 (Moderate)  eslint:func-style                        scripts/verify/rules.mjs:89:1                                                  Expected a function expression.                                                                                                          
 1388  3 (Moderate)  eslint:require-unicode-regexp            scripts/verify/rules.mjs:93:17                                                 Use the 'u' flag.                                                                                                                        
 1389  3 (Moderate)  eslint:require-unicode-regexp            scripts/verify/rules.mjs:94:86                                                 Use the 'u' flag.                                                                                                                        
 1390  3 (Moderate)  eslint:require-unicode-regexp            scripts/verify/rules.mjs:97:37                                                 Use the 'u' flag.                                                                                                                        
 1391  3 (Moderate)  eslint:func-style                        scripts/verify/rules.mjs:100:1                                                 Expected a function expression.                                                                                                          
 1392  3 (Moderate)  eslint:func-style                        scripts/verify/rules.mjs:104:1                                                 Expected a function expression.                                                                                                          
 1393  3 (Moderate)  eslint:one-var                           scripts/verify/rules.mjs:109:8                                                 Combine this with the previous 'const' statement.                                                                                        
 1394  3 (Moderate)  eslint:sort-keys                         scripts/verify/rules.mjs:112:27                                                Expected object keys to be in ascending order. 'lab' should be before 'level'.                                                           
 1395  3 (Moderate)  eslint:sort-keys                         scripts/verify/rules.mjs:112:35                                                Expected object keys to be in ascending order. 'auditable' should be before 'lab'.                                                       
 1396  3 (Moderate)  eslint:sort-keys                         scripts/verify/rules.mjs:114:5                                                 Expected object keys to be in ascending order. 'check' should be before 'title'.                                                         
 1397  3 (Moderate)  eslint:no-ternary                        scripts/verify/rules.mjs:116:14                                                Ternary operator used.                                                                                                                   
 1398  3 (Moderate)  eslint:sort-keys                         scripts/verify/rules.mjs:122:27                                                Expected object keys to be in ascending order. 'lab' should be before 'level'.                                                           
 1399  3 (Moderate)  eslint:sort-keys                         scripts/verify/rules.mjs:124:5                                                 Expected object keys to be in ascending order. 'check' should be before 'title'.                                                         
 1400  3 (Moderate)  eslint:one-var                           scripts/verify/rules.mjs:132:7                                                 Combine this with the previous 'const' statement.                                                                                        
 1401  3 (Moderate)  eslint:require-unicode-regexp            scripts/verify/rules.mjs:132:22                                                Use the 'u' flag.                                                                                                                        
 1402  3 (Moderate)  eslint:require-unicode-regexp            scripts/verify/rules.mjs:133:10                                                Use the 'u' flag.                                                                                                                        
 1403  3 (Moderate)  eslint:no-ternary                        scripts/verify/rules.mjs:134:14                                                Ternary operator used.                                                                                                                   
 1404  3 (Moderate)  eslint:sort-keys                         scripts/verify/rules.mjs:143:27                                                Expected object keys to be in ascending order. 'lab' should be before 'level'.                                                           
 1405  3 (Moderate)  eslint:sort-keys                         scripts/verify/rules.mjs:145:5                                                 Expected object keys to be in ascending order. 'check' should be before 'title'.                                                         
 1406  3 (Moderate)  eslint:no-ternary                        scripts/verify/rules.mjs:147:14                                                Ternary operator used.                                                                                                                   
 1407  3 (Moderate)  eslint:sort-keys                         scripts/verify/rules.mjs:153:27                                                Expected object keys to be in ascending order. 'lab' should be before 'level'.                                                           
 1408  3 (Moderate)  eslint:sort-keys                         scripts/verify/rules.mjs:155:5                                                 Expected object keys to be in ascending order. 'check' should be before 'title'.                                                         
 1409  3 (Moderate)  eslint:new-cap                           scripts/verify/rules.mjs:156:37                                                A function with a name starting with an uppercase letter should only be used as a constructor.                                           
 1410  3 (Moderate)  eslint:new-cap                           scripts/verify/rules.mjs:160:14                                                A function with a name starting with an uppercase letter should only be used as a constructor.                                           
 1411  3 (Moderate)  eslint:one-var                           scripts/verify/rules.mjs:163:7                                                 Combine this with the previous 'const' statement.                                                                                        
 1412  3 (Moderate)  eslint:new-cap                           scripts/verify/rules.mjs:163:36                                                A function with a name starting with an uppercase letter should only be used as a constructor.                                           
 1413  3 (Moderate)  eslint:no-ternary                        scripts/verify/rules.mjs:164:14                                                Ternary operator used.                                                                                                                   
 1414  3 (Moderate)  eslint:new-cap                           scripts/verify/rules.mjs:168:14                                                A function with a name starting with an uppercase letter should only be used as a constructor.                                           
 1415  3 (Moderate)  eslint:sort-keys                         scripts/verify/rules.mjs:173:27                                                Expected object keys to be in ascending order. 'lab' should be before 'level'.                                                           
 1416  3 (Moderate)  eslint:sort-keys                         scripts/verify/rules.mjs:175:5                                                 Expected object keys to be in ascending order. 'check' should be before 'title'.                                                         
 1417  3 (Moderate)  eslint:no-ternary                        scripts/verify/rules.mjs:177:14                                                Ternary operator used.                                                                                                                   
 1418  3 (Moderate)  eslint:sort-keys                         scripts/verify/rules.mjs:186:27                                                Expected object keys to be in ascending order. 'lab' should be before 'level'.                                                           
 1419  3 (Moderate)  eslint:sort-keys                         scripts/verify/rules.mjs:188:5                                                 Expected object keys to be in ascending order. 'check' should be before 'title'.                                                         
 1420  3 (Moderate)  eslint:new-cap                           scripts/verify/rules.mjs:189:37                                                A function with a name starting with an uppercase letter should only be used as a constructor.                                           
 1421  3 (Moderate)  eslint:one-var                           scripts/verify/rules.mjs:193:7                                                 Combine this with the previous 'const' statement.                                                                                        
 1422  3 (Moderate)  eslint:no-negated-condition              scripts/verify/rules.mjs:194:14                                                Unexpected negated condition.                                                                                                            
 1423  3 (Moderate)  eslint:no-ternary                        scripts/verify/rules.mjs:194:14                                                Ternary operator used.                                                                                                                   
 1424  3 (Moderate)  eslint:require-unicode-regexp            scripts/verify/rules.mjs:194:15                                                Use the 'u' flag.                                                                                                                        
 1425  3 (Moderate)  eslint:sort-keys                         scripts/verify/rules.mjs:203:27                                                Expected object keys to be in ascending order. 'lab' should be before 'level'.                                                           
 1426  3 (Moderate)  eslint:sort-keys                         scripts/verify/rules.mjs:205:5                                                 Expected object keys to be in ascending order. 'check' should be before 'title'.                                                         
 1427  3 (Moderate)  eslint:new-cap                           scripts/verify/rules.mjs:206:37                                                A function with a name starting with an uppercase letter should only be used as a constructor.                                           
 1428  3 (Moderate)  eslint:new-cap                           scripts/verify/rules.mjs:210:14                                                A function with a name starting with an uppercase letter should only be used as a constructor.                                           
 1429  3 (Moderate)  eslint:one-var                           scripts/verify/rules.mjs:213:7                                                 Combine this with the previous 'const' statement.                                                                                        
 1430  3 (Moderate)  eslint:one-var                           scripts/verify/rules.mjs:214:7                                                 Combine this with the previous 'const' statement.                                                                                        
 1431  3 (Moderate)  eslint:id-length                         scripts/verify/rules.mjs:214:35                                                Identifier name 'v' is too short (< 2).                                                                                                  
 1432  3 (Moderate)  eslint:require-unicode-regexp            scripts/verify/rules.mjs:214:41                                                Use the 'u' flag.                                                                                                                        
 1433  3 (Moderate)  eslint:one-var                           scripts/verify/rules.mjs:221:7                                                 Combine this with the previous 'const' statement.                                                                                        
 1434  3 (Moderate)  eslint:new-cap                           scripts/verify/rules.mjs:221:36                                                A function with a name starting with an uppercase letter should only be used as a constructor.                                           
 1435  3 (Moderate)  eslint:no-ternary                        scripts/verify/rules.mjs:222:14                                                Ternary operator used.                                                                                                                   
 1436  3 (Moderate)  eslint:new-cap                           scripts/verify/rules.mjs:226:14                                                A function with a name starting with an uppercase letter should only be used as a constructor.                                           
 1437  3 (Moderate)  eslint:sort-keys                         scripts/verify/rules.mjs:233:27                                                Expected object keys to be in ascending order. 'lab' should be before 'level'.                                                           
 1438  3 (Moderate)  eslint:sort-keys                         scripts/verify/rules.mjs:233:35                                                Expected object keys to be in ascending order. 'auditable' should be before 'lab'.                                                       
 1439  3 (Moderate)  eslint:sort-keys                         scripts/verify/rules.mjs:235:5                                                 Expected object keys to be in ascending order. 'check' should be before 'title'.                                                         
 1440  3 (Moderate)  eslint:no-ternary                        scripts/verify/rules.mjs:237:14                                                Ternary operator used.                                                                                                                   
 1441  3 (Moderate)  eslint:sort-keys                         scripts/verify/rules.mjs:246:27                                                Expected object keys to be in ascending order. 'lab' should be before 'level'.                                                           
 1442  3 (Moderate)  eslint:sort-keys                         scripts/verify/rules.mjs:248:5                                                 Expected object keys to be in ascending order. 'check' should be before 'title'.                                                         
 1443  3 (Moderate)  eslint:require-unicode-regexp            scripts/verify/rules.mjs:250:11                                                Use the 'u' flag.                                                                                                                        
 1444  3 (Moderate)  eslint:one-var                           scripts/verify/rules.mjs:256:7                                                 Combine this with the previous 'const' statement.                                                                                        
 1445  3 (Moderate)  eslint:new-cap                           scripts/verify/rules.mjs:256:37                                                A function with a name starting with an uppercase letter should only be used as a constructor.                                           
 1446  3 (Moderate)  eslint:new-cap                           scripts/verify/rules.mjs:260:14                                                A function with a name starting with an uppercase letter should only be used as a constructor.                                           
 1447  3 (Moderate)  eslint:one-var                           scripts/verify/rules.mjs:263:7                                                 Combine this with the previous 'const' statement.                                                                                        
 1448  3 (Moderate)  eslint:no-ternary                        scripts/verify/rules.mjs:264:14                                                Ternary operator used.                                                                                                                   
 1449  3 (Moderate)  eslint:id-length                         scripts/verify/rules.mjs:264:26                                                Identifier name 'f' is too short (< 2).                                                                                                  
 1450  3 (Moderate)  eslint:require-unicode-regexp            scripts/verify/rules.mjs:264:32                                                Use the 'u' flag.                                                                                                                        
 1451  3 (Moderate)  eslint:sort-keys                         scripts/verify/rules.mjs:273:27                                                Expected object keys to be in ascending order. 'lab' should be before 'level'.                                                           
 1452  3 (Moderate)  eslint:sort-keys                         scripts/verify/rules.mjs:275:5                                                 Expected object keys to be in ascending order. 'check' should be before 'title'.                                                         
 1453  3 (Moderate)  eslint:new-cap                           scripts/verify/rules.mjs:276:37                                                A function with a name starting with an uppercase letter should only be used as a constructor.                                           
 1454  3 (Moderate)  eslint:require-unicode-regexp            scripts/verify/rules.mjs:277:12                                                Use the 'u' flag.                                                                                                                        
 1455  3 (Moderate)  eslint:new-cap                           scripts/verify/rules.mjs:280:14                                                A function with a name starting with an uppercase letter should only be used as a constructor.                                           
 1456  3 (Moderate)  eslint:one-var                           scripts/verify/rules.mjs:283:7                                                 Combine this with the previous 'const' statement.                                                                                        
 1457  3 (Moderate)  eslint:one-var                           scripts/verify/rules.mjs:284:7                                                 Combine this with the previous 'const' statement.                                                                                        
 1458  3 (Moderate)  eslint:id-length                         scripts/verify/rules.mjs:284:38                                                Identifier name 'f' is too short (< 2).                                                                                                  
 1459  3 (Moderate)  eslint:require-unicode-regexp            scripts/verify/rules.mjs:286:16                                                Use the 'u' flag.                                                                                                                        
 1460  3 (Moderate)  eslint:require-unicode-regexp            scripts/verify/rules.mjs:286:83                                                Use the 'u' flag.                                                                                                                        
 1461  3 (Moderate)  eslint:no-ternary                        scripts/verify/rules.mjs:288:14                                                Ternary operator used.                                                                                                                   
 1462  3 (Moderate)  eslint:sort-keys                         scripts/verify/rules.mjs:297:27                                                Expected object keys to be in ascending order. 'lab' should be before 'level'.                                                           
 1463  3 (Moderate)  eslint:sort-keys                         scripts/verify/rules.mjs:299:5                                                 Expected object keys to be in ascending order. 'check' should be before 'title'.                                                         
 1464  3 (Moderate)  eslint:max-lines                         scripts/verify/rules.mjs:301:1                                                 File has too many lines (659). Maximum allowed is 300.                                                                                   
 1465  3 (Moderate)  eslint:id-length                         scripts/verify/rules.mjs:301:29                                                Identifier name 'f' is too short (< 2).                                                                                                  
 1466  3 (Moderate)  eslint:require-unicode-regexp            scripts/verify/rules.mjs:301:35                                                Use the 'u' flag.                                                                                                                        
 1467  3 (Moderate)  eslint:one-var                           scripts/verify/rules.mjs:307:7                                                 Combine this with the previous 'const' statement.                                                                                        
 1468  3 (Moderate)  eslint:one-var                           scripts/verify/rules.mjs:308:7                                                 Combine this with the previous 'const' statement.                                                                                        
 1469  3 (Moderate)  eslint:id-length                         scripts/verify/rules.mjs:308:37                                                Identifier name 'f' is too short (< 2).                                                                                                  
 1470  3 (Moderate)  eslint:one-var                           scripts/verify/rules.mjs:309:7                                                 Combine this with the previous 'const' statement.                                                                                        
 1471  3 (Moderate)  eslint:require-unicode-regexp            scripts/verify/rules.mjs:309:23                                                Use the 'u' flag.                                                                                                                        
 1472  3 (Moderate)  eslint:one-var                           scripts/verify/rules.mjs:310:7                                                 Combine this with the previous 'const' statement.                                                                                        
 1473  3 (Moderate)  eslint:require-unicode-regexp            scripts/verify/rules.mjs:310:27                                                Use the 'u' flag.                                                                                                                        
 1474  3 (Moderate)  eslint:one-var                           scripts/verify/rules.mjs:311:7                                                 Combine this with the previous 'const' statement.                                                                                        
 1475  3 (Moderate)  eslint:require-unicode-regexp            scripts/verify/rules.mjs:311:25                                                Use the 'u' flag.                                                                                                                        
 1476  3 (Moderate)  eslint:one-var                           scripts/verify/rules.mjs:312:7                                                 Combine this with the previous 'const' statement.                                                                                        
 1477  3 (Moderate)  eslint:no-negated-condition              scripts/verify/rules.mjs:313:9                                                 Unexpected negated condition.                                                                                                            
 1478  3 (Moderate)  eslint:no-ternary                        scripts/verify/rules.mjs:313:9                                                 Ternary operator used.                                                                                                                   
 1479  3 (Moderate)  eslint:no-negated-condition              scripts/verify/rules.mjs:314:9                                                 Unexpected negated condition.                                                                                                            
 1480  3 (Moderate)  eslint:no-ternary                        scripts/verify/rules.mjs:314:9                                                 Ternary operator used.                                                                                                                   
 1481  3 (Moderate)  eslint:no-negated-condition              scripts/verify/rules.mjs:315:9                                                 Unexpected negated condition.                                                                                                            
 1482  3 (Moderate)  eslint:no-ternary                        scripts/verify/rules.mjs:315:9                                                 Ternary operator used.                                                                                                                   
 1483  3 (Moderate)  eslint:no-ternary                        scripts/verify/rules.mjs:317:14                                                Ternary operator used.                                                                                                                   
 1484  3 (Moderate)  eslint:no-magic-numbers                  scripts/verify/rules.mjs:317:33                                                No magic number: 0.                                                                                                                      
 1485  3 (Moderate)  eslint:sort-keys                         scripts/verify/rules.mjs:326:27                                                Expected object keys to be in ascending order. 'lab' should be before 'level'.                                                           
 1486  3 (Moderate)  eslint:sort-keys                         scripts/verify/rules.mjs:328:5                                                 Expected object keys to be in ascending order. 'check' should be before 'title'.                                                         
 1487  3 (Moderate)  eslint:require-unicode-regexp            scripts/verify/rules.mjs:330:12                                                Use the 'u' flag.                                                                                                                        
 1488  3 (Moderate)  eslint:capitalized-comments              scripts/verify/rules.mjs:337:7                                                 Comments should not begin with a lowercase character.                                                                                    
 1489  3 (Moderate)  eslint:capitalized-comments              scripts/verify/rules.mjs:338:7                                                 Comments should not begin with a lowercase character.                                                                                    
 1490  3 (Moderate)  eslint:require-unicode-regexp            scripts/verify/rules.mjs:339:12                                                Use the 'u' flag.                                                                                                                        
 1491  3 (Moderate)  eslint:one-var                           scripts/verify/rules.mjs:345:7                                                 Combine this with the previous 'const' statement.                                                                                        
 1492  3 (Moderate)  eslint:no-ternary                        scripts/verify/rules.mjs:346:14                                                Ternary operator used.                                                                                                                   
 1493  3 (Moderate)  eslint:require-unicode-regexp            scripts/verify/rules.mjs:346:14                                                Use the 'u' flag.                                                                                                                        
 1494  3 (Moderate)  eslint:require-unicode-regexp            scripts/verify/rules.mjs:346:44                                                Use the 'u' flag.                                                                                                                        
 1495  3 (Moderate)  eslint:sort-keys                         scripts/verify/rules.mjs:355:27                                                Expected object keys to be in ascending order. 'lab' should be before 'level'.                                                           
 1496  3 (Moderate)  eslint:sort-keys                         scripts/verify/rules.mjs:357:5                                                 Expected object keys to be in ascending order. 'check' should be before 'title'.                                                         
 1497  3 (Moderate)  eslint:new-cap                           scripts/verify/rules.mjs:358:36                                                A function with a name starting with an uppercase letter should only be used as a constructor.                                           
 1498  3 (Moderate)  eslint:new-cap                           scripts/verify/rules.mjs:360:59                                                A function with a name starting with an uppercase letter should only be used as a constructor.                                           
 1499  3 (Moderate)  eslint:new-cap                           scripts/verify/rules.mjs:365:14                                                A function with a name starting with an uppercase letter should only be used as a constructor.                                           
 1500  3 (Moderate)  eslint:one-var                           scripts/verify/rules.mjs:368:7                                                 Combine this with the previous 'const' statement.                                                                                        
 1501  3 (Moderate)  eslint:no-ternary                        scripts/verify/rules.mjs:369:14                                                Ternary operator used.                                                                                                                   
 1502  3 (Moderate)  eslint:no-magic-numbers                  scripts/verify/rules.mjs:369:34                                                No magic number: 0.                                                                                                                      
 1503  3 (Moderate)  eslint:sort-keys                         scripts/verify/rules.mjs:378:27                                                Expected object keys to be in ascending order. 'lab' should be before 'level'.                                                           
 1504  3 (Moderate)  eslint:sort-keys                         scripts/verify/rules.mjs:380:5                                                 Expected object keys to be in ascending order. 'check' should be before 'title'.                                                         
 1505  3 (Moderate)  eslint:max-statements                    scripts/verify/rules.mjs:380:12                                                Method 'check' has too many statements (11). Maximum allowed is 10.                                                                      
 1506  3 (Moderate)  eslint:one-var                           scripts/verify/rules.mjs:382:7                                                 Combine this with the previous 'const' statement.                                                                                        
 1507  3 (Moderate)  eslint:id-length                         scripts/verify/rules.mjs:382:34                                                Identifier name 'f' is too short (< 2).                                                                                                  
 1508  3 (Moderate)  eslint:require-unicode-regexp            scripts/verify/rules.mjs:382:40                                                Use the 'u' flag.                                                                                                                        
 1509  3 (Moderate)  eslint:one-var                           scripts/verify/rules.mjs:386:7                                                 Combine this with the previous 'const' statement.                                                                                        
 1510  3 (Moderate)  eslint:require-unicode-regexp            scripts/verify/rules.mjs:387:11                                                Use the 'u' flag.                                                                                                                        
 1511  3 (Moderate)  eslint:one-var                           scripts/verify/rules.mjs:393:7                                                 Combine this with the previous 'const' statement.                                                                                        
 1512  3 (Moderate)  eslint:require-unicode-regexp            scripts/verify/rules.mjs:393:22                                                Use the 'u' flag.                                                                                                                        
 1513  3 (Moderate)  eslint:one-var                           scripts/verify/rules.mjs:394:7                                                 Combine this with the previous 'const' statement.                                                                                        
 1514  3 (Moderate)  eslint:new-cap                           scripts/verify/rules.mjs:394:39                                                A function with a name starting with an uppercase letter should only be used as a constructor.                                           
 1515  3 (Moderate)  eslint:one-var                           scripts/verify/rules.mjs:395:7                                                 Combine this with the previous 'const' statement.                                                                                        
 1516  3 (Moderate)  eslint:require-unicode-regexp            scripts/verify/rules.mjs:395:34                                                Use the 'u' flag.                                                                                                                        
 1517  3 (Moderate)  eslint:no-ternary                        scripts/verify/rules.mjs:396:14                                                Ternary operator used.                                                                                                                   
 1518  3 (Moderate)  eslint:sort-keys                         scripts/verify/rules.mjs:405:27                                                Expected object keys to be in ascending order. 'lab' should be before 'level'.                                                           
 1519  3 (Moderate)  eslint:sort-keys                         scripts/verify/rules.mjs:405:35                                                Expected object keys to be in ascending order. 'auditable' should be before 'lab'.                                                       
 1520  3 (Moderate)  eslint:sort-keys                         scripts/verify/rules.mjs:407:5                                                 Expected object keys to be in ascending order. 'check' should be before 'title'.                                                         
 1521  3 (Moderate)  eslint:one-var                           scripts/verify/rules.mjs:415:7                                                 Combine this with the previous 'const' statement.                                                                                        
 1522  3 (Moderate)  eslint:id-length                         scripts/verify/rules.mjs:415:72                                                Identifier name 'f' is too short (< 2).                                                                                                  
 1523  3 (Moderate)  eslint:prefer-named-capture-group        scripts/verify/rules.mjs:416:9                                                 Capture group '(profiles|settings|standardValueSets|objectTranslations|networks)' should be converted to a named or non-capturing group. 
 1524  3 (Moderate)  eslint:require-unicode-regexp            scripts/verify/rules.mjs:416:9                                                 Use the 'u' flag.                                                                                                                        
 1525  3 (Moderate)  eslint:no-ternary                        scripts/verify/rules.mjs:418:14                                                Ternary operator used.                                                                                                                   
 1526  3 (Moderate)  eslint:no-magic-numbers                  scripts/verify/rules.mjs:418:31                                                No magic number: 0.                                                                                                                      
 1527  3 (Moderate)  eslint:no-magic-numbers                  scripts/verify/rules.mjs:421:108                                               No magic number: 0.                                                                                                                      
 1528  3 (Moderate)  eslint:no-magic-numbers                  scripts/verify/rules.mjs:421:111                                               No magic number: 3.                                                                                                                      
 1529  3 (Moderate)  eslint:sort-keys                         scripts/verify/rules.mjs:427:27                                                Expected object keys to be in ascending order. 'lab' should be before 'level'.                                                           
 1530  3 (Moderate)  eslint:sort-keys                         scripts/verify/rules.mjs:429:5                                                 Expected object keys to be in ascending order. 'check' should be before 'title'.                                                         
 1531  3 (Moderate)  eslint:id-length                         scripts/verify/rules.mjs:431:26                                                Identifier name 'f' is too short (< 2).                                                                                                  
 1532  3 (Moderate)  eslint:require-unicode-regexp            scripts/verify/rules.mjs:431:32                                                Use the 'u' flag.                                                                                                                        
 1533  3 (Moderate)  eslint:one-var                           scripts/verify/rules.mjs:437:7                                                 Combine this with the previous 'const' statement.                                                                                        
 1534  3 (Moderate)  eslint:id-length                         scripts/verify/rules.mjs:438:29                                                Identifier name 'f' is too short (< 2).                                                                                                  
 1535  3 (Moderate)  eslint:require-unicode-regexp            scripts/verify/rules.mjs:438:35                                                Use the 'u' flag.                                                                                                                        
 1536  3 (Moderate)  eslint:one-var                           scripts/verify/rules.mjs:444:7                                                 Combine this with the previous 'const' statement.                                                                                        
 1537  3 (Moderate)  eslint:no-ternary                        scripts/verify/rules.mjs:445:14                                                Ternary operator used.                                                                                                                   
 1538  3 (Moderate)  eslint:id-length                         scripts/verify/rules.mjs:445:26                                                Identifier name 'f' is too short (< 2).                                                                                                  
 1539  3 (Moderate)  eslint:require-unicode-regexp            scripts/verify/rules.mjs:445:32                                                Use the 'u' flag.                                                                                                                        
 1540  3 (Moderate)  eslint:sort-keys                         scripts/verify/rules.mjs:453:27                                                Expected object keys to be in ascending order. 'lab' should be before 'level'.                                                           
 1541  3 (Moderate)  eslint:sort-keys                         scripts/verify/rules.mjs:455:5                                                 Expected object keys to be in ascending order. 'check' should be before 'title'.                                                         
 1542  3 (Moderate)  eslint:max-statements                    scripts/verify/rules.mjs:455:12                                                Method 'check' has too many statements (11). Maximum allowed is 10.                                                                      
 1543  3 (Moderate)  eslint:id-length                         scripts/verify/rules.mjs:456:55                                                Identifier name 'b' is too short (< 2).                                                                                                  
 1544  3 (Moderate)  eslint:no-magic-numbers                  scripts/verify/rules.mjs:457:36                                                No magic number: 0.                                                                                                                      
 1545  3 (Moderate)  eslint:one-var                           scripts/verify/rules.mjs:460:7                                                 Combine this with the previous 'const' statement.                                                                                        
 1546  3 (Moderate)  eslint:one-var                           scripts/verify/rules.mjs:461:7                                                 Combine this with the previous 'const' statement.                                                                                        
 1547  3 (Moderate)  eslint:require-unicode-regexp            scripts/verify/rules.mjs:461:24                                                Use the 'u' flag.                                                                                                                        
 1548  3 (Moderate)  eslint:require-unicode-regexp            scripts/verify/rules.mjs:462:9                                                 Use the 'u' flag.                                                                                                                        
 1549  3 (Moderate)  eslint:one-var                           scripts/verify/rules.mjs:469:7                                                 Combine this with the previous 'const' statement.                                                                                        
 1550  3 (Moderate)  eslint:one-var                           scripts/verify/rules.mjs:470:7                                                 Combine this with the previous 'const' statement.                                                                                        
 1551  3 (Moderate)  eslint:id-length                         scripts/verify/rules.mjs:470:37                                                Identifier name 'f' is too short (< 2).                                                                                                  
 1552  3 (Moderate)  eslint:require-unicode-regexp            scripts/verify/rules.mjs:470:43                                                Use the 'u' flag.                                                                                                                        
 1553  3 (Moderate)  eslint:one-var                           scripts/verify/rules.mjs:471:7                                                 Combine this with the previous 'const' statement.                                                                                        
 1554  3 (Moderate)  eslint:id-length                         scripts/verify/rules.mjs:471:38                                                Identifier name 'f' is too short (< 2).                                                                                                  
 1555  3 (Moderate)  eslint:require-unicode-regexp            scripts/verify/rules.mjs:471:44                                                Use the 'u' flag.                                                                                                                        
 1556  3 (Moderate)  eslint:no-ternary                        scripts/verify/rules.mjs:472:14                                                Ternary operator used.                                                                                                                   
 1557  3 (Moderate)  eslint:no-negated-condition              scripts/verify/rules.mjs:475:45                                                Unexpected negated condition.                                                                                                            
 1558  3 (Moderate)  eslint:no-ternary                        scripts/verify/rules.mjs:475:45                                                Ternary operator used.                                                                                                                   
 1559  3 (Moderate)  eslint:no-negated-condition              scripts/verify/rules.mjs:475:70                                                Unexpected negated condition.                                                                                                            
 1560  3 (Moderate)  eslint:no-ternary                        scripts/verify/rules.mjs:475:70                                                Ternary operator used.                                                                                                                   
 1561  3 (Moderate)  eslint:sort-keys                         scripts/verify/rules.mjs:481:27                                                Expected object keys to be in ascending order. 'lab' should be before 'level'.                                                           
 1562  3 (Moderate)  eslint:sort-keys                         scripts/verify/rules.mjs:483:5                                                 Expected object keys to be in ascending order. 'check' should be before 'title'.                                                         
 1563  3 (Moderate)  eslint:max-statements                    scripts/verify/rules.mjs:483:12                                                Method 'check' has too many statements (12). Maximum allowed is 10.                                                                      
 1564  3 (Moderate)  eslint:one-var                           scripts/verify/rules.mjs:485:7                                                 Combine this with the previous 'const' statement.                                                                                        
 1565  3 (Moderate)  eslint:id-length                         scripts/verify/rules.mjs:486:18                                                Identifier name 'b' is too short (< 2).                                                                                                  
 1566  3 (Moderate)  eslint:one-var                           scripts/verify/rules.mjs:489:9                                                 Combine this with the previous 'const' statement.                                                                                        
 1567  3 (Moderate)  eslint:require-unicode-regexp            scripts/verify/rules.mjs:489:25                                                Use the 'u' flag.                                                                                                                        
 1568  3 (Moderate)  eslint:one-var                           scripts/verify/rules.mjs:490:9                                                 Combine this with the previous 'const' statement.                                                                                        
 1569  3 (Moderate)  eslint:require-unicode-regexp            scripts/verify/rules.mjs:490:24                                                Use the 'u' flag.                                                                                                                        
 1570  3 (Moderate)  eslint:no-magic-numbers                  scripts/verify/rules.mjs:495:34                                                No magic number: 0.                                                                                                                      
 1571  3 (Moderate)  eslint:one-var                           scripts/verify/rules.mjs:501:7                                                 Combine this with the previous 'const' statement.                                                                                        
 1572  3 (Moderate)  eslint:no-ternary                        scripts/verify/rules.mjs:502:14                                                Ternary operator used.                                                                                                                   
 1573  3 (Moderate)  eslint:sort-keys                         scripts/verify/rules.mjs:511:27                                                Expected object keys to be in ascending order. 'lab' should be before 'level'.                                                           
 1574  3 (Moderate)  eslint:sort-keys                         scripts/verify/rules.mjs:513:5                                                 Expected object keys to be in ascending order. 'check' should be before 'title'.                                                         
 1575  3 (Moderate)  eslint:one-var                           scripts/verify/rules.mjs:518:7                                                 Combine this with the previous 'const' statement.                                                                                        
 1576  3 (Moderate)  eslint:one-var                           scripts/verify/rules.mjs:519:7                                                 Combine this with the previous 'const' statement.                                                                                        
 1577  3 (Moderate)  eslint:id-length                         scripts/verify/rules.mjs:519:34                                                Identifier name 'f' is too short (< 2).                                                                                                  
 1578  3 (Moderate)  eslint:require-unicode-regexp            scripts/verify/rules.mjs:519:40                                                Use the 'u' flag.                                                                                                                        
 1579  3 (Moderate)  eslint:one-var                           scripts/verify/rules.mjs:520:7                                                 Combine this with the previous 'const' statement.                                                                                        
 1580  3 (Moderate)  eslint:no-ternary                        scripts/verify/rules.mjs:520:20                                                Ternary operator used.                                                                                                                   
 1581  3 (Moderate)  eslint:no-ternary                        scripts/verify/rules.mjs:521:14                                                Ternary operator used.                                                                                                                   
 1582  3 (Moderate)  eslint:require-unicode-regexp            scripts/verify/rules.mjs:521:14                                                Use the 'u' flag.                                                                                                                        
 1583  3 (Moderate)  eslint:sort-keys                         scripts/verify/rules.mjs:527:27                                                Expected object keys to be in ascending order. 'lab' should be before 'level'.                                                           
 1584  3 (Moderate)  eslint:sort-keys                         scripts/verify/rules.mjs:527:35                                                Expected object keys to be in ascending order. 'auditable' should be before 'lab'.                                                       
 1585  3 (Moderate)  eslint:sort-keys                         scripts/verify/rules.mjs:529:5                                                 Expected object keys to be in ascending order. 'check' should be before 'title'.                                                         
 1586  3 (Moderate)  eslint:no-ternary                        scripts/verify/rules.mjs:531:14                                                Ternary operator used.                                                                                                                   
 1587  3 (Moderate)  eslint:sort-keys                         scripts/verify/rules.mjs:537:27                                                Expected object keys to be in ascending order. 'lab' should be before 'level'.                                                           
 1588  3 (Moderate)  eslint:sort-keys                         scripts/verify/rules.mjs:539:5                                                 Expected object keys to be in ascending order. 'check' should be before 'title'.                                                         
 1589  3 (Moderate)  eslint:one-var                           scripts/verify/rules.mjs:541:7                                                 Combine this with the previous 'const' statement.                                                                                        
 1590  3 (Moderate)  eslint:no-magic-numbers                  scripts/verify/rules.mjs:542:28                                                No magic number: 0.                                                                                                                      
 1591  3 (Moderate)  eslint:one-var                           scripts/verify/rules.mjs:545:7                                                 Combine this with the previous 'const' statement.                                                                                        
 1592  3 (Moderate)  eslint:new-cap                           scripts/verify/rules.mjs:545:39                                                A function with a name starting with an uppercase letter should only be used as a constructor.                                           
 1593  3 (Moderate)  eslint:no-negated-condition              scripts/verify/rules.mjs:546:14                                                Unexpected negated condition.                                                                                                            
 1594  3 (Moderate)  eslint:no-ternary                        scripts/verify/rules.mjs:546:14                                                Ternary operator used.                                                                                                                   
 1595  3 (Moderate)  eslint:require-unicode-regexp            scripts/verify/rules.mjs:546:15                                                Use the 'u' flag.                                                                                                                        
 1596  3 (Moderate)  eslint:new-cap                           scripts/verify/rules.mjs:548:78                                                A function with a name starting with an uppercase letter should only be used as a constructor.                                           
 1597  3 (Moderate)  eslint:sort-keys                         scripts/verify/rules.mjs:552:27                                                Expected object keys to be in ascending order. 'lab' should be before 'level'.                                                           
 1598  3 (Moderate)  eslint:sort-keys                         scripts/verify/rules.mjs:554:5                                                 Expected object keys to be in ascending order. 'check' should be before 'title'.                                                         
 1599  3 (Moderate)  eslint:new-cap                           scripts/verify/rules.mjs:558:39                                                A function with a name starting with an uppercase letter should only be used as a constructor.                                           
 1600  3 (Moderate)  eslint:no-ternary                        scripts/verify/rules.mjs:559:14                                                Ternary operator used.                                                                                                                   
 1601  3 (Moderate)  eslint:new-cap                           scripts/verify/rules.mjs:563:14                                                A function with a name starting with an uppercase letter should only be used as a constructor.                                           
 1602  3 (Moderate)  eslint:sort-keys                         scripts/verify/rules.mjs:568:27                                                Expected object keys to be in ascending order. 'lab' should be before 'level'.                                                           
 1603  3 (Moderate)  eslint:sort-keys                         scripts/verify/rules.mjs:570:5                                                 Expected object keys to be in ascending order. 'check' should be before 'title'.                                                         
 1604  3 (Moderate)  eslint:new-cap                           scripts/verify/rules.mjs:574:40                                                A function with a name starting with an uppercase letter should only be used as a constructor.                                           
 1605  3 (Moderate)  eslint:new-cap                           scripts/verify/rules.mjs:578:14                                                A function with a name starting with an uppercase letter should only be used as a constructor.                                           
 1606  3 (Moderate)  eslint:one-var                           scripts/verify/rules.mjs:581:7                                                 Combine this with the previous 'const' statement.                                                                                        
 1607  3 (Moderate)  eslint:no-ternary                        scripts/verify/rules.mjs:582:14                                                Ternary operator used.                                                                                                                   
 1608  3 (Moderate)  eslint:sort-keys                         scripts/verify/rules.mjs:588:27                                                Expected object keys to be in ascending order. 'lab' should be before 'level'.                                                           
 1609  3 (Moderate)  eslint:sort-keys                         scripts/verify/rules.mjs:590:5                                                 Expected object keys to be in ascending order. 'check' should be before 'title'.                                                         
 1610  3 (Moderate)  eslint:new-cap                           scripts/verify/rules.mjs:591:41                                                A function with a name starting with an uppercase letter should only be used as a constructor.                                           
 1611  3 (Moderate)  eslint:one-var                           scripts/verify/rules.mjs:592:7                                                 Combine this with the previous 'const' statement.                                                                                        
 1612  3 (Moderate)  eslint:require-unicode-regexp            scripts/verify/rules.mjs:592:27                                                Use the 'u' flag.                                                                                                                        
 1613  3 (Moderate)  eslint:new-cap                           scripts/verify/rules.mjs:596:14                                                A function with a name starting with an uppercase letter should only be used as a constructor.                                           
 1614  3 (Moderate)  eslint:one-var                           scripts/verify/rules.mjs:599:7                                                 Combine this with the previous 'const' statement.                                                                                        
 1615  3 (Moderate)  eslint:no-ternary                        scripts/verify/rules.mjs:600:14                                                Ternary operator used.                                                                                                                   
 1616  3 (Moderate)  eslint:sort-keys                         scripts/verify/rules.mjs:606:27                                                Expected object keys to be in ascending order. 'lab' should be before 'level'.                                                           
 1617  3 (Moderate)  eslint:sort-keys                         scripts/verify/rules.mjs:608:5                                                 Expected object keys to be in ascending order. 'check' should be before 'title'.                                                         
 1618  3 (Moderate)  eslint:one-var                           scripts/verify/rules.mjs:610:7                                                 Combine this with the previous 'const' statement.                                                                                        
 1619  3 (Moderate)  eslint:require-unicode-regexp            scripts/verify/rules.mjs:610:31                                                Use the 'u' flag.                                                                                                                        
 1620  3 (Moderate)  eslint:no-ternary                        scripts/verify/rules.mjs:611:14                                                Ternary operator used.                                                                                                                   
 1621  3 (Moderate)  eslint:no-magic-numbers                  scripts/verify/rules.mjs:612:55                                                No magic number: 0.                                                                                                                      
 1622  3 (Moderate)  eslint:sort-keys                         scripts/verify/rules.mjs:620:27                                                Expected object keys to be in ascending order. 'lab' should be before 'level'.                                                           
 1623  3 (Moderate)  eslint:sort-keys                         scripts/verify/rules.mjs:622:5                                                 Expected object keys to be in ascending order. 'check' should be before 'title'.                                                         
 1624  3 (Moderate)  eslint:one-var                           scripts/verify/rules.mjs:624:7                                                 Combine this with the previous 'const' statement.                                                                                        
 1625  3 (Moderate)  eslint:id-length                         scripts/verify/rules.mjs:624:40                                                Identifier name 'f' is too short (< 2).                                                                                                  
 1626  3 (Moderate)  eslint:require-unicode-regexp            scripts/verify/rules.mjs:624:46                                                Use the 'u' flag.                                                                                                                        
 1627  3 (Moderate)  eslint:no-ternary                        scripts/verify/rules.mjs:625:14                                                Ternary operator used.                                                                                                                   
 1628  3 (Moderate)  eslint:no-magic-numbers                  scripts/verify/rules.mjs:625:35                                                No magic number: 0.                                                                                                                      
 1629  3 (Moderate)  eslint:sort-keys                         scripts/verify/rules.mjs:634:27                                                Expected object keys to be in ascending order. 'lab' should be before 'level'.                                                           
 1630  3 (Moderate)  eslint:sort-keys                         scripts/verify/rules.mjs:636:5                                                 Expected object keys to be in ascending order. 'check' should be before 'title'.                                                         
 1631  3 (Moderate)  eslint:one-var                           scripts/verify/rules.mjs:638:7                                                 Combine this with the previous 'const' statement.                                                                                        
 1632  3 (Moderate)  eslint:require-unicode-regexp            scripts/verify/rules.mjs:638:26                                                Use the 'u' flag.                                                                                                                        
 1633  3 (Moderate)  eslint:one-var                           scripts/verify/rules.mjs:639:7                                                 Combine this with the previous 'const' statement.                                                                                        
 1634  3 (Moderate)  eslint:new-cap                           scripts/verify/rules.mjs:639:54                                                A function with a name starting with an uppercase letter should only be used as a constructor.                                           
 1635  3 (Moderate)  eslint:new-cap                           scripts/verify/rules.mjs:643:14                                                A function with a name starting with an uppercase letter should only be used as a constructor.                                           
 1636  3 (Moderate)  eslint:no-ternary                        scripts/verify/rules.mjs:646:14                                                Ternary operator used.                                                                                                                   
 1637  3 (Moderate)  eslint:func-style                        scripts/verify/rules.mjs:653:8                                                 Expected a function expression.                                                                                                          
 1638  3 (Moderate)  eslint:id-length                         scripts/verify/rules.mjs:654:24                                                Identifier name 'r' is too short (< 2).                                                                                                  
 1639  3 (Moderate)  eslint:func-style                        scripts/verify/rules.mjs:657:8                                                 Expected a function expression.                                                                                                          
 1640  3 (Moderate)  eslint:id-length                         scripts/verify/rules.mjs:658:22                                                Identifier name 'r' is too short (< 2).                                                                                                  



=== Summary

Found 1640 violation(s) across 22 file(s):
    9 High severity violation(s) found.
    1631 Moderate severity violation(s) found.

Results written to:
    megalinter-reports/code-analyzer-report-aura.csv

Additional log information written to:
    /tmp/sfca-2026_09_16_00_40_22_255.log
Error (ThresholdExceeded): 1640 violations met or exceeded the severity threshold of "Moderate".



